osoba_id,zasedani,pdf_strana,pasaz,priorita_rejstriku,zdroj_id
marek-lahoda,Z9/01,2,"Vít Prýgl Ing. Daniel Struž, MBA KDU-ČSL a Starostové – předseda JUDr. Michal Marek Mgr. Petr Hladík Bc. Jakub Hruška RNDr. Filip Chvátal, Ph.D. Mgr. Jitka Ivičičová Mgr. Filip Leder Mgr. Martin Maleček JUDr. Irena Matonohová Mgr. Jaroslav Suchý Radomír Vondra SPD a Trikolora – předseda doc. MUDr. Tomáš Skřička, CSc. Mgr. Bc. Tomáš Anderle, MBA, LL.M. Mgr. Bc. Blanka Borovská Bc. Jiří Kment Petr Levíček, MBA Leoš Prokeš, MBA Piráti – předseda Mgr. Marek Lahoda Bc. Tomáš Koláčný Mgr. Monika Lukášová Spilková, Ph.D. Mgr. Adam Zemek",0,36036d38da50510d
marek-lahoda,Z9/01,13,"Členy Finančního výboru Zastupitelstva města Brna byli zvoleni Bc. Jiří Kment, Mgr. Marek Lahoda, Ing. Daniel Struž, MBA, Ing. Jana Drápalová a Petr Šafařík. Volba neuvolněné/neuvolněného místopředsedkyně/místopředsedy Kontrolního výboru Zastupitelstva města Brna Předseda volební komise vyzval členy Zastupitelstva města Brna k podávání návrhů na funkci neuvolněné/neuvolněného místopředsedkyně/místopředsedy Kontrolního výboru Zastupitelstva města Brna. Člen zastupitelstva Mgr. Marek Lahoda navrhl zvolit do funkce místopředsedkyně Kontrolního výboru Zastupitelstva města Brna Mgr. Moniku Lukášovou Spilkovou, Ph.D. Jiný návrh na zvolení do funkce neuvolněné/neuvolněného místopředsedkyně/místopředsedy Kontrolního výboru Zastupitelstva města Brna podán nebyl. Navržená kandidátka Mgr. Monika Lukášová Spilková, Ph.D., vyslovila souhlas s kandidaturou. Hlasování o volbě místopředsedkyně Kontrolního výboru Zastupitelstva města Brna. Výsledek hlasování: - hlasování se zúčastnilo ………………………. 53 členů Zastupitelstva města Brna - pro Mgr. Moniku Lukášovou Spilkovou, Ph.D. 45 hlasů Hlasování č. 29: 45 - 0 - 5 - 3",4,36036d38da50510d
marek-lahoda,Z9/01,13,"Místopředsedkyní Kontrolního výboru Zastupitelstva města Brna byla zvolena Mgr. Monika Lukášová Spilková, Ph.D. Volba neuvolněných členek/členů Kontrolního výboru Zastupitelstva města Brna Předseda volební komise vyzval členy Zastupitelstva města Brna k podávání návrhů na funkci 7 neuvolněných členek/členů Kontrolního výboru Zastupitelstva města Brna. Člen zastupitelstva Bc. Jiří Kment navrhl nezastupitelku Mgr. et Mgr. Janu Novákovou, Mgr. Marek Lahoda navrhl Mgr. Adama Zemka, Ing. Karin Karasová, náměstkyně primátorky, navrhla Víta Prýgla, členka zastupitelstva Ing. Jana Drápalová navrhla Bc. Matěje Hollana, JUDr. Michal Marek navhl Bc. Jakuba Hrušku, JUDr. Robert Kerndl, náměstek primátorky, navrhl nezastupitele",6,36036d38da50510d
marek-lahoda,Z9/01,14,"Místopředsedou Výboru pro národnostní menšiny Zastupitelstva města Brna byl zvolen JUDr. Michal Chládek, MBA. Volba neuvolněných členek/členů Výboru pro národnostní menšiny Zastupitelstva města Brna Předseda volební komise vyzval členy Zastupitelstva města Brna k podávání návrhů na funkci 4 neuvolněných členek/členů Výboru pro národnostní menšiny Zastupitelstva města Brna. Člen zastupitelstva Leoš Prokeš, MBA, navrhl nezastupitele Akopa Chodžajana, Ing. Jana Drápalová navrhla Mgr. Jasnu Flamikovou, Mgr. Marek Lahoda navrhl Bc. Tomáše Koláčného, Ing. Karin Karasová, náměstkyně primátorky, navrhla nezastupitelku Bc. Sabinu Benešovou, člen zastupitelstva JUDr. Michal Marek navrhl Mgr. Jitku Ivičičovou. JUDr. Markéta Vaňková, primátorka, na základě právní porady navrhla přerušení projednávání bodu 11), opětovné zařazení a projednání bodu 3) Zřízení výborů Zastupitelstva města Brna a stanovení počtu jejich členek/členů z důvodu zájmu o navýšení počtu členek/členů Výboru pro národnostní menšiny Zastupitelstva města Brna. 3. Zřízení výborů Zastupitelstva města Brna a stanovení počtu jejich členek/členů JUDr. Markéta Vaňková, primátorka, navrhla hlasovat o revokaci usnesení o počtu členek/členů Výboru pro národnostní menšiny Zastupitelstva města Brna a o změně usnesení spočívající v navýšení počtu ze 13 na 15 členů: Hlasování č. 33: 53 - 0 - 1 - 0",6,36036d38da50510d
marek-lahoda,Z9/03,18,"Mgr. Marek Lahoda: Já se připojím vlastně tady k paní kolegyni od Zelených. Já samozřejmě chápu slova pana Kratochvíla, souhlasím s tím, že každá stavba komplikuje tu dopravní situaci ve městě, ale dovolil bych si vlastně tady jenom ocitovat pár věc z toho, z té přílohy A vlastně, která se zabývá tím vyhodnocením stavu té vodovodní a kanalizační sítě. Vlastně jsou to konkrétně body z toho závěru. Vodovodní a kanalizační síť ve městě Brně stárne, přestože je plněn plán financování obnovy. Při stávajícím tempu obnovy vodovodu bude v roce 2070 průměrné stáří vodovodní sítě 70 let, oproti současnému stáří 44 let. A při stávajícím tempu obnovy kanalizace bude v roce 2070 průměrné stáří kanalizační sítě 65 let, oproti současnému stáří 40 let. Takže tady je opravdu vidět, že by zřejmě to tempo obnovy bylo potřeba zvýšit, a ty finance, které město plánuje z roku na rok v rozpočtu a v dlouhodobém výhledu, což tady máme v těch dalších bodech, budeme se o tom ještě bavit, tak zřejmě by bylo potřeba směřovat více i do této oblasti.",0,31d42a3a0b7a27be
marek-lahoda,Z9/03,32,"Mgr. Marek Lahoda: Děkuji za představení rozpočtu. My samozřejmě vítáme, že je vyrovnaný, byť teda pouze při zapojení toho financování, přes 2.000.000.000, na příští rok. A já vlastně asi budu mít jenom krátce 2 dotazy. První se týká multifunkční haly. Zdali je, podle Vás, v rámci péče řádného hospodáře vlastně započínat tento obří projekt již v příštím roce, kdy je tam navrženo vlastně 250.000.000 na něj a v dalším roce už 1.250.000.000, zda by nebylo lepší počkat až, třeba ještě rok, jak se vyvine ta ekonomická situace a situace ohledně energií na trhu? Protože je to opravdu velký projekt, který s sebou nese velká rizika, tak jak se to teďka probírá v médiích, ještě není vlastně ani vybrán provozovatel a už tady plánujeme vlastně velké finance rozjetí této akce. Toto v rozpočtu je, ale co mi tam naopak chybí, tak jsou některé menší věci, které by možná občané města Brna ocenili mnohem více. Jednou z nich může být například rekonstrukce podchodu pod Hlavním nádražím, kterou jsem v rozpočtu, nebo nenašel jsem vlastně v rozpočtu finance na tuto akci, která se připravuje. Takže to je druhý dotaz, zdali s tímto město počítá, i s nějakými třeba dalšími takto významnými, ale finančně levnějšími akcemi?",0,31d42a3a0b7a27be
marek-lahoda,Z9/03,35,"Mgr. Marek Lahoda: Já mám jenom doplňující dotaz, protože mě by opravdu zajímala ta situace ohledně podchodu a v tom rozpočtu ho nevidím, tak jestli teda vedení města s rekonstrukcí podchodu pod hlavním nádražím stále počítá, případně v jakém časovém horizontu?",0,31d42a3a0b7a27be
marek-lahoda,Z9/03,75,"Mgr. Marek Lahoda: Já mám taky 2 dotazy. Pokusím se být stručný a taky poprosím o odpovědi v písemné formě. V médiích se teďka objevily opět další informace ohledně připravovaného horkovodu z Dukovan. A mě by vlastně zajímalo, v jaké, přesně, fázi tento projekt aktuálně je, jestli už existuje nějaký konkrétní návrh technického řešení, jestli teda se momentálně zpracovává nějaká ekonomická analýza, tak kdy nám bude předložena, nebo kdy bude nějak veřejná, abychom se s ní mohli seznámit? Odkud se vzal vlastně ten odhad těch 19.000.000.000, který teďka se objevil v médiích a zároveň se tam objevila informace o tom, že zhruba polovinu z toho by měly pokrýt Teplárny? Takže by mě zajímalo, jak je to vlastně řešeno, to investorství na straně těchTepláren? Protože těch 9.000.000.000 je opravdu hodně velká investice, a pokud vím, tak ty roční finanční prostředky v Teplárnách jsou podstatně menší. Takže by mě zajímalo, jak tadytodle je řešeno, na straně Tepláren? A také by mě zajímalo, jestli existuje nějaká studie proveditelnosti, nebo jestli vedení města nějak srovnávalo nějaké jiné varianty zajištění tepla, přívodu tepla do města Brna než pouze tímto horkovodem z Dukovan? Nabízí se například řešení pomocí tepelných čerpadel z čističky odpadních vod, jiné další řešení. Tak jestli se to nějak srovnávalo, co se týče vlastně toho tepelného výkonu i těch finančních investic? To je všechno tadyktomu prvnímu bodu. A k té druhé věci. Tak se opět v médiích objevily informace o tom, že se chystá nějaká restrukturalizace Kanceláře architekta města. Zřejmě se některé z agend mají přesunout na BKOM a některé se mají přesunout asi úplně jinam, to se zatím, to se zatím neobjevilo, nebo neví kam. Zatím to není veřejně známo. Tak by mě zajímaly víc informací tadyktéto věci. A také by mě zajímalo, zda tím nebude ohrožena tady, vlastně ta funkce, kterou zde Kancelář architekta města plnila? Protože mně přijde, že zde odváděla Kancelář architekta města dobrou práci, v těch posledních 8 letech, a že by vlastně tadyto rozdrobení těch jejich funkcí mohlo být v neprospěch města Brna.",2,31d42a3a0b7a27be
marek-lahoda,Z9/05,20,"Mgr. Marek Lahoda: Já jsem tady v mezičase ověřil teda u naší paní krajské radní pro sociální oblast a ona mi sdělila, že se s Vámi přes víc než rok nepotkala osobně a že o tomto projektu teda, s oficiální cestou, žádné bližší informace nemá. Takže ví o tom jenom vlastně od zaměstnanců. Takže, za nás bychom chtěli požádat teda o nějakou schůzku, tadytakto meziúrovňové a nějaké oficiální informace.",0,855e8c7abe4c7621
marek-lahoda,Z9/05,23,"Mgr. Marek Lahoda: Já bych se chtěl zeptat, jestli to navýšení o 1.500.000 Kč, což je vlastně 50 % té původní částky, která na ty ohňostroje byla dávána, tak jestli je jako zdůvodněné opravdu tak razantním nárůstem nákladů, nebo co je ten důvod?",0,855e8c7abe4c7621
marek-lahoda,Z9/05,79,"Mgr. Marek Lahoda: Já mám jednu krátkou reakci a jeden dotaz. Vlastně k tomu bodu, přechodu na Veveří, který tady vznesla paní zastupitelka Flamiková, tak na její podnět už jsem ho zařadil i na čtvrteční jednání naší Komise pro bezpečnost dopravy, takže se tam tím budeme zabývat a navrhneme nějaké opatření. A ten dotaz směřuje na pana Bořeckého. Já bych se chtěl zeptat, jak postupuje příprava výběrového řízení na nového vedoucího Kanceláře architekta města a jestli už jsou známa nějaká kritéria, která budou pro toto výběrové řízení.",0,855e8c7abe4c7621
marek-lahoda,Z9/07,22,"Mgr. Marek Lahoda: Já mám, za náš klub, jenom jeden dotaz, a to, kdy byla podána tato žádost? A proč vlastně jako o tom hlasujeme až poté, co se tato akce konala?",0,736feb627c8ee927
marek-lahoda,Z9/07,24,"Mgr. Marek Lahoda: My určitě souhlasíme s rekonstrukcí střechy Haly Rondo a jsme rádi, že se město bude starat o svůj majetek a nenechá ho hokejistům spadnout na hlavu. Přesto však nás k tomuto napadá dotaz, jestli už má město nějaký plán, jak bude Halu Rondo dále využívat v případě, že postaví",0,736feb627c8ee927
marek-lahoda,Z9/07,38,"Mgr. Marek Lahoda: Já se chci jenom zeptat k tomuto projektu, protože ten se vlastně rozšiřuje teďka o 5.000.000 na dopravně inženýrský software za účelem pořízení vlastně softwaru na modelování a sčítání dopravy, pro Brněnské komunikace. A já se chci zeptat, jestli takový software náhodou už Brněnské komunikace nemají? Protože já jsem tedy měl za to, že mají. Když tam, na Brněnských komunikacích, byly nějaké prezentace, z Plzně, vlastně právě k takovémuto softwaru, který by mohl sloužit pro modelování uzavírek a byl by dostupný vlastně i pro veřejnost, tak bylo řečeno, že vlastně modelovací oddělení na BKOM žádný takový software nepotřebuje. Tak bych se chtěl zeptat teda, proč teďka se musí nakupovat nějaký takový software za 5.000.000?",0,736feb627c8ee927
marek-lahoda,Z9/07,38,"Mgr. Marek Lahoda: Já se omlouvám, mně to úplně nestačí. Pane vedoucí, mě by teda zajímalo, esi v současné době Brněnské komunikace nějaký takový software mají, nebo nemají? Pokud nemají, tak samozřejmě",0,736feb627c8ee927
marek-lahoda,Z9/07,40,"Mgr. Marek Lahoda: My určitě tento projekt také podporujeme. Já bych chtěl jenom požádat o poskytnutí té studie proveditelnosti, o které se mluví v materiálu, ale není přiložena.",0,736feb627c8ee927
marek-lahoda,Z9/07,72,"Mgr. Marek Lahoda: Já mám dotaz také k jedné věci, která už se tady projednávala, a to, konkrétně, na počty lidí zabydlených v rámci těch programů města. Pan náměstek Kerndl se pro Brněnskou Drbnu vyjadřoval, že ročně se městu podaří zabydlet kolem 130 domácností. Přitom ale dnes, na zastupitelstvu, jsme zde v bodě 48) měli informaci, že je zabydleno pouze 80 domácností. Já v tom tedy vidím jistý nesoulad, v těchto číslech. A chtěl bych proto poprosit pana náměstka, případně Odbor sociální péče, o konkrétní údaje k počtu zabydlených domácností v jednotlivých letech, od počátku projektu Housing First, a také o jejich skladbě. To znamená, kolik z těch zabydlených domácností bylo původně skutečně tak říkajíc na ulici a kolik lidí bylo v jiné bytové nouzi, například pobývali na ubytovnách nebo v azylových domech a podobně.",0,736feb627c8ee927
marek-lahoda,Z9/06,33,"Mgr. Marek Lahoda: Já se chcu jenom vyjádřit, v krátkosti, k tomuto projektu, který jsme vlastně navrhovali už asi před 4 roky, a já jsem velmi rád, že se v tuto chvíli dostáváme k té realizaci. Je to pilotní projekt pro Brno, ale není to pilotní projekt z hlediska tohoto způsobu přepravy nákladu. Obdobné, obdobné systémy fungují prostě v řadě měst na západě i na východě. Praha už chystá třetí takové překladiště, Bratislava má takové překladiště, řada západních měst má takováto překladiště. Není to prostě nic neobvyklého. Je to způsob, jak tu dopravu nákladu ekologizovat a usnadnit vlastně pohyb po centru, které má být pěší zónou obyvatelům města. V současnosti je centrum velmi přetížené těmi dodávkami. A můžete to vidět pod svými nohami pokaždé, když centrem jdete. Ta dlažba je rozbitá a za její opravu město vydává desítky milionů korun. Takže já si myslím, že každá dodávka, která do toho centra města nebude muset zajíždět, tak je ku prospěchu města. A ve výsledku nám to ty náklady spíš ušetří, než že by to městu náklady přidávalo.",0,e715158e17e939ea
marek-lahoda,Z9/06,33,"Mgr. Marek Lahoda: No, já myslím, že v dnešní době internetu je opravdu jako celkem snadné si ty informace zjistit. Existuje taková webová stránka, Google se to jmenuje. A tam jako se to dá najít. Ale jestli s tím máte problém, tak já Vám ty odkazy klidně naposílám, všechny ty informace k tomu, dostupné, a všechny ty příklady ze zahraničí, které se mi tam teda podaří dohledat.",0,e715158e17e939ea
marek-lahoda,Z9/06,34,"Mgr. Marek Lahoda: Já jsem to jako nemyslel špatně. Ale když se ptáte po informacích, tak jenom jsem chtěl říct, že ty informace je opravdu celkem jednoduché si zjistit. Samozřejmě jako, do toho materiálu se to dá doplnit, ale já jako předkladatel toho materiálu nejsem.",0,e715158e17e939ea
marek-lahoda,Z9/06,40,"Mgr. Marek Lahoda: Já jsem se tadyktomuto bodu ptal už na finančním výboru, ale ty odpovědi mě úplně neuspokojily, takže se musím zeptat eště tady, na zastupitelstvu. Mě by zajímalo, proč se vedení města rozhodlo zvolit tuto cestu? To znamená, převedení již postaveného bytového domu z majetku města na družstvo. Proč vedení tento bytový dům, který je v majetku města, samo nezrekonstruuje a byty dále nepronajímá? A na základě jakých podkladů, či analýz bylo vlastně toto rozhodnutí učiněno?",0,e715158e17e939ea
marek-lahoda,Z9/06,40,"Mgr. Marek Lahoda: Děkuju za tu reakci. Já tomu záměru rozumím, byť teda ta informace, že se ten dům chystal k dražbě, je pro mě nová. Eště bych jenom vlastně chtěl zopakovat tu svoji otázku, na kterou jsem odpověď nedostal, a to je, proč vlastně se město nesnaží ten bytový dům zrekonstruovat samo? Esli jako si už tuto cestu jako vyhodnotilo nějak, finančně, a zavrhlo ji, anebo esli prostě rovnou ten bytový dům určilo, původně k dražbě, nyní teda pro ten projekt družstevního bydlení?",0,e715158e17e939ea
marek-lahoda,Z9/06,40,"Mgr. Marek Lahoda: Já v tom případě bych jenom opravdu chtěl požádat o nějakou, takovou tu analýzu, nebo nějaké to vyhodnocení, které teda říká, že opravdu na to jako peníze město nemá. Protože pokud vím, tak v bytovém fondu peníze na rekonstrukce bytových domů jsou. Takže to by mě opravdu zajímalo. A jako, z mého pohledu to určitý způsob vyvádění majetku z města je. Protože prostě momentálně ten bytový dům v majetku města je. Ve výsledku, poté, když se to převede na ty družstevníky a oni si, poté, po třeba 10, 20 letech, požádají o převedení do osobního vlastnictví,",0,e715158e17e939ea
marek-lahoda,Z9/06,63,"Mgr. Marek Lahoda: Já už jenom opravdu krátce. Když se teda bavíme teďka o různých výkladech různých slov, v rámci koaliční smlouvy, tak jestli bychom mohli koalici požádat o sestavení nějakého výkladového slovníku pro jednotlivá ustanovení koaliční smlouvy?",0,e715158e17e939ea
marek-lahoda,Z9/06,86,"Mgr. Marek Lahoda: Já se pokusím být také stručný. Můj dotaz se týká vizuálního smogu v Brně a zjednodušeně by se dalo říct, jestli se touto otázkou bude někdo zabývat? Jde mi konkrétně teďka především o nelegální billboardy. Praha si nechala zpracovat analýzu, na základě které vyplynulo, že 80 % billboardů na území města Prahy je nelegálních, nemají stavební povolení. A například na 1 km okruhu v Praze je 31 takových billboardů, ze kterých 24 nemá povolení. A měsíčně tak uchází městu zisk 1.000.000 Kč, zhruba. Nebo to je ta cena za reklamu na této ploše. Na území města Brna se nachází zhruba 400 billboardů a město v tuto chvíli vlastně nemá vůbec zmapovaný jejich stav, neví, které z nich mají stavební povolení, které nemají. Proč se tím zde chci zabývat? Tak je to vlastně především proto, že vizuální smog velmi ovlivňuje pozornost lidí, a především podél těchto páteřních komunikací je to velmi nebezpečné pro řidiče, protože to odvádí pozornost od řízení. Zároveň je to degradace veřejného prostoru, snižuje se tím hodnota nemovitostí v okolí. A v neposlední řadě, přehlcení reklamou může vést až k psychickým dopadům na obyvatele. Chtěl bych upozornit, že město v tomto případě nejedná s péčí řádného hospodáře, protože může na těchto plochách, v těchto případech, přicházet o zisk. A ty částky můžou být opravdu až",0,e715158e17e939ea
marek-lahoda,Z9/06,88,"Mgr. Marek Lahoda: Já ještě jenom úplně opravdu krátké doplnění toho svého dotazu, abych nebyl jenom tak negativní a dotěrný s dotazy. Já jenom chci říct, že to řešení té situace, těch nelegálních billboardů, existuje. Je potřeba to jenom zmapovat, zjistit tu legálnost a případně podat podnět k odstranění stavby na stavební úřad, nebo s tím majitelem toho billboardu navázat nějakou tu smlouvu. Měl to dělat nějaký zaměstnanec Kanceláře architekta města, nebudeme jmenovat, a neděje se tak. V minulém volebním období to řešil pan Hladík a momentálně to zřejmě teda neřeší nikdo. Tak bych byl rád za nějakou odpověď na ty předchozí dotazy.",0,e715158e17e939ea
marek-lahoda,Z9/08,49,"Mgr. Marek Lahoda: My jsme tady problémy s multifunkční halou a ta rizika spojená s tímto projektem již mnohokrát zmiňovali, moji předřečníci je tady už teďka také shrnuli, takže já asi jenom v krátkosti shrnu, že z dokumentace navíc vyplívá, že pro zisk úvěru bude muset město dát do zástavy svoji společnost ARENA BRNO a pokud někdy v budoucnu dojde k neschopnosti splácet, připadne tato společnost zcela České spořitelně. Můžeme tak bez nadsázky hovořit o nejrizikovější brněnské stavbě století, kdy veškerá rizika a hrozby nakonec zaplatí z daní všichni Brňáci. Úvěr se bude navíc uzavírat v situaci, kdy neexistuje jediný komerční zájemce, který by chtěl multifunkční halu provozovat, jak už to bylo zmíněno. Stavba dosud nemá notifikaci, tedy zatím nemůžou být použity peníze z veřejných rozpočtů. Město pro zajištění potřebných financí na stavbu již nyní omezuje ostatní služby a ve velkém se chystá rozprodávat nemovitý majetek. Projekt je už nyní tak finančně",0,1b7d3b44f9e1e083
marek-lahoda,Z9/08,66,Mgr. Marek Lahoda – požádal o samostatné hlasování o bodu 110).,2,1b7d3b44f9e1e083
marek-lahoda,Z9/08,76,"Mgr. Marek Lahoda: Protože považuji to plánované propojení Korejské a Hradecké za dopravně důležité, tak bych, v tuto chvíli, chtěl navrhnout stažení toho bodu, s tím, že by se to projednalo příště.",0,1b7d3b44f9e1e083
marek-lahoda,Z9/08,93,"Mgr. Marek Lahoda: Já bych chtěl jenom upozornit, že v tom materiálu, který nám byl předložen, jsou vlastně varianty, jak souhlasí, tak nesouhlasí, což asi teda mělo být variantně, podle toho, dle, podle té důvodové zprávy, kde to prošlo komisí a ta doporučila variantu B. Ale přímo v tom usnesení, v tom materiálu ty varianty nejsou uvedený jako varianty. Tak jenom, abysme neodhlasovali nějaké usnesení, které nedává smysl.",0,1b7d3b44f9e1e083
marek-lahoda,Z9/08,100,"Mgr. Marek Lahoda: Já mám 2 interpelace. Ta první se týká zákazu převozu elektrokol a elektrokoloběžek v MHD, který vydal Dopravní podnik od začátku května. My jsme poté, nebo já jsem poté na komisi dopravní žádal doložit stížnosti, kterými Dopravní podnik tento zákaz argumentoval, kdy v nějakém materiálu, který nám poslali, tak píšou, že opatření předcházela dlouhodobá poptávka ze strany cestujících a řidičů. Tak zatím se mi nic nedostalo. Tak já bych chtěl poprosit, opravdu, tyto stížnosti doložit. A zároveň bych chtěl říct, že pokud takové stížnosti opravdu byly, tak se to dá řešit jinou úpravou přepravního řádu. A to sice tou, že vozíčkáři a maminky, nebo rodiče s kočárky budou mít přednost přepravy za každé podmínky, a ne pouze při nástupu, ale prostě pokaždé. Takže by potom ten řidič mohl přepravujícího se s elektrokolem nebo s elektrokoloběžkou prostě vykázat z té přepravy, když by tam bylo potřeba přepravit kočárek. To je nějaký návrh řešení. A zároveň bych teda se chtěl lehce pousmát nad tím argumentem, že není možné přepravovat elektrokola a elektrokoloběžky z důvodu bezpečnosti. Protože v tom případě bychom museli zakázat i přepravu laptopů, mobilních telefonů a jiných zařízení s bateriemi. A to by se pak asi v MHD nepřepravoval už vůbec nikdo. Takže to je ten první bod. A ten druhý bod se týká ohňostrojů IGNIS BRUNENSIS. Já bych chtěl poprosit, pokud je to možné, o doložení nějakého kompletního rozpočtu, včetně nákladů na MHD, bezpečnostní opatření a tak podobně. Nás by to zajímalo.",4,1b7d3b44f9e1e083
marek-lahoda,Z9/08,102,"došlo k tomu, že jsem převzal nějakou spisovou agendu. Chtěl bych poděkovat tady Dáši Baborovské, kterou to svitila, občas se u toho mihl i zodpovědný člověk za majetek, v té době ze strany Pirátské, ano, byla covid, takže chápu, že samozřejmě nemoh být často přítomen, respektuji to, a v podstatě někdy v březnu došlo k dohodě se společností, Hotelem International, a následně došlo k dohodě a postupovalo dál. V té době mě odchytl, myslím, Marek Lahoda, ptal se mě na Brněnských komunikacích, co je pravda na tom, že jsem tu agendu za ně vyřešil. Koukal jsem se mu do očí, koukám se mu i teď, a řekl jsem mu, že se k tomu nehlásím a hlásit se k tomu nebudu. Ale přiznám se na rovinu, po tom, co čtu v novinách, tak si myslím, že je dobré to uvést na pravou míru. No, ten projekt dále pokračoval, tu agendu měli samozřejmě pod sebou tedy kolegové, zpětně, nevím, protože menežovali vlastně ten projekt po té stránce i kulturní, no, a přišla teda ta nová koalice. Brněnské komunikace odsouhlasily zadávací dokumentaci, někdy na podzim, následně jsme dokončovali ještě určité změny a vše, co bylo nutné vlastně k tomu, abysme zahájili proces výběru zhotovitele, se dokončil v březnu letošního roku. Ta skutečná prodleva, ta skutečná prodleva je tedy od března letošního roku do dnešního dne, kdy město Brno neustále vyžadovalo určité podklady spojené s provozem a nákladováním té budoucí budovy. No, a to je asi všechno, co jsem Vám chtěl sdělit jako, jo? A samozřejmě, jestli jsem někdy jako něco pozapomněl, je to možné, už jsem starší pán, ale přiznám se na rovinu, že jsem si to jako pečlivě připravil. I tedy v písemné podobě. A věřím tomu, že když bude nějakej spor mezi tím, co jsem jako sdělil, a případně jiným názorem, tak ho dokážu jako vysvětlit, anebo se omluvím. Děkuji, to je celé.",0,1b7d3b44f9e1e083
marek-lahoda,Z9/11,8,"Mgr. Marek Lahoda: Já teda využiji ten čas, než pan ministr životního prostředí a zastupitel města Brna, Hladík, tam se mu podaří vyřešit ty technické problémy. A rád bych tady reagoval na nějaké informace, které zazněly od pana náměstka Kerndla, rád bych je uvedl do širšího kontextu, protože si myslím, že jsou to důležité informace pro rozhodování zastupitelů. Týkají se toho navýšení emisí škodlivin, o kterém tady byla v minulosti řeč, a jak už jsme si říkali, z hlediska rozptylových studií je zanedbatelné. Ovšem pan náměstek říkal, že každá tuna navíc je špatně, když to budu parafrázovat, tak bych to rád uvedl do kontextu toho, co tady, ve městě Brně, vypouštíme. Pokud se podíváte do programu zlepšování kvality ovzduší ve městě Brně, tak tam najdete tabulku 22 a 23, na straně 49 a 50, kde se můžete podívat, že tam vlastně jsou ty zdroje REZZO, po jednotlivých těch typech, od vytápění domácností přes dopravu, různé další lokální zdroje, a je tam samozřejmě uvedená i brněnská spalovna, tady v části tepelné zpracování odpadu, nakládání s odpady, odpadními vodami. A pokud tedy srovnáme to, co vypouští brněnská spalovna, s tím, s těmi dalšími zdroji, především teda z lokálního vytápění domácností, to znamená z těch lokálních kotlů, které mají lidé ve svých domech, protože zdaleka ne všechny domácnosti v Brně jsou napojeny na centrální vytápění, spousta domácností stále topí lokálně, a z toho právě je velká část toho znečištění ovzduší v Brně, a pokud to srovnáme i se znečištěním, které vychází ze silniční, nebo z dopravy, a především teda ze silniční dopravy, tady nejsou vlastně hodnoceny například příspěvky letecké dopravy, nebo zemědělských a lesních strojů, ale ty lze považovat taky za, jako zanedbatelné, největším tím přínosem je ta, nebo spíš tou zátěží, je ta silniční doprava. Tak když to vezmu po těch jednotlivých znečišťujících látkách, a omlouvám se, že to beru takto detailně, ale myslím si, že je důležité, abychom si to tady řekli, tak u polétavého prachu, PM 2,5 - spalovna 0,3 t/rok, doprava 51 t/rok, vytápění domácností 183 t/rok. Polétavý prach PM 10 - spalovna 0,4 t/rok, silniční doprava, nebo doprava celkem 77 t/rok, vytápění domácností 187 t/rok. NO x - spalovna 280 t/rok, doprava 780 t/rok, domácnosti 160 t/rok. SO2 - spalovna 35 t/rok, doprava 1 t/rok, domácnosti 31 t/rok. Takže, takže opravdu, pouze tadyvtom SO2 je ta spalovna zhruba srovnatelná, ale ty hodnoty jsou jako stále nízké, díky tomu odsíření, které už tady proběhlo. VOC, což jsou ty těkavé látky – spalovna 2 t/rok, a potom doprava 236 t/rok, vytápění domácností 767 t/rok. Benzen - spalovna, tady je 0,000000, doprava 9 t/rok, vytápění domácností zhruba 1 t/rok. Benzo[a]pyren - 0,04 t/rok u spalovny, u dopravy jsou to 2,4 t, u domácností 100 t/rok. Přičemž podotýkám, že benzo[a]pyren je velmi významný karcinogen, je to vlastně jeden, jedna z těch jako",0,8b2034d2529405ca
marek-lahoda,Z9/11,12,"Mgr. Marek Lahoda: Já v tuto chvíli asi jenom krátce zareaguju na to, že na území města Brna není žádná skládka, protože rád bych to upřesnil, není žádná otevřená skládka. Dle Ministerstva životního prostředí se na území Brna nachází 2 nebezpečné skládky, a to v Tuřanech a v Černovicích, které už jsou, samozřejmě, v tuto chvíli neaktivní. Dle informací z médií město situaci monitoruje a tvrdí, že skládky pro obyvatele nebezpečné nejsou, a jejich sanaci ale proto neplánuje. Ale podle odborníků hrozí kontaminace podzemních vod. A na tyto bývalé skládky bude postupem času třeba vynaložit nemalé náklady, abychom zajistili jejich bezpečnost. Současný, v současné době je v Evropě nový trend, který se zaměřuje spíše na otevírání těchto starých ekologických zátěží a využívání odpadu z těchto skládek. Je tam totiž uloženo spousta materiálů, které jde znovu využít, ať už materiálově, nebo energeticky. Což je, například v čase energetické krize, opravdu cenný zdroj surovin. 3. kotel by proto v budoucnu mohl pomoci i s tímto problémem a mohli bychom se, jako Brňané, stát průkopníky ve využívání materiálů ze starých nebezpečných skládek a zároveň tak zabránit nějakým ekologickým rizikům. Jenom podotknu, že na jihovýchodě Brna máme v těchto starých ekologických zátěžích pohřbených zhruba 50 000 000 t odpadu.",0,8b2034d2529405ca
marek-lahoda,Z9/11,16,"Mgr. Marek Lahoda: Já, já děkuji za to odlehčení panu, panu radnímu Kratochvílovi. Pokud, já, já teď nevím, jaks, jaks to přesně říkal, Petře, ale rozhodně jsem to tak nemyslel. Jestlis to tak pochopil, tak se omlouvám, to rozhodně nebylo myšleno jako nějaká osobní, osobní útok, ať už na Tebe, na pana náměstka Kerndla, nebo na jiné členy ODS. Já jsem jenom chtěl ocitovat ty konkrétní čísla a, a říkal jsem, že jsem rád, že i, i Vaše strana, která leží, řekněme, více napravo a je konzervativnější než naše středová, Pirátská strana, tak že už se hlásí k ekologii. To mě opravdu hřeje u srdce a jsem za to rád, samozřejmě. Nemyslím to nějak špatně. Teď k té cirkulární ekonomice. Já jsem byl taky na výletě, na Slovensko, před 2 týdny, nebudu ten příběh popisovat tak barvitě, protože to neumím takto krásně přednést. A jenom shrnu, že i na Slovensku už třídí, nebo zálohují jak plastové láhve, tak, tak hliníkové obaly. A očividně to, očividně to jde. Vím, že se takový návrh chystá i u nás, a velmi se na něj těším, protože si myslím, že je to ideální cesta. A i cirkulární ekonomiku považuji za ideální cestu, aby se maximum z toho odpadu znovu použilo. Protože to není odpad, ale materiál. Bohužel, ale dosud k tomuto neexistuje u nás legislativní rámec. Nejsou tady ty zákony, které by nám to umožňovaly. A jejich příprava eště bude nějaký čas trvat. A, a bohužel se ukazuje, že ani ty technologie nám nezajistí stoprocentní využití všech těch materiálů. Stále tam nějaká část z toho odpadu, z těch materiálů zbyde a bude je potřeba ji energeticky využít. I u toho, dnes již předtříděného, materiálu v těch, z těch žlutých a modrých popelnic na té dotřiďovací lince, stále spousta materiálu následně jde do kotle. Včera večer tady, vedle, v Moravské galerii byla prezentace strategického odboru - Kam kráčíš, Brno?, kde se mimo jiné hovořilo o odpadech, a já jsem se tam na to zástupce SAKA ptal, kolik % z toho odpadu se musí nadále spálit, z toho vytříděného odpadu? A ta čísla si dobře pamatuji, že to bylo včera, z těch popelnic pořád 20 % odpadu tam ani nepatří. Protože tem lidé hází věci, které tam vůbec nepatří, do těch popelnic. A to prostě jde všecko na spálení. A z toho, co tam patří, tak dalších 40 % prostě není možné znovu použít. A, a to je všechno odpad, který potom prostě, holt, nejlepší co s ním udělat můžeme, je prostě ho energeticky využít. Protože jinak ho prostě musíme odvézt na skládku, což se asi tady všichni shodneme, že dobré není. A říká nám to i Evropská komise, že, nebo Evropa, Evropská unie, že to 2030 prostě ukončíme, tadytodle skládkování. A já, osobně, budu všema 10, všema 20 pro, abychom tady, v Brně, vybudovali i třídicí lin, linky na směsný komunální odpad. A abychom třídili maximum odpadu i z těch černých popelnic, kam se háže úplně všechno, a lidé tam odkládají kusy oblečení a elektrická zařízení, která by měli odnést do sběrného dvora, aby se mohly rozložit a znovu ty materiály z nich vytřídit, tak to lidi prostě odkládají u popelnic. Že jsou líní udělat prostě pár kroků. Ale i tadyty třídicí linky na směsný komunální odpad nedosahují stoprocentní úspěšnosti. Ta jejich, ta jejich úspěšnost, ta jejich účinnost je prostě malá. A i z nich velká část toho odpadu, prostě, nejlepší možnost, co s ním udělat, je, i energeticky využít. Takže pokud se tady bavíme o tom, že nám 2030 bude ukončeno skládkování, a 35 nám tady chcípnou ty 2 kotle, které tady dnes máme, tak opravdu jediná možnost, jak zabránit nějakým problémům s nakládáním s odpadem v Brně, je tady vybudovat, v tuto chvíli, na ten mezičas, než se připraví legislativní rámec a než se lidi naučí prostě zacházet s tím odpadem, ten 3. kotel. Takže proto my, ačkoliv podporujeme cirkulární ekonomiku, samozřejmě, to je nějaký vzdálený cíl, a ten mezikrok je, v tuto chvíli, vybudovat ten 3. kotel. A chtěl bych k tomuto podbít, pobídnout i ostatní zastupitele, aby nečinili kroky, které tomuto zabrání a vystaví, jak město Brno, tak jeho občany, riziku, problémům s nakládání s odpadem.",2,8b2034d2529405ca
marek-lahoda,Z9/11,19,"JUDr. Robert Kerndl, náměstek primátorky: Ona je to poměrně složitá disciplína. Protože v okamžiku, kdy soutěžíte zakázku takzviným design-buildem, neexistuje na planetě Zemi nikdo, kdo je Vám schopen ověřit, doopravdy, hodnotu té zakázky. Pokud si nepřečtete stanovisko pana doc. Skály z VUT, který vlastně posuzoval ty jednotlivé posudky, tak on tam vlastně říká jednoduchou věc - já pokud nemám k dispozici projektovou dokumentaci, respektive položkový rozpočet, tak to můžou být víceméně kvalifikované, nebo nekvalifikované odhady. Ústy zástupce, který tady vystoupil v pondělí na té prezentaci pro zastupitele, z PwC, říká - já jsem u toho od začátku a já si myslím, že ta hodnota by někde, v nějakém tom rozmezí těch 4.500.000.000 mohla být. Problém je v tom, že jiná společnost, která u toho také byla, od začátku, a to je REMBOL, tak ta říká, že ta hodnota té zakázky je 3.900.000.000. Potom tady máme další posudek, od APOGEO, který je poměrně nejčerstvější, a ti hovoří o tom, ale Vy to určitě máte nastudováno, všechno, tak vlastně nevím, proč se tady o tom bavíme, tak tato společnost říká, že hodnota zakázky je 3.500.000.000. Ale znovu připomínám, na todle Vám fakt jako nikdo neodpoví. Protože pokud nemáte položkový rozpočet, nemůžete zkontrolovat. A KPMG nám říká co? Pokud ta zakázka má opravdu hodnotu, kterou uvedl ve své nabídce jediný uchazeč, tak potom ano, v rámci toho plynutí času to odpovídá, protože tam byla nějaká sleva, takže tá vlastně cena je v pořádku. Ale oni nejsou schopni Vám říct, jaká opravdu ta hodnota té zakázky je. A já možná ještě toho využiju, ať se už potom nemusím hlásit, k tomu, co říkal Marek Lahoda. On už to tady řekl Petr Kratochvíl, ale jako mě se to taky dotklo. Marku, prosím Tebe, to jenom proto, že chodím v tričku ODS, ještě neznamená, že nemám právo na svůj názor. A já jsem přesvědčen, bytostně jsem přesvědčen o tom, že ten veřejný zájem těch Brňanů prostě není naplněn tím vznikem toho kotle, který bysme postavili. Protože my vlastně, pokud ho postavíme, tak naprosto rezignujeme na pohled evropské legislativy, ale i to, co si já opravdu myslím, že bysme se k tomu odpadu měli dívat, na ten odpad jiným způsobem. Co budeme",0,8b2034d2529405ca
marek-lahoda,Z9/11,22,"Mgr. Marek Lahoda: Aha, pardon, já jsem čekal, že eště přede mnou je někdo další.",0,8b2034d2529405ca
marek-lahoda,Z9/11,22,"Mgr. Marek Lahoda: Jo. Děkuji. Já bych se chtěl tady přede všemi, na místě, omluvit panu náměstku Kerndlovi. Roberte, pokud se Tě to nějak dotklo, tak se taky omlouvám, já jsem to rozhodně nemyslel nějak špatně. A jako, pokud je to tak, jak říkáte, tak já jsem za to samozřejmě rád, že jsme jako všichni na té jedné lodi a bojujeme tady za ekologii. Akorát teda, v tom případě, na základě těch dat, nerozumím tomu, kde vzniká ten rozpor? No. A poté vlastně, panu Skřičkovi asi úplně, jako do detailu, na jeho otázky ohledně lodní dopravy odpovídat nebudu, odkážu ho jenom na podcast 2050, kde o tom krásně hovoří fakta o klimatu, že na tunu nákladů a kilometr jsou ty emise z lodí mnohem menší. Ale to je asi jiná debata. Tak to je, za mě, asi v tuto chvíli všechno.",0,8b2034d2529405ca
marek-lahoda,Z9/11,22,"Mgr. Marek Lahoda: Já jsem si vzpomněl, proč jsem se hlásil eště původně. To bylo vlastně v reakci na pana Krásného, který taky říkal, že se v tom ztrácí, a já jsem se ho teďka, tady, ve dveřích zeptal, on vlastně nebyl",0,8b2034d2529405ca
marek-lahoda,Z9/11,28,"Mgr. Marek Lahoda: Já jsem velmi znepokojen tímto návrhem na tajné hlasování. Naposledy se hlasovalo takto tajně o prodeji Jalty. A jak je možné dohledat v médiích, tak právě kvůli tomu tajnému hlasování poté policie nemohla dopátrat toho viníka, této kauzy. Takže já jsem opravdu velmi, velmi znepokojen. A opravdu bych chtěl také slyšet ty odpovědi na ty otázky, které tady vznesl pan Krásný. Chtěl bych, aby je slyšeli všichni zastupitelé za koalici, kteří se neúčastnili toho pondělního projednání. Takže žádám, aby bylo uděleno slovo zástupcům společnosti SAKO, aby se k tem, k těm otázkám mohli vyjádřit.",2,8b2034d2529405ca
marek-lahoda,Z9/11,30,"Mgr. Marek Lahoda: Za náš klub můžu taky vyslovit, že jsme proti tajné volbě. Já, osobně, si taky myslím, že pokud teda koaliční členové konají v maximálním veřejném zájmu občanů města Brna, tak by se za svůj postoj měli veřejně postavit. A jak tady řekla teďka paní zastupitelka Drápalová, pokud někdo pro to hlasovat nechce, tak pro to hlasovat nemusí. A opakovaně žádám, aby tu zaznělo, zazněla reakce ze strany zpracovatele toho dokumentu na ty otázky, které tady padaly. Mně, mně ty informace opravdu chybí. Já chcu, aby tady ty odpovědi zazněly.",0,8b2034d2529405ca
marek-lahoda,Z9/11,31,"Mgr. Marek Lahoda: Já bych chtěl pouze konstatovat, že to nebyla právní porada, to byl výsměch.",0,8b2034d2529405ca
marek-lahoda,Z9/11,31,"Mgr. Marek Lahoda: Já opravdu jsem nikoho opětovně nějak pejorativně neosočoval, já pouze konstatuji, že to vystoupení, které tady proběhlo, prostě nebyla právní porada. A z tohoto důvodu, protože opravdu z procesního hlediska je to velmi nejisté a hrozí prostě, že tady dojde k nějakému porušení, ať už jednacího řádu, nebo zákona, tak my žádáme o pauzu na poradu a chceme, aby vedení města zajizdilo, zajistilo stanovisko Ministerstva vnitra, k tomuto. Protože opravdu není možné, aby tady část zastupitelstva hlasovala tajně a část veřejně.",0,8b2034d2529405ca
marek-lahoda,Z9/11,34,"Mgr. Marek Lahoda: Já mám jenom technickou poznámku, že je 13:00, a tak jak bylo dosud vždycky zvykem, tak ve 13:00, přesně, ukončujeme diskusi pro pauzu na oběd, protože jinak už mi v minulosti bylo řečeno, že se ta diskuse potom protahuje a protahuje a protahuje, takže bych chtěl…",0,8b2034d2529405ca
marek-lahoda,Z9/11,34,"Mgr. Marek Lahoda: Jo, já jsem si všiml, že nejedeme podle jednacího řádu, no.",0,8b2034d2529405ca
marek-lahoda,Z9/11,37,"Mgr. Marek Lahoda: Za klub Piráti, my se také nebudeme tajného hlasování účastnit, považujeme to opravdu za nehorentní postup. Na shledanou.",0,8b2034d2529405ca
marek-lahoda,Z9/10,1,"Připojeni on-line: Bc. Tomáš Koláčný, Mgr. Vladan Krásný, Mgr. Marek Lahoda.",0,eb0d7acd8a1bcc62
marek-lahoda,Z9/10,20,"Mgr. Marek Lahoda: Jo. Výborně. Děkuju. Vážená paní primátorko, vážené kolegyně, vážení kolegové. Já mám tadyktomuto bodu 3 dotazy. První dotaz je jenom na specifikaci toho, jestli teda území Ponava rovná se území kolem současného fotbalového stadionu za Lužánkami, protože to v tom bodu není nějak, jako blíže, specifikováno? Teď nevím, jestli je mám přečíst všechny, anebo to vezmeme postupně?",0,eb0d7acd8a1bcc62
marek-lahoda,Z9/10,20,"Mgr. Marek Lahoda: Dobře. Druhý dotaz je na důvod zrušení soutěže, Sportovní základní škola Botanická, na 48. zasedání rady. Tam se vlastně, pouze jsem se dočetl, že se rada dále zabývala prověřením udržitelnosti a ekonomické výhodnosti záměru, ale není tam vlastně blíže jako popsán ten důvod zrušení této soutěže. A třetí dotaz je na vývoj záměru Úprava náměstí Republiky, který je taky součástí tohoto bodu. Tam se vlastně taky ruší ta soutěž a já jsem jenom zaznamenal, že se vlastně má zadávat asi rekonstrukce, nějaká, nebo oprava jenom povrchu tadytoho náměstí. Tak by mě zajímalo, jak se to vyvíjí?",0,eb0d7acd8a1bcc62
marek-lahoda,Z9/10,20,"Mgr. Marek Lahoda: Jo. Děkuju za ty odpovědi, jenom doplňující dotaz k tomu prvnímu bodu. Takže to území Ponava je ale jakoby kolem toho současného, bývalého stadionu? Mně šlo o to, na jaké území se bude zpracovávat ta studie.",0,eb0d7acd8a1bcc62
marek-lahoda,Z9/10,43,"Mgr. Marek Lahoda: Já se zeptám, jestli jsem slyšet? No, možná nějaké zpoždění. Haló, slyšíme se?",0,eb0d7acd8a1bcc62
marek-lahoda,Z9/10,43,"Mgr. Marek Lahoda: Já to zkusím ještě takto, jestli to bude lepší?",0,eb0d7acd8a1bcc62
marek-lahoda,Z9/10,43,"Mgr. Marek Lahoda: Jo, dobře. Děkuju. Tak, já si tady jenom otevřu ty poznámky. Jo, děkuji za slovo. Já chci jenom vlastně v několika bodech zareagovat na ty argumenty, které tady padly. Jednak chci podotknout, že odklad, že vlastně konec skládkování už se odkládal z roku 24 do roku 30. Bylo to z důvodu toho, že nebyla připravena legislativa, a taky hlavně z důvodu toho, že vlastně ani nebylo, jak s tím odpadem dále nakládat. Nejsou prostě žádné další spalovny, ani jiné způsoby, jak s tím odkladem nakládat, pokud se to skládkování zakáže. Tento projekt na 3. kotel do spalovny v Brně se chystá přes, asi 7 let, přičemž to místo, do kterého má být umístěn, je vlastně díra po tom předchozím kotli, který tam byl v minulosti. A přesto se ten projekt vlastně, teďka stojíme těsně před realizací a trvalo to 7 let, ho připravit. Proto se chci zeptat zastupitelů města Brna, kolik si myslí, že by trvalo připravit takový projekt na zelené louce? Co se týče toho konce skládkování, tak tady asi vidíme, že prostě toho roku 2030, kdy má nastat, tak ty další spalovny nebo jiné způsoby, jak s tímto odpadem nakládat, prostě nebudou. Samozřejmě už jsme se tady o tom bavili. Ideální je ten odpad vůbec nevytvářet, případně ho třídit a znovu recyklovat, zpracovávat na další suroviny. Ale to je opravdu běh na dlouhou trať a než tadyktomuto dojdeme, tak prostě to spalování je bohužel ideální způsob, jak s tím odpadem nakládat. Protože to skládkování je velmi špatné, k tomu se ještě dostanu v dalších bodech. Bavili jsme se tady o zájmu občanů a chtěl bych zmínit, že jeden z důležitých zájmů občanů určitě je také na tom, aby měli levné teplo. Což jim spalovna v SAKU zajišťuje. Padlo tady, že spalovna leží uprostřed města. Tak já nevím, jestli si můžeme třeba otevřít mapu, nebo, asi jako každý si otevře mapu, v dnešní době, už asi na svém telefonu, aby se podíval, kde spalovna opravdu leží. Ale teda já to, osobně, teda za prostředek města úplně nepovažuji. Myslím si, že je to spíš na kraji města, je to hnedka u sjezdu dálničního přivaděče, na ulici Jedovnická vlastně. Opravdu jako, pokud tam budou zajíždět nákladní auta, tak nebudou jezdit přes střed města, ale prostě po dálnici a hnedka sjedou do té spalovny. Tak. A teďka k těm emisím CO 2. Protože tato",0,eb0d7acd8a1bcc62
marek-lahoda,Z9/10,47,"Mgr. Marek Lahoda: Já budu asi stručný. Já jsem jenom teda neslyšel, bohužel, tu reakci na tu moji otázku, na pana Fajmona. A, haló?",0,eb0d7acd8a1bcc62
marek-lahoda,Z9/10,47,"Mgr. Marek Lahoda: Jo, tak teď, dobře. Děkuju. A jenom vlastně jsem se chtěl krátce vyjádřit k tomu, že jako, k těm emisím CO2 eště, že teda ano, samozřejmě ty emise vzniknou někde jinde, ne na území města Brna, protože na území města Brna žádná skládka není. Ale jako ten klimatický systém se nenachází pouze na území města Brna, ale na celé planetě. A ty dopady potom jsou i na obyvatele města Brna a je i v zájmu občanů města Brna, aby to klima bylo chráněno. Tak to jsem chtěl jenom doplnit. Děkuji. A pokud pan Fajmon eště nereagoval na ten můj dotaz ohledně těch emisních povolenek na ten plyn, tak bych poprosil tu reakci, pokud by mohla být napřímo, a ne písemně. Myslím, že to je asi krátké.",0,eb0d7acd8a1bcc62
marek-lahoda,Z9/10,51,"Mgr. Marek Lahoda: Já se radši jenom zeptám, jestli se slyšíme?",0,eb0d7acd8a1bcc62
marek-lahoda,Z9/10,51,"Mgr. Marek Lahoda: Jo, děkuju. Jo, ta diskuse už je docela dlouhá a ještě v ní asi budeme pokračovat za týden, já bych teda opravdu jenom poprosil o doplnění toho usnesení či bych navrhl vlastní usnesení, aby nám byly poskytnuty veškeré informace o rizicích, která ponese jak společnost SAKO, tak město Brno a jeho občané, v případě ukončení toho projektu. Ne pouze nějaké finanční dopady do společnosti SAKO, ale opravdu by mě zajímala, zajímala veškerá rizika, proto, abych se mohl informovaně rozhodnout o tomto problému.",2,eb0d7acd8a1bcc62
marek-lahoda,Z9/10,54,"Mgr. Marek Lahoda: Já už jsem nechtěl vystupovat, ale tím, jak pan náměstek Kerndl stočil diskusi zpátky k těm emisím, ale tentokrát tedy ne k emisím skleníkových plynů, ale k emisím znečišťujících látek, tak bohužel musím tady znovu nahlédnout do svých podkladů, které jsem si dal dohromady, a ocitovat pár nějakých odstavců, protože je potřeba ty věci uvést na pravou míru. Z dokumentace ohodnocení vlivu záměru na životní prostředí byla provedená evropská studie, která počítala roční a maximální krátkodobé koncentrace znečišťujících látek - NO2, SO2, PM10, PM2,5, benzen, benzo[a]pyren, CO, HCO, HF, TOC, NH3, PCDD/F, PCB, PAH a těžkých kovů, takže opravdu jako prakticky všechno, nebo všechny ty hlavní znečišťující látky, a došla k závěru, že nárůst imisních příspěvků ve výpočtových stavech, po realizaci záměru, oproti stávajícímu stavu byl pro všechny látky, s dobou průměrování 1 kalendářní rok, vypočten na úrovni nižší, než je 1 % příslušných imisních limitů. Tak, to je asi celkem zřejmé, jako jak významný ten nárůst bude. A, ale máme tady i jiná zhodnocení. Opět, jo, toto je posudek o vlivech záměru na životní prostředí podle zákona o posuzování vlivu a tady lze souhrnně konstatovat, že výstavu ani provozem záměru nebude okolní prostředí ovlivňováno takovým způsobem, aby hrozilo negativní ovlivnění zdraví obyvatelstva. Můžeme konstatovat, že akutní i chronická inhalační zdravotní rizika z expozice polétavým prachem jsou v řadě případů prakticky neměřitelné. Pracovníci ani obyvatelé okolních lokalit nebudou díky výstavbě či provozu vystavení působení látek škodících lidskému zdraví. A tak dál, a tak dál. Využití",0,eb0d7acd8a1bcc62
marek-lahoda,Z9/10,56,"Mgr. Marek Lahoda: Já bych chtěl nahlásit zmatečné hlasování, pardon.",0,eb0d7acd8a1bcc62
marek-lahoda,Z9/10,59,"JUDr. Markéta Vaňková, primátorka: Takže návrh nebyl přijat. Tak. Pak jsme tady dostali návrh od pana zastupitele Zemka, ale měl by to být teda, doufám, ten, který chtěl vznést Marek Lahoda, a je to: zastupitelstvo ukládá radě zajistit zpracování analýzy rizik ukončení projektu OHB II, linka K1 a předložit její výsledky na mimořádném zasedání Zastupitelstva města Brna dne 18. 10. Já jenom přečtu usnesení, které jsme, jestli se nemýlím, přijali, to bylo to první usnesení pana zastupitele Hrušky, a to bylo: zajistit analýzu rizik nerealizace projektu, včetně vyčíslení případné újmy. Takže já si myslím, že ta usnesení jsou totožná, byť trošku jinými slovy. Protože tady máme zajistit zpracování analýzy rizik, ukončení projektu, což už jsme schválili. Je to tak? Jo, a u toho návrhu pana zastupitele Hrušky tam navíc byla ta újma. Takže, za mě, vlastně to usnesení pana zastupitele Hrušky bylo komplexnější. Tak jenom, jestli se můžu, Adame, zeptat? Jo.",2,eb0d7acd8a1bcc62
marek-lahoda,Z9/12,1,"JUDr. Markéta Vaňková, primátorka, informovala, že dne 13. 11. 2023 Mgr. Marek Lahoda rezignoval na funkci předsedy klubu zastupitelů Pirátů a novým předsedou byl ustaven Mgr. Adam Zemek.",0,36a4e03789f899b5
marek-lahoda,Z9/12,17,"Mgr. Marek Lahoda: Já bych se chtěl jenom k tomuto materiálu doptat, protože ta důvodová zpráva je poměrně stručná a ten vlastně původní důvod potřeby toho navýšení tam není uveden. Tak já bych se chtěl zeptat, co je vlastně příčinou tadyté potřeby navýšit ty prostředky?",0,36a4e03789f899b5
marek-lahoda,Z9/12,17,"Mgr. Marek Lahoda: Jo. Děkuju panu Vaněčkovi za ten, za tu odpověď. Já jsem z toho teda pochopil, že to množství odpadu roste, mám teda jenom doplňující dotaz. A protože předpokládám, že ty, že ta čísla nemá v hlavě, tak mně ta odpověď bude klidně stačit dodatečně, písemně. Mě by jenom zajímalo, jaká je ta meziroční změna v množství těch jednotlivých druhů odpadů, které jsou produkovány v Brně?",0,36a4e03789f899b5
marek-lahoda,Z9/12,29,"Mgr. Marek Lahoda: Já bych se chtěl opět pouze doptat na jednu věc, protože tady, v tom materiálu se píše, že ke vzniku popisované svahové nestability došlo po odřezu svahu. A dále se tam dozvídáme, že stupeň antropogenního zavinění je i přes značné přírodní narušení vysoký, což když přeložíme do nějaké lidské řeči, tak to znamená, že to bylo způsobeno zásahem člověka, a nikoliv přírodní, přírodní pohromou. Tak já bych se chtěl zeptat, jak k tomu odřezu svahu došlo a kdo vlastně ho zavinil? A proč nyní to má město sanovat 20.000.000?",0,36a4e03789f899b5
marek-lahoda,Z9/12,38,Mgr. Marek Lahoda – požádal o samostatné hlasování o bodu 68).,2,36a4e03789f899b5
marek-lahoda,Z9/12,51,"Mgr. Marek Lahoda: Já bych se chtěl doptat na horkovod z Dukovan, protože vlastně před létem, v červnu, na červnovém zastupitelstvu se na něj doptávala paní zastupitelka Drápalová a bylo jí odpovězeno, že vlastně veškeré materiály, které můžou být poskytnuty, tak poskytnuty budou. Načež následně, v té písemné odpovědi, jsme se dozvěděli v podstatě to, že je, jsou všechny podrobné informace utajené, v rámci dohody o zachování důvěrnosti informací mezi Teplárnami a ČEZ. Což se mi teda trochu nezdá, protože, jako zastupitelé, bychom, podle mě, k těmto informacím měli mít přístup. A proto bych chtěl, i podle zákona o obcích, požádat o poskytnutí toho podnikatelského záměru, který by, dle informací z médií, již měl být zpracován.",0,36a4e03789f899b5
marek-lahoda,Z9/14,31,"Mgr. Marek Lahoda: Já bych se chtěl jenom zeptat, protože to je nemalá částka, 850.000, za právní služby a není tam, v té důvodové zprávě, uvedeno vlastně nějaké podrobné, podrobný účel. Tak jsem se chtěl zeptat, na co konkrétně to slouží?",0,198b605f95c9e2a9
marek-lahoda,Z9/14,31,"Mgr. Marek Lahoda: Jo, děkuju. Tak v tom, v tomto rozsahu to tam uvedené bylo, v té důvodné zprávě. Ale mě by zajímalo jako nějaké konkrétnější, jako vymezení, jako pro co konkrét, co se tam jako konkrétně teďka řeší po, po té právní stránce, ohledně toho nového územního plánu?",0,198b605f95c9e2a9
marek-lahoda,Z9/14,52,"Mgr. Marek Lahoda: Já bych se chtěl zeptat, proč je tady, v té 3. odrážce, v tom materiálu, navržená ta výjimka ze Statutu Fondu kofinancování projektů spočívající v poskytnutí indivoda, individuální investiční dotace spolku Tělovýchovná jednota Lokomotiva-Ins,Ingstav, na Jakuba Obrovského v Bystrci? Ten jejich projekt jsme tady měli už opakovaně a je opravdu problematický. A vlastně ani tadyvtom materiálu, v té důvodové zprávě, není nijak okomentováno, proč by měla být ta výjimka udělena.",0,198b605f95c9e2a9
marek-lahoda,Z9/14,52,"Mgr. Marek Lahoda: Já bych chtěl jenom poprosit, pokud bysme tu výjimku mohli hlasovat odděleně?",0,198b605f95c9e2a9
marek-lahoda,Z9/14,66,"Mgr. Marek Lahoda: Já bych chtěl jenom poděkovat za rychlé vyřešení té situace v přednádraží, kde vlastně krajský úřad shodil tu pěší zónu a nyní je tam teda, snad už natrvalo, stanovena sdílená zóna, jako na 1. místě v České republice. Tak já doufám, že se to osvědčí, byť teda si osobně myslím, že bez nějakého toho kamerového dohledu tam, to tam úplně fungovat nemůže, ale pokud mám správné informace, tak se také chystá vlastně kontrola těch zákazů odbočení. A zároveň teda bych chtěl vyzvat k tomu, aby vedení města zvýšilo úsilí na rekonstrukci celého tohoto prostoru. Na kompletní rekonstrukci celého tohoto prostoru, včetně Benešovy a Malinovského náměstí, protože jsou to v podstatě poslední veřejné prostory v historickém jádru města Brna, které nejsou rekonstruovány. Je to zároveň vstupní brána do města před, z nádraží a myslím si, že to je velká ostuda města, že je to v takto zbídačeném stavu, tadyty ulice. Takže bych chtěl k tomu vyzvat a zároveň bych poprosil o informace, v jakém konkrétním stavu přípravy rekonstrukce těchto prostor je.",0,198b605f95c9e2a9
marek-lahoda,Z9/16,18,"Mgr. Marek Lahoda: Já se chci jenom doptat k tomuto projektu, protože město již vynaložilo přes 100.000.000 Kč na investiční záměr vybudování venkovního výběhu pro šimpanzi, který teda nebyl, bohužel, dokončen, protože tam byly nějaké problémy, a nyní teda tady chce vynaložit dalších 16.500.000 na vlastně transformaci tohoto výběhu za jiným, na jiný účel. A já se chci zeptat, esi jsou mé informace správné, že vlastně by ten projekt pro šimpanzi šel dokončit za nižší částku? Případně za jakou? A proč se vlastně město teda rozhodlo tento výběh pro šimpanzi nedokončit a dát tam jiné, jiná zvířata?",0,d527a00c9a941791
marek-lahoda,Z9/16,60,"Mgr. Marek Lahoda: Já bych se rád vrátil k tématu lanovky, protože jsem nechtěl prodlužovat tu diskusi v čase pro občany, a jednak bych tedy rád, protože jsem měl taky spoustu dotazů, které, většina z nich už tady padla, tak bych chtěl poprosit, jestli by ty odpovědi na ty dotazy občanů k lanovce mohly být zaslány i mně. Ať se mi nedostanou až za ten měsíc, v dalších materiálech na zastupitelstvo, ale ať, esli by mi mohly být zaslány rovnou, jak budou zasílány občanům. A poté bych se chtěl doptat, protože jsem v článku na Mladé frontě zaznamenal vyjádření pana mluvčího, ve které, ze kterého jsem pochopil, že eště bude zpracovávána nějaká analýza, která by zřejmě teda měla posoudit tu dopravní výhodnost tohoto projektu, tak bych se chtěl zeptat, jestli opravdu taková analýza bude zpracována? Za mě by to opravdu bylo potřebné. Protože pokud se bavíme o tom, že ten cestovní čas té lanovky má být nějakých 5, 6 min., tak linka E56, která jede tunelem, v současné době má vlastně stejný cestovní čas, v této relaci. Takže já tam opravdu tu dopravní výhodnost toho projektu nevidím. Neshledávám tam tu potřebu investovat zde 1.000.000.000 do tohoto projektu. A chtěl bych opravdu nějaké podklady, které doloží, že je to potřeba stavět. A potom eště, možná jenom tak jako na závěr, k odlehčení, bych se chtěl zeptat pana náměstka Černého, estli ten pan podnikatel Černý, který zde vlastní ty pozemky, tak estli je to nějaký příbuzný, nebo jestli je to jenom shoda jmen?",0,d527a00c9a941791
marek-lahoda,Z9/15,13,"Mgr. Marek Lahoda: Já bych se chtěl zeptat pouze na jednu věc k tomuto bodu, která už teda není v tom materiálu na zastupitelstvo, ale byla eště na radě, tadyutohoto bodu, a týká se projektu ná, s názvem Zklidnění ulice Vlhká, kde je teda v popisu napsáno, že po rekonstrukci parčíku před ubytovnou na ulici Vlhká je tento veřejný prostor hojně využíván veřejností, zejména dětmi. A navrno, navrhovaná rekonstrukce reaguje na stížnost občanů, že na nebezpečné situace, v souvislosti s dětmi vbíhajícími i do vozovky, plánováno je osazení prostoru zahrazovacími sloupky s řetězem, případně další úpravy. Tak, jako bod se menuje, nebo akce se menuje Zklidnění ulice, ale z popisu to zní, že se budou zklidňovat spíš neposlušné děti řetězy. Tak já bych se chtěl zeptat na nějaké podrobnosti tadyktomuto bodu, jestli teda by opravdu nemohlo dojít ke zklidnění té ulice Vlhká, například nějakým příčným prahem nebo jiným podobným opatřením na reálné zklidnění dopravy?",0,f5c65d180b769ffd
marek-lahoda,Z9/15,13,"Mgr. Marek Lahoda: Jo. Možná jsem to měl dát spíš až do interpelace. Děkuji, bude mi to určitě stačit písemně.",2,f5c65d180b769ffd
marek-lahoda,Z9/15,34,"Mgr. Marek Lahoda: Já bych chtěl jenom upozornit, že v té tabulce, v té důvodové zprávě, jsou zřejmě prohozené způsobilé a nezpůsobilé výdaje. V textu je to zřejmě správně, a i v té tabulce na konci, ve financování, je to také správně. Ale v té důvodové části je to zřejmě prohozeno. Tak jenom, esi by to poté šlo opravit?",0,f5c65d180b769ffd
marek-lahoda,Z9/15,72,"Mgr. Marek Lahoda: Já tadyvtomto, nečekaně, musím souhlasit s panem Kmentem. A chci se zeptat, protože tyto informace zatím nemám, vidě, vím, že ta lanovka byla nějak posuzována v různých variantách, ale pokud vím, tak dosud nebyla posouzena jiná alternativa transportu cestujících z Pisárek na kampus rychlou cestou, a to jest, například, parciálním trolejbusem, tunelem. Což by, dle mého, laického, lehce poučeného, názoru bylo jak rychlejší, tak levnější. A proto se chci zeptat, ať už pana radního Kratochvíla, potažmo teda Odboru dopravy, potažmo Dopravního podniku, zda by bylo možné provést kalkulaci, kolik by takový, takováto přeprava cestujících stála? To znamená, pokud bychom uvažovali stejnou kapacitu, to znamená 2 000 cestujících za hodinu, tak kolik by bylo třeba nasadit parciálních trolejbusů a jaké by byly provozní a investiční náklady na takovoutu přepravu ve srovnání s investicí do lanovky?",0,f5c65d180b769ffd
marek-lahoda,Z9/15,74,"Mgr. Marek Lahoda: Já už to nechcu dál rozmazávat, tadytodle, a zabrušovat do toho. Jenom bych jako rád, za sebe, řekl, že já rozhodně nejsem proti výstavbě parkovacích domů tam, kde jsou potřeba. A rád bych teda informoval pana Krásného, že existují institucionální plány mobility, ve kterých lze prostřednictvím dotazníkového šetření u zaměstnanců a návštěvníků dané instituce zjistit, jak se do dané instituce dopravují. A pokud vím, tak onkologický ústav takovýto plán zpracovaný nemá. Myslím si, že by si ho zpracovat měl. A, a myslím si, že by ta parkoviště v okolí neměla být zadarmo. Poté by nebyla zneužívána k parkování lidmi, kteří sem nesměřují, do onkologického ústavu. A poté by třeba bylo vidět, byla vidět skutečná potřeba a skutečná kapacita, která je zde potřeba vystavět. Tolik za mě.",0,f5c65d180b769ffd
marek-lahoda,Z9/13,40,"Mgr. Marek Lahoda: Já, osobně, si myslím, že to není optimální, souhlasím s kolegem Zemkem, a rád bych tady dal jeden k dobru, jeden příběh ze života, tak jak to má rád i pan radní pro dopravu. Já jsem znám tím, že jezdím většinou po městě na kole, ale teďka, když sněžilo, tak jsem si udělal takový malý průzkum a jel jsem pravidelně MHD, po městě. A i když jsem jel mimo špičku, během dne, kolem poledne, tak ty prostředky MHD byly opravdu úplně narvané. Už jsem se tam málem ani nevešel. Takže, za mě, opravdu ten takt a ta kapacita není úplně ideální. A myslím si, že by se to mělo navýšit, aby byli lidé motivováni využívat MHD a nebyli nuceni jezdit osobními automobily.",0,1f55fba1fd91456a
marek-lahoda,Z9/13,41,"Mgr. Marek Lahoda: Já jsem neříkal, že by město něco omezovalo, ale říkal jsem, že by si, že si myslím, že by mělo právě navýšit ty intenzity spojů. A to především z důvody přeplněnosti, jak během špičky, tak během dne. A samozřejmě jsou i nějaké časy, které třeba nejsou tak využívané, a tam by naopak zase mohlo dojít k jistému omezení. My jsme se o tomto s panem ředitelem Havránkem bavili asi před půl rokem na nějaké schůzce. Bylo nám přislíbeno, že bude uděláno nějaké prověření, že budou vlastně nějaké konkrétní linky, které jsme navrhovali, tak že tam bude sčítání a že poté se k tomu dále sejdeme. Ale to už se teda bohužel nestalo. Tak nevím, estli pan ředitel teda by se k tomu mohl nějak vyjádřit, estli tadyto sčítání proběhlo, a estli by nám mohly být dány ta data a případné nějaké návazné opatření, která teda byla, měla být navržena.",0,1f55fba1fd91456a
marek-lahoda,Z9/13,41,"Mgr. Adam Zemek: Já bych jenom rád poděkoval panu radnímu, že je tady vůle pro nějaký dialog, jak už naznačil Marek Lahoda, my se snažíme být v kontaktu, takže, takže děkuju za to, že je vůle i z druhé strany, to je fajn. Budu jenom rád, když v průběhu roku vytipujeme nějaké úseky, které by si třeba zasloužily posílení, a společně se na to podíváme. Ještě jedna poznámka k tomu, k tomu omezování. Určitě, omezování se neděje, a je, je pravda, to potvrzuju, že to, co říkal pan radní, že vlastně město vyhovělo plně požadavku Dopravního podniku, ale tam je to právě o tom, co město si u Dopravního podniku objedná. Protože město nejdřív řekne, jaký rozsah dopravy chce, a Dopravní podnik potom řekne, kolik za to chce peněz. A je pravda, že tento požadavek město splnilo vlastně beze zbytku, a to je určitě fajn. Ale bylo by dobrý se možná zaměřit i na to, jaký ten rozsah dopravy to město objednává, úplně na začátku toho procesu. Ale budu jenom rád, když ten dialog bude nějakým způsobem pokračovat a když třeba, v průběhu roku, najdeme nějaké další projekty, konkrétní, které by si zasloužily posílení.",0,1f55fba1fd91456a
marek-lahoda,Z9/13,78,"Mgr. Marek Lahoda: Vážení kolegové, já už jsem to nechtěl tady protahovat, ale protože tu opakovaně zaznívají ty argumenty o tom, že strážníků v ulicích, nebo v Brně, obecně, je málo, a tento argument vlastně slýchám už dlouhodobě, tak bych jenom tady rád uvedl, že vlastně datoví novináři z rozhlasu se problematikou, řekněme, jako kontroly dodržování pořádku zabývali v několika článcích, v poslední době. A v jednom článku, který vyšel před pár týdny na rozhlasu, tak oni si vlastně vyžádali data o počtu přestupků a je to tam vlastně velmi zajímavě popsáno. Já to nebudu asi číst celé, odkážu Vás na ten článek, ale rád bych tady jenom ocitoval jeden krátký odstavec. „Při necelých 450 strážnících v terénu tak v roce 2022 připadá asi půl dopravního přestupku na člověka a den. Průměrná pokuta za špatné zastavení či stání byla podle jeho zjištění 224 Kč. Řada vyasfaltovaných ploch v přeplněném centru tak místo původního účelu slouží jako levné parkovací místo. A teď, já jako rozumím, že strážníci nemají za úkol buzerovat lidi a jenom rozdávat pokuty jak na běžícím páse, že určitě mají i řadu dalších úkolů a plní spoustu různých úkonů. Ale opravdu mi teda přijde, aby 1 strážník rozdal 1 pokutu za den poněkud málo, když vidím, jak to tady na těch",0,1f55fba1fd91456a
marek-lahoda,Z9/17,66,"Mgr. Marek Lahoda: Já bych se chtěl zeptat na situaci podchodu pod hlavním nádražím, kde v posledních dnech proběhl požár, a nyní je teda celý podchod uzavřen. Jedná se o důležitou spojnici pro chodce, kudy denně projdou tisíce, ne-li desítky tisíc lidí. Je to teda jedna z nejvýznamnějších pěších tepen v Brně a chtěl bych se proto zeptat, kdy bude znovu otevřená chodcům a jestli není možné, že by tato nešťastná událost mohla urychlit jednak rekonstrukci podchodu, a jednak i zprostupnění celého přednádraží, ve kterém je stále řada bariér ve formě zbytečných zábradlí?",0,7ebec469c9c23f69
marek-lahoda,Z9/18,1,"Omluveni: Mgr. Vladan Krásný (od 8:00 do 9:00 hod.), Mgr. Marek Lahoda, JUDr. Michal Marek, Mgr. Pavel Outrata, Mgr. Jaroslav Suchý (do 12:25 hod.), JUDr. Markéta Vaňková, primátorka.",0,aeee21aca2ee1a98
marek-lahoda,Z9/19,11,"Mgr. Marek Lahoda: My už jsme se k lanovce vyjadřovali několikrát v minulosti. Já asi jenom shrnu za náš klub, že nám to z dopravního hlediska smysl nedává. A chtěl bych poprosit o poskytnutí té technické studie, nové, protože to je pro mě nová informace, že byla zpracována. Tak bych si ji rád nastudoval.",0,7a2e7987609bcbd0
marek-lahoda,Z9/19,41,"Mgr. Marek Lahoda: My máme určité obavy ohledně tadytohoto projektu a chtěli bysme se zeptat, jestli se bude projekt realizovat etapovitě a bude zajištěno přemístění a ochrana na místě se dnes vyskytujících chráněných živočichů, především tedy obojživelníků a měkkýšů? A taky by nás zajímalo, jak dopadl monik, monitoring těchto biotopů, jaký je názor agentury pro ochranu přírody a krajiny na předložený projekt? A jestli v projektu navržená naučná stezka, která přitáhne návštěvníky, je v souladu s cílem ochrany této lokality, která je dnes klidovou oázou pro hnízdění ptactva?",0,7a2e7987609bcbd0
marek-lahoda,Z9/19,64,Mgr. Marek Lahoda - s omluvou prohlásil hlasování k bodu 83) za zmatečné.,0,7a2e7987609bcbd0
marek-lahoda,Z9/19,104,"Mgr. Marek Lahoda: Já jsem si pročítal Zápis ze Sněmu starostů a chtěl bych jenom poprosit, aby, až bude k dispozici ta informace o dalším postupu ve věci instalace fotovoltaických systémů na střechách městských budov, případně realizace komunitní energetiky, tak aby nám byla poskytnuta. I všem zastupitelům.",0,7a2e7987609bcbd0
marek-lahoda,Z9/19,105,"Mgr. Marek Lahoda: Já bych taky chtěl jenom požádat o zaslání toho posudku, statického, ke kinu Scala. A přimlouval bych se k tomu, aby to teda bylo zasíláno všem, pokud o ty materiály někdo požádá.",0,7a2e7987609bcbd0
marek-lahoda,Z9/19,106,"Mgr. Marek Lahoda: Jenom k tomuto tématu, zveřejňování materiálu pro občany. Já jsem taky moc rád, že jsou dostupné na internetu, akorát jsou tam nahrány po jednom materiálu. Takže pokud si občan chce prostudovat všech třeba 150 materiálů, tak musí 150x kliknout a po jednom si je stáhnout. Tak bych chtěl jenom poprosit, esi by tam někde nešlo dát i jeden archiv, třeba v zipu, aby se to dalo stáhnout najednou.",0,7a2e7987609bcbd0
marek-lahoda,Z9/21,23,"Mgr. Marek Lahoda: Já se chci jenom zeptat, proč nám, zastupitelům, byl tento materiál předložen v anonymizované podobě? Nedává mi to moc smysl, myslím si, že bychom měli mít dostupné veškeré informace, včetně těch osobních.",0,f9d440624b7d3d49
marek-lahoda,Z9/21,23,"Mgr. Marek Lahoda: To je asi dotaz na předkladatele, pana Pivce, vedoucího Odboru investičního.",0,f9d440624b7d3d49
marek-lahoda,Z9/21,23,"Mgr. Marek Lahoda: Případně stačí písemně, samozřejmě, případně stačí do budoucna nepředkládat a materiály v anonymizované podobě.",0,f9d440624b7d3d49
marek-lahoda,Z9/21,27,"Mgr. Marek Lahoda: Jedním z těch projektů, or, o kterých se zde hlasuje, je i rekonstrukce podchodu pod hlavním nádražím. A jelikož tato akce se připravuje už několik let, tak bych se chtěl zeptat, jaký je předpoklad zahájení této rekonstrukce?",0,f9d440624b7d3d49
marek-lahoda,Z9/21,64,"Mgr. Marek Lahoda: Já bych chtěl tady vyjádřit radost z toho, že se na zhotovení tramvajové trati na Kamechy přihlásily 4 firmy, s tím, že ta nejnižší vlastně podala o ¼ nižší nabídku. Ta původně odhadovaná cena byla 2.500.000.000 a ta nejnižší nabídka je teda 1.850.000.000, což je, zhruba, o 27 % méně. A chtěl bych se zeptat, estli vedení města či někdo z magistrátu tuší, čím je to způsobeno, že ta původně odhadovaná cena byla o tolik vyšší? Jako já vím, že je běžné, že se to pohybuje třeba o pár set miliard u takto velkých akcí, ale přijde mi, že 600.000.000.000, tedy o ¼ nižší cena, už je opravdu, pardon, milionů, 600.000.000, je opravdu už jako velký rozdíl.",0,f9d440624b7d3d49
marek-lahoda,Z9/22,20,"Mgr. Marek Lahoda: Já bych chtěl také poděkovat za tento rozpočet. Je v něm spousta věcí, se kterém, se kterými osobně souhlasím, avšak jedna oblast mi tam poměrně chybí. A dovolte mi proto dnes, při projednávání tohoto rozpočtu na příští rok, otevřít téma, které je z dlouhodobého hlediska klíčové",0,0a5e067d7f1d3081
marek-lahoda,Z9/22,21,"Mgr. Marek Lahoda: A jenom teda, v závěru, bych chtěl ještě navrhnout, aby před realizací projemu, projektu Programu řeka proběra konzultace s odborníky, například z CzechGlobe, Lipky nebo dalších, relevantních organizací. Je důležité, aby navrhovaná opatření byla efektivní a skutečně přinášela očekávané výsledky. Děkuji vám za pozornost. Věřím, že se společně dokážeme podniknout kroky, které zlepší životní pro, podmínky v našem městě. A teda eště konkrétní usnesení - Zastupitelstvo města Brna schvaluje převod částky, 29.000.000 Kč, z nezapojené rezervy Fondu rezerv á rozvoje do rozpočtu OŽP na novou rozpočtovou položku za účelem individuálních dotací pro městské části na adaptační opatření. Předávám písemně.",0,0a5e067d7f1d3081
marek-lahoda,Z9/22,22,"Mgr. Marek Lahoda: Já se moc omlouvám, zmatečné hlasování. Já jsem zapomněl hlasovat.",0,0a5e067d7f1d3081
marek-lahoda,Z9/22,37,"Mgr. Marek Lahoda: Já jsem se přihlásil na poslední chvíli, děkuji. Já se chci jenom zeptat, protože jsem eště od naší komisařky zjistil, že v rezervním fondu by měla Nemocnice Milosrdných bratří mít stále zhruba 50.000.000 Kč, tak se chci zeptat, proč se tadyty vícenáklady neplatí z toho jejich rezervního fondu?",0,0a5e067d7f1d3081
marek-lahoda,Z9/22,78,"Mgr. Marek Lahoda: Já mám dotaz zřejmě taky na pana Kratochvíla. Já se chci zeptat, protože jsem si všiml, že na zítřejší radu je zařazen bod týkající se lanovky, a konkrétně žádost o pokyn ze strany Dopravního podniku, tak se chci zepsa, zeptat na obsah tadytohoto bodu vlastně a na to, jaký teda bude další postup ve věci lanovky?",0,0a5e067d7f1d3081
marek-lahoda,Z9/23,13,"Mgr. Marek Lahoda: Já se chci jenom zeptat, protože tadyten materiál, týkající se rozpočtového opatření pro Odbor investiční, má poměrně stručnou důvodovou zprávu, tak se chci jenom zeptat, o jaké hromadné parkovací kapacity, a na které, se jedná, a na které parkoviště se budou instalovat závory? Jestli by mohl třeba pan vedoucí Odboru dopravy odpovědět?",0,4658264f1b9b47c0
marek-lahoda,Z9/23,64,"Mgr. Marek Lahoda: Já mám jenom otázku k těm tabulkám, které jsou na konci. A konkrétně k tomu, protože tady je uvedené, že některé le, regulační plány jsou, nebo budou předloženy s návrhem na zrušení a některé s, k rozhodnutí o pořízení změny. Tak mě by zajímalo, na základě čeho je to rozděleno, které plány budou zrušeny a které vlastně budou aktualizovány?",2,4658264f1b9b47c0
marek-lahoda,Z9/23,67,"Mgr. Marek Lahoda: My určitě naši senátorku oslovíme v tomto, protože souhlasíme s tím, co říkal pan Bořecký. Já mám prosbu. Připojuji se k paní Drápalové s prosbou ohledně zaslání toho vyjádření ohledně lanovky, protože mě to taky velmi překvapilo. A poté bych eště chtěl požádat o nějaké vysvětlení, nějaký rozpis těch víceprací u ARENY BRNO, proč došlo k tomu navýšení o 300.000.000 Kč.",0,4658264f1b9b47c0
marek-lahoda,Z9/25,1,"Připojeni on-line: Bc. Tomáš Aberl, člen Rady města Brna, Kristýna Černá, Mgr. Marek Lahoda (od 9:00 do 11:00 hod.).",0,e988b29ad183637c
marek-lahoda,Z9/25,1,"Omluveni: Mgr. Bc. Tomáš Anderle, MBA, LL.M., MUDr. Alena Gruberová (od 11:00 hod.), Mgr. Petr Hladík, Mgr. Marek Lahoda (od 11:00 hod.), Ing. Pavel Urubek (od 9:50 do 10:50 hod.), Libor Zábranský.",0,e988b29ad183637c
marek-lahoda,Z9/25,25,"Mgr. Marek Lahoda: Já se chci zeptat, jestli má město už s developerem uzavřenou nějakou smlouvu, potažmo jestli na něj bude mít nějaké jiné páky, aby tam CTP opět vytvořilo byty? Protože podle územního plánu je to vlastně oblast pro smíšené bydlení, ale jak víme, tak v těch objektech, které už tam dneska existují, tak byty nejsou, pokud vím, prakticky žádné, nebo je jich tam opravdu minimum.",0,e988b29ad183637c
marek-lahoda,Z9/25,26,"Mgr. Marek Lahoda: Děkuji za slovo a za odpověď pana Olivy, předtím. Já samozřejmě vím, že jsou stavebníci, developeři vázáni územním plánem, ale bohužel, jak se ukazuje, tak ti velcí developeři v tom asi umí nějak chodit a ten územní plán, řekněme, trochu obejít. Protože i v tom původním územním plánu bylo jo, bylo toto území určeno jako smíšené a měly tam prostě vzniknout byty v určitém podílu. A momentálně tam prostě jsou samé kanceláře. Takže já mám obavu z toho, aby tam nevznikly zase jenom další kanceláře, protože těch, si myslím, že máme už nedo, dostatek v Brně, zatímco těch bytů je opravdu nedostatek.",0,e988b29ad183637c
marek-lahoda,Z9/24,16,"Mgr. Marek Lahoda: Já se chci jenom zeptat, když město tady se bude podílet na provozu atletického stadionu Pod Palackého vrchem, jestli je tam zajištěná nějaká možnost, aspoň v nějakých časech, aby jej využívala i veřejnost.",0,0f8748a98e03e9ac
marek-lahoda,Z9/24,54,"Mgr. Marek Lahoda: Já bych tady rád eště otevřel téma protipovodňových opatření v Brně. Loni, v září, mělo totiž Brno neskutečné štěstí. Kdyby spadlo původně pla, předpovídané množství srážek, nádrže Vír a Brno by už nestačily a půlku jihu města by spláchla povodeň. Stejně jako se to stalo městům na severu Moravy a ve Slezsku. I z hlediska rozvoje města jsou protipovodňová opatření naprosto zásadní, bez nich se na řadě míst nesmí stavět. Vedení města do médií říká, že dělá, co může. Přitom ale projekt Poříčí má zpoždění 2 roky, navazující úsek Trnitá ještě stále nemá stavební povolení, ani zhotovitele. Zahájení stavby se očekává nejdříve příští rok. Zbrojovka má teprve koncepční studii, proto zahájení se očekává v roce 28, a další 3 úseky se aktuálně ani neprojektují. Dle webu města nemají ani stanovený harmonogram prací. Přitom v dnešním, lidstvem rozkolísaném klimatu, může další velká voda přijít klidně znovu již letos. A díky hydrometeorologickému ústavu víme, že se vlivem oteplování srážky v České republice přesouvají do teplého půlroku. Proto je, podle mě, důležité, aby město z protipovodňových opatření udělalo opravdu svoji, jednu ze svých priorit. A chtěl bych se tady připojit k panu starostovi městské části Brno-jih, který se do médií vyjadřoval ve smyslu, že apeluje na to, aby se příprava opatření urychlila. Chtěl bych také apelovat na to, abyste přípravu opatření urychlili. Navrhuji, aby se všechny další plánované úseky začaly připravovat souběžně, nečekalo se na to, až se udělají ty aktuálně rozpracované úseky. To znamená, aby se zahájila příprava studií, studií proveditelnosti, případně architektonických studií. A prosím teda o reakci na tento můj apel, jestli tak učiníte?",0,0f8748a98e03e9ac
marek-lahoda,Z9/26,65,"Mgr. Marek Lahoda: Já se chci jenom krátce vrátit k tomu tématu lanovky a doptat se drobně na to, co tady padlo v odpovědích na interpelace občanů ohledně dalšího postupu v této věci, a konkrétně, jestli je v plánu zadávat zpracování takzvané velké EIA? Protože já jsem teda pochopil, že momentálně asi se teda čeká na nějaké zpracování, nebo vyhodnocení těch dalších plánovaných projektů, ale zajímalo by mě, jestli má Dopravní podnik, potažmo vedení města, v plánu zpracovat i velkou EIA, kvůli které teda soud shodil to stavební povolení?",2,e5fe37ddafdb66a3
marek-lahoda,Z9/27,23,"Mgr. Marek Lahoda: Slyšíme se? Jo. Děkuju za slovo. Vážená paní primátorko, vážené kolegyně, kolegové. Já chápu tady záměr tohoto projektu, ale zároveň bych se chtěl přimluvit o to, aby byl, aby byly všechny tyto projekty, jak města, tak ostatních institucí, typu Ředitelství silnic a dálnic a Správa železnic, jako sjednocený na jeden web, na internetu, kde by to bylo snadněji dostupné pro všechny občany, a zároveň, aby tam u nich byl, byly jako aktuální informace a třeba, pokud možno, i nějaké základní výkresové dokumentace, vizualizace a tak podobně. Přijde mi, že v současné době jsou tyto informace na různých webech, ať už města, nebo těch institucí, a pokud člověk něco hledá, po, nějaký občan, který se v tom neorientuje, něco hledá, tak je to pro něj velmi složité si k tomu dohledat ty informace. A ty podrobnější informace vlastně ani na těch webech nejsou. Přijde mi, že vhodným způsobem to má například participativní rozpočet, kde vlastně ke každému tomu projektu je vidět aktuální stav, aktualizovaný po jednotlivých měsících, byť tam teda nejsou úplně ty dokumentace ke stažení. To by mně přišlo jako ideální. Tak bych se o to chtěl přimluvit.",0,1ac7d00d7789f14d
marek-lahoda,Z9/27,24,"Mgr. Marek Lahoda: Ano, děkuju. Já samozřejmě web, Co bude, Brno?, znám, ale tam opravdu nejsou jakoby všechny projekty města. Tam jsou jenom ty úplně největší a nejsou tam k nim aktuální informace a ani ty dokumentace. Takže proto jsem to takto popisoval.",0,1ac7d00d7789f14d
marek-lahoda,Z9/27,100,"Mgr. Marek Lahoda: Ano, ano, zdravím mensku. Já nemám už nic k letenkám. Já se chci zeptat na jinou záležitost, se kterou se na mě obrátila jedna občanka. Jedná se o vytvoření zahrádky na Šilingrově náměstí pro Pivovarský dům Poupě. Byť samozřejmě tuto formu stravování podporuji, a jsem rád, že Br, Brno žije v létě a jsou v ulicích zahrádky, tak na tomto místě mi ten způsob umístění přijde jako poněkud nevhodný. Jednak se tam tím zabraly ty stojany, a zároveň se vymístily z nich ty koloběžky, které tam nyní blokují průchod chodcům, a, a vlastně momentálně na Šilingrově náměstí, což je jeden ze vstupních bodů z tramvaje do města Brna, do cen, do historického jádra, tak tam není vlastně vůbec žádné místo k zaparkování, jak kol, tak těch sdílených, sdílených prostředků. A ke mně se vlastně donesla informace, že tato zahrádka nemá ani vy, vyřízený ZUK, tedy zvláštní užívání komunikace, je tedy nelegální. Tak bych k tomuto chtěl některý informace si vyžádat a také vlastně, kdo to povolil, nebo kdo vydal pokyn k jejímu umístění?",0,1ac7d00d7789f14d
marek-lahoda,Z9/29,65,"Mgr. Marek Lahoda: Já bych chtěl tady upozornit na problematiku dlažby v centru Brna, která už se tady taky v minulosti řešila. Teďka proběhl, proběhla akce „Vem si kelímek a zasyp mě“ na Římském náměstí, za kterou bych chtěl jak organizátorkám, tak občanům, kteří se jí podíleli, poděkovat. Došlo teda k nějakému zarovnání povrchu a doplnění štěrku mezi ty dlažební kostky tak, aby se tam dalo lépe chodit. Bohužel na spoustě ulic ve zbytku historického jádra ta dlažba je stále velmi rozbitá. A je to právě z důvodu toho, že tam správce komunikací nedoplňuje ten štěrk, potažmo písek. Už vlastně tím vznikly škody za desítky milionů, které teda byly, byla ta dlažba opravena, v některých úsecích, ale některé úseky jsou stále velmi rozbité. Respektive se to tam teda třeba opraví a za pár týdnů se to znovu zase těmi vozidly rozbije. Tak bych se chtěl zeptat, nebo chtěl bych se zeptat na jednu věc, a to, po, kdy se opraví i zbytek té dlažby v historickém jádru, jestli je to v plánu a kolik to bude stát? A zadruhé bych chtěl požádat, aby správce komunikací pravidelně doplňoval ten štěrk a písek tady, i do těch ostatních ulic, tak, aby vlastně nedocházelo k pohybům tlé, té dlažby a k jejímu uvolňování a rozbíjení.",0,af870d56898ecc01
marek-lahoda,Z9/28,15,"Mgr. Marek Lahoda: Já bych se chtěl jenom zeptat na ten projekt „Vstupní objekt Kolonády na nábřeží řeky Svratky“ ve výši 1.800.000 Kč. Proč vlastně se s tím nepočítalo už při vybudování těch protipovodňových opatření? A v případě teda, že dojde k tomu přesunu technického zázemí, tak kde to technické zázemí bude, když teda mělo být tadynatomto místě, původně?",0,7ac680d41d8d0dd0
marek-lahoda,Z9/28,15,"Mgr. Marek Lahoda: Takže esi jsem rozuměl správně, tak to bude provozovat městská část? Nebo městská část bude eště soutěžit, nebo vybírat nějakého dalšího provozovatele?",0,7ac680d41d8d0dd0
marek-lahoda,Z9/28,20,"Mgr. Marek Lahoda: Už tady toho padlo hodně, ačkoliv jsme ještě neschválili ani ten bod, ale je vidět, že teda chuť diskutovat je velká, já jsem za to velmi rád. A jsem za to velmi rád, že se tu všechny ostatní politické kluby připojily ke stanovisku klubu Pirátů, protože my, už zhruba od roku 2015, řikáme, že fotbal patří za Lužánky. A eště, když byl náměstek, tady pan Koláčný, tak jsme se pro to snažili dělat maximum, vlastně scelit tam ty pojedn, pozemky majetkově, tak aby bylo možné tam ten stadion postavit, podle té architektonické studie od pana Hrůši. Takže mám velkou radost. Vítáme i příchod tady, pana investora Kačeny, jeho nabídku na výstavbu tohoto stadionu. Ta lokalita je dobře dopravně dostupná, jak hromadnou dopravou, tak, podle posudku, které si město nechalo zpracovat, na základě informací z Mladé fronty, jsou tam i ty garáže, podzemní, stále vlastně v dobrém stavu, takže je možnost tam i parkování. Je to v pěší dostupnosti od centra města, takže za nás je ta lokalita naprosto ideální. Má to i svého genia loci, je tam prostě historie dlouhá, kterou bychom chtěli zachovat. A jenom bych rád eště vznesl jednu otázku, protože město si zde nechalo zpracovat architektonickou soutěž, která teda má být asi zveřejněna někdy, v září, tak jenom bych se chtěl zeptat, jak to s ní vypadá, esi teda ty její výsledky budou anulovány, nebo jak to dopadne? Každopádně za nás fotbal patří za Lužánky.",0,7ac680d41d8d0dd0
marek-lahoda,Z9/30,20,"Mgr. Marek Lahoda: Já určitě souhlasím s tím, že si nábřeží zaslouží nějaké osvětlení, osobně jsem si to tam byl včera večer projet, abych se na to podíval, jak to vypadá i v noci, a urč, a jsou tam jako nějaké úseky, které potřebují dosvětlit. Zároveň je tam ale několik, nebo řada úseků, které už dnes jsou jako nasvětlené dostatečně, je to například ten úsek podél toho Poříčí, který je prostě osvětlen těmi lampami z toho okruhu, a je to tam už dnes prostě nasvětlené plnohodnotně. Lidé tam chodí, běhají, jezdí na kole i, i večer. Á jako není tam žádný problém s viditelností. Ale některé ty úseky určitě by si zasloužily nějaké dosvětlení. Mě ovšem trochu zarazila ta forma, jakou to má být teda uděláno. Že se tam jenom do, doplní nějaké výložníky a doplní se tam teda jakoby silniční osvětlení na takto významný veřejný prostor, za několik miliard. A proto bych se chtěl zeptat, jednak teda, proč už to nebylo součástí toho původního projektu, nějaké jako plnohodnotné nasvětlení tehoto veřejného",0,b92d222bc5bd1312
marek-lahoda,Z9/30,64,"Mgr. Marek Lahoda: Já bych se rád vrátil k té své interpelaci z minule, ohledně dlažby v centru, a odpověď mi teda bude stačit písemně, protože k tomu mám víc dotazů. Na úvod bych jenom rád řekl, že vlastně teďka jsme na finančním výboru radě doporučovali zařadit do závazného plánu investic dalších 21.000.000 na rekonstrukci, nebo opravu té dlažby na Masarykově a náměstí Svobody, s čímž já určitě souhlasím, protože je to potřeba udělat. Jenom tím chci poukázat na to, že opravdu jde o opravy ve výškách desítek milionů, což tady bylo teda minule zlehčováno. A teda k těm otázkám. Já bych se rád tedy dozvěděl, jaká je celková částka za opravy těch povrchů, v gesci Brněnských komunikacích, řekněme, za posledních, třeba 5 let? Kdy naposledy byl doplňován ten výplňový materiál do té dlažby v historickém jádru? Jak často dochází k tomu doplňování? Jaká je frekvence toho úklidu ploch, který teda provádí Brno-střed, jak jsme se dozvěděli, ale já jsem se ptal pana starosty a on mi teda nepotvrdil, že by tu, ten výplňový materiál jakkoliv vysávali. Tak to by mě teda taky zajímalo, jak to je. A proto se chci zeptat, jaká je ta technologie toho úklidu těch povrchů? A stačí mi to písemně.",2,b92d222bc5bd1312
marek-lahoda,Z9/31,22,"Mgr. Marek Lahoda: Já se chci jenom zeptat, protože tadyvtomto bodě se převádí 1.000.000 původně určený na demolici stadionu za Lužánkami, kterážto, jak jsme si všimli, eště nezapočala. Tak se chci zeptat, jaký je v tomto ohledu plán vedení města Brna?",0,be8083cfb4f00a99
marek-lahoda,Z9/31,22,"Mgr. Marek Lahoda: Ano. Ohledně demolice, esi se s ní stále počítá nebo to záleží až na tom, jak dopadne to koncesní řízení?",0,be8083cfb4f00a99
marek-lahoda,Z9/32,1,"Připojeni on-line: JUDr. Robert Kerndl, náměstek primátorky, Mgr. Vladan Krásný, Mgr. Marek Lahoda.",0,f2d978b02f87f5fa
marek-lahoda,Z9/33,80,"Mgr. Marek Lahoda: Já tady mám 1 dotaz, nebo teda těch dotazů je víc, ale pokusím se to zkrátit. Rozhlas nedávno upozornil na 2 roky nainstalované, ale stále nefunkční kamery pro kontrolu, průjezd na červenou, u Staré osady. A mně přijde, že to není ojediný, ojedinělý problém, ale součást širších potíží s dopravní telematikou v Brně, do které město za posledních dlet, 10 let investovalo asi 1.800.000.000 Kč, dohromady. Přitom některé tadyty nakoupené systémy dosud evidentně nefungují, vůbec, nebo fungují nespolehlivě. Bavili jsme se tady například o preferenci MHD, opakovaně. Domnívám se, že za takto vysoké částky mají Brňané právo znát konkrétní odpovědnost, náklady, smluvní podmínky, přínosy i důvody zpoždění či nefunkčnosti jednotlivých projektů. A proto žádám jejich podrobné vysvětlení. Pro velký doz, rozsah těch mých dotazů je, s dovolením, zašlu písemně mailem panu radnímu pro dopravu, abychom tu s jejich předčítáním neztráceli čas. A poprosím teda potom o odpověď také písemně.",2,91c18ad4dbe746da
marek-lahoda,Z9/35,19,"Mgr. Marek Lahoda: Já se chci zeptat tady k tomuto bodu, protože se jedná o výrazné navýšení příspěvku na provoz stadionu na Srbské, vlastně o 5,5 milionu na celkem 8,5 milionu, ale ta důvodová zpráva je poněkud strohá, tak bych se chtěl zeptat, na co ty peníze konkrétně mají směřovat, protože teda hlavně od občanů z Krpole jsou tam opakované stížnosti, hlavně teda v době zápasů, že tam prostě umístění toho stadionu na Srbské působí problémy a i za mě nebo za náš klub bych řekl, že spíš preferujeme prostě fotbal za Lužánkami. Děkuji.",0,0e845920a9ca9f72
marek-lahoda,Z9/35,20,"Mgr. Marek Lahoda: Děkuji ještě jednou za slovo a za ta vyjádření. Všechno to chápu a v podstatě s tím souhlasím. Mně šlo o jediné, já, jako sportovní laik v tomto ohledu, protože to nesleduji, nechodím tam, tak se v tom prostě nevyznám. Z popisu tohoto materiálu jsem pochopil, že se nejedná o žádné opravy stadionu, ale že je to neinvestiční dotace na provoz, proto se ptám, na co přesně ty peníze půjdou, protože to není napsané v tom materiálu, tak to je vlastně to jediné, nevím, jestli jsem se teďka dostatečně dobře vyjádřil. Prosil bych prostě jenom o vysvětlení, na co půjde těch 5 milionů korun navíc. Děkuji.",0,0e845920a9ca9f72
marek-lahoda,Z9/35,70,"Mgr. Marek Lahoda: Děkuji za slovo. Já bych rád zareagoval na ty dotazy od občanů, teda bohužel už tady nejsou, ale v těch interpelacích, nebo teda v tom prostoru pro občany nemá probíhat diskuse, takže bych rád využil tento prostor. Rád bych tady přečetl krátký text od historika Miloše Bělohlávka, který je v současnosti kastelánem na zámku Valeč v Karlovarském kraji, tedy v bývalých Sudetech. ""Stovky let jsme sdíleli jednu krajinu, jedna vedle druhé stály české a německé vesnice, města, kostely i hospody. Ovlivňovali jsme se navzájem víc, než jsme si dnes ochotni připustit. Přijímali jsme od sebe slova, zvyky, architekturu, hudbu, humor i způsob života. Na rozhraní kultur vznikl jedinečný prostor střední Evropy, komplikovaný, ale nesmírně živý a kulturně bohatý. Pak přišlo probuzení moderních národů v 18. a 19. století. Národy chtěly svůj jazyk, svou kulturu, svou důstojnost. Jenže postupně začalo převažovat přesvědčení, že vedle sebe nemohou existovat dva příběhy zároveň, že jeden musí zvítězit nad druhým. Hrůzy 20. století pak mezi Čechy a Němce postavily vysokou zeď: okupace, válka, teror, smrt. A po válce odsun, děsivé násilí a ohromné lidské tragédie. Češi i Němci udělali strašlivé věci a dopustili se dějinných selhání, o kterých nesmíme mlčet. Ne proto, abychom se navzájem obviňovali, ale proto, že společnost, která nedokáže pravdivě mluvit o vlastních vinách a chybách, riskuje, že nevyřešené problémy budou tiše hnít ve stínu a znovu čekat na svůj čas. Celý život se setkávám s českými Němci, s odsunutými, se zůstavšími, i s těmi, co odešli dobrovolně. Poznal jsem jich stovky. A vím jedno: jsou to lidé jako my, se vším všudy. Dobří i složití, laskaví i tvrdohlaví, nesoucí si své bolesti, rodinné vzpomínky i své předsudky, stejně jako my. A možná právě v tom spočívá skutečné smíření. Ne v zapomenutí, ne v tom, že jedna bolest vymaže druhou, ale v tom, že přestaneme předstírat, že české utrpení ruší utrpení německé, nebo naopak. Protože smíření nezačíná tam, kde rány zmizely, začíná tam, kde se jich někdo dokáže dotknout. Posledních 30 let se mezi Čechy a Němci podařilo vybudovat pevné mosty: partnerství měst, společné projekty, přátelství, rodiny, obyčejná lidská setkání. Není to návrat starého světa, ten zmizel v katastrofách 20. století. Je to něco jiného. Je to schopnost znovu spolu mluvit, bez potřeby stále a dokola hledat, kdo udeřil první. Protože minulost nezměníme, ale můžeme rozhodnout, jestli její rány budou ovlivňovat naši přítomnost.“ A proto i já bych vás rád chtěl pozvat na festival smíření, který se bude konat tento víkend a příští týden. Děkuji.",2,0e845920a9ca9f72
marek-lahoda,Z9/36,20,"Mgr. Marek Lahoda: Děkuji za slovo, paní primátorko, vážení kolegové, kolegyně a vážené občanstvo, které tu dnes přišlo. Já budu opravdu velmi krátký, chcu jenom technicky. Já chápu pána, že je naštvaný, a chápu tady ty velké emoce, protože se stal obětí dezinformační války, a to, co tady předvedl, je naprosto dokonalý příklad dezinformací, kdy prostě vezmete jenom část toho výroku, který někdo pronesl, a na základě této části výroku poté něco tvrdíte. Já bych rád jenom přečetl celý ten výrok. ""Nemohu s dekrety souhlasit, protože jsou postaveny na kolektivní vině,"" a dále pan Posselt říkal v tom rozhovoru, že „naše pozice je velmi jasná, myslíme si, že bychom neměli do tohoto tématu nijak zasahovat zvenčí, jde o českou záležitost, která se odsunu Němců, která se týká odsunu Němců od celkové politiky Eduarda Beneše. Bilancování těchto témat mezi Čechy probíhá, já si myslím, že by bylo velmi kontraproduktivní, kdybychom do toho zasahovali zvenčí. Toto je zkrátka výhradně česká debata“. A já bych chtěl jenom doplnit k tomu to, že pokud by měly být dekrety snad zrušeny, což už ani není nijak na stole a podle ústavních právníků už prostě je to nějaký předpis, který už jako je vžilý a už jako není dnes potřeba ho, jakkoliv řešit ani rušit, ale pokud by to někdo měl udělat, tak to musí udělat vláda České republiky. A kdo nám tu v dnešní době, prosím, vládne, je to ANO, SPD a Motoristé. Takže rozdmýchávání této nenávisti ze strany SPD není opravdu nic jiného než jenom rozdmýchávání kulturních válek na nějakých pseudotématech, která vůbec nejsou na pořadu dne. Děkuji.",0,597f2a8effabe498
marek-lahoda,Z9/36,72,"Mgr. Marek Lahoda: Já jsem rád, že teda pokud se tady pan Hladík vyjádřil, že od roku 29 už by teda ohňostroje v Brně probíhat neměly a měly by být tyto show jinými prostředky, šetrnými k životnímu prostředí, tak za to jsem opravdu rád. Ale za nás by bylo dobré, aby to tak bylo už od roku 28, a proto bych si dovolil tu přednést protinávrh k tomu předloženému materiálu, a sice, že „Zastupitelstvo města Brna pověřuje Radu města Brna vyjednáním změny podmínek smlouvy, jejíž podstatou bude změna charakteru festivalu už od roku 28 ze soutěžní přehlídky ohňostrojů na soutěžní přehlídku dronových a jiných světelných show a zrušení všech ohňostrojů v rámci festivalu“. Už jsem předal i písemně. Děkuji.",2,597f2a8effabe498
marek-lahoda,Z9/36,72,"Mgr. Marek Lahoda: No, za mě je to teda protinávrh, protože součástí toho původního materiálu je schválení té smlouvy a podstatou toho mého usnesení je jako změna té smlouvy, vlastně její přejednání. Takže za mě je to teda protinávrh. Jestli to chápu správně.",2,597f2a8effabe498
marek-lahoda,Z9/36,101,"Mgr. Marek Lahoda: Já bych rád ukončil tady toto utrpení, protože se obávám, že pokud by se dostal ke slovu pan Kment, tak bychom se tady zacyklili. Tak chci dát návrh na stažení tohoto materiálu, o kterém by se mělo hlasovat bez rozpravy. Děkuji.",2,597f2a8effabe498
marek-lahoda,Z9/36,140,"Mgr. Marek Lahoda: Děkuji za slovo, já mám dvě věci, ale budu velmi rychlý. První se týká rekonstrukce podchodu, já jsem se tady na to ptal už před dvěma lety a tehdy mi bylo přislíbeno, že by měla rekonstrukce probíhat v příštím roce, tedy v roce 2025. Stále nezačala, tak se chci zeptat na čem to vázne, a jestli už teď máme nějaký termín, který by byl reálný. Děkuju. A potom teda ta druhá věc, nevím, jak moc sledujete předpověď počasí, to je tak jako na odlehčenou, ale ta přicházející vlna veder lehká nebude, hlavně teda pro starší obyvatele, a i pro děti a tak. Opravdu ty teploty, které se blíží jsou jako extrémní a včera jsme tady měli nějakou prezentaci o mimořádných událostech. Toto bude jako jedna z těch mimořádných událostí. Chtěl bych se přimluvit za to, aby město nachystalo nějaký plán a nějaké akční kroky a nějakou třeba informační kampaň k občanům i ve vztahu k těmto extrémním událostem, kterých bude čím dál tím víc, a tento víkend si opravdu zažijeme jednu takovou, protože teploty v Brně mají šplhat až k 38 stupňům, doufejme, že ne výše, a v noci nemají klesat pod 20 stupňů po několik dní, takže se asi moc nevyspíme, pokud nemáme klimatizaci. Děkuju.",0,597f2a8effabe498
