hlasovani_id,zasedani,datum,osoba_id,jmeno_v_protokolu,klub_v_protokolu,volba,volba_original,zdroj_id,pouzitelne_pro_statistiky,omezeni_protokolu,predmet,url
Z9-34-001,Z9/34,2026-04-14,pavel-jankuj,Pavel Jankůj,ODS a TOP 09,Ano,Ano,d111eff5bf59cd4d,ano,,"1. Technický bod (zapisovatelé, právní asistence, ověřovatelé zápisu, schválení programu zasedání ZMB) - ověřovatelé zápisu",https://apl.brno.cz/protokoly-zmb/zmb-z9-34/20260414-1-33539.html
Z9-34-002,Z9/34,2026-04-14,pavel-jankuj,Pavel Jankůj,ODS a TOP 09,Ano,Ano,878b2ef411cf357d,ano,,"1. Technický bod (zapisovatelé, právní asistence, ověřovatelé zápisu, schválení programu zasedání ZMB) - program - hlasování o stažení bodu č. 31, 91, 114, 123, 89, 117",https://apl.brno.cz/protokoly-zmb/zmb-z9-34/20260414-2-34157.html
Z9-34-005,Z9/34,2026-04-14,pavel-jankuj,Pavel Jankůj,ODS a TOP 09,Zdržel se,Zdržel se,b74d14734257f15e,ano,,"1. Technický bod (zapisovatelé, právní asistence, ověřovatelé zápisu, schválení programu zasedání ZMB) - program - hlasování o návrhu p. Kmenta na zařazení bodu II",https://apl.brno.cz/protokoly-zmb/zmb-z9-34/20260414-5-34399.html
Z9-34-006,Z9/34,2026-04-14,pavel-jankuj,Pavel Jankůj,ODS a TOP 09,Ano,Ano,d0a4ef7399f60b6d,ano,,"1. Technický bod (zapisovatelé, právní asistence, ověřovatelé zápisu, schválení programu zasedání ZMB) - program",https://apl.brno.cz/protokoly-zmb/zmb-z9-34/20260414-6-34483.html
Z9-34-008,Z9/34,2026-04-14,pavel-jankuj,Pavel Jankůj,ODS a TOP 09,Ano,Ano,71136bd630aa2b1a,ano,,3. Informace k 76. Sudetoněmeckému sněmu konaném ve dnech 22.–25. května 2026 v Brně - hlasování o návrhu pí Vaňkové,https://apl.brno.cz/protokoly-zmb/zmb-z9-34/20260414-8-45083.html
Z9-34-009,Z9/34,2026-04-14,pavel-jankuj,Pavel Jankůj,ODS a TOP 09,Zdržel se,Zdržel se,a00067d5c6a567d1,ano,,3. Informace k 76. Sudetoněmeckému sněmu konaném ve dnech 22.–25. května 2026 v Brně - o hlasování po odrážkách,https://apl.brno.cz/protokoly-zmb/zmb-z9-34/20260414-9-45267.html
Z9-34-010,Z9/34,2026-04-14,pavel-jankuj,Pavel Jankůj,ODS a TOP 09,Ano,Ano,44f98fd549e0ffdd,ano,,3. Informace k 76. Sudetoněmeckému sněmu konaném ve dnech 22.–25. května 2026 v Brně - hlasování o návrhu p. Zemka,https://apl.brno.cz/protokoly-zmb/zmb-z9-34/20260414-10-45342.html
Z9-34-011,Z9/34,2026-04-14,pavel-jankuj,Pavel Jankůj,ODS a TOP 09,Ano,Ano,4d9b0e9ee593a9d1,ano,,3. Informace k 76. Sudetoněmeckému sněmu konaném ve dnech 22.–25. května 2026 v Brně - hlasování o návrhu p. Vencálka,https://apl.brno.cz/protokoly-zmb/zmb-z9-34/20260414-11-45435.html
Z9-34-013,Z9/34,2026-04-14,pavel-jankuj,Pavel Jankůj,ODS a TOP 09,Ano,Ano,ebede24e93acb83d,ano,,6. Přehled účastí na schůzích výborů ZMB,https://apl.brno.cz/protokoly-zmb/zmb-z9-34/20260414-13-45666.html
Z9-34-012,Z9/34,2026-04-14,pavel-jankuj,Pavel Jankůj,ODS a TOP 09,Ne,Ne,43b4b94634b827fd,ano,,3. Informace k 76. Sudetoněmeckému sněmu konaném ve dnech 22.–25. května 2026 v Brně - hlasování o návrhu p. Kmenta,https://apl.brno.cz/protokoly-zmb/zmb-z9-34/20260414-12-45505.html
Z9-34-014,Z9/34,2026-04-14,pavel-jankuj,Pavel Jankůj,ODS a TOP 09,Ano,Ano,13bafcc75c165e82,ano,,7. Návrh na stanovení počtu členů Zastupitelstva města Brna pro volební období 2026–2030 a návrh na ponechání jednoho volebního obvodu na území města Brna pro volby do Zastupitelstva města Brna v roce 2026,https://apl.brno.cz/protokoly-zmb/zmb-z9-34/20260414-14-45697.html
Z9-34-015,Z9/34,2026-04-14,pavel-jankuj,Pavel Jankůj,ODS a TOP 09,Ano,Ano,73e02670e2189a07,ano,,8. Poskytování příspěvků členům Zastupitelstva města Brna,https://apl.brno.cz/protokoly-zmb/zmb-z9-34/20260414-15-45752.html
Z9-34-016,Z9/34,2026-04-14,pavel-jankuj,Pavel Jankůj,ODS a TOP 09,Ano,Ano,e067e5a2b8d05c14,ano,,9. Návrh na uzavření dohod o provedení práce se členy Zastupitelstva města Brna pro hodnocení žádostí o dotace v oblasti kultury,https://apl.brno.cz/protokoly-zmb/zmb-z9-34/20260414-16-45788.html
Z9-34-017,Z9/34,2026-04-14,pavel-jankuj,Pavel Jankůj,ODS a TOP 09,Ano,Ano,237d68e85dd069a3,ano,,"10. Návrh změny stanov obchodních společností ARENA, BKOM, DPMB, LMB, PHSMB, RSMB a. s., SAKO, STAREZ, TSB, Teplárny Brno a BVV",https://apl.brno.cz/protokoly-zmb/zmb-z9-34/20260414-17-45824.html
Z9-34-018,Z9/34,2026-04-14,pavel-jankuj,Pavel Jankůj,ODS a TOP 09,Ano,Ano,4ceea0d97af050d9,ano,,"11. Horkovod z jaderné elektrárny Dukovany do Brna – návrh na založení společností Teplárny Brno Prodej, s. r. o., Teplárny Brno Distribuce, a. s., a Teplárny Brno Výroba, a. s., v rámci unbundlingu společnosti Teplárny Brno, a. s., vč. úpravy",https://apl.brno.cz/protokoly-zmb/zmb-z9-34/20260414-18-45920.html
Z9-34-020,Z9/34,2026-04-14,pavel-jankuj,Pavel Jankůj,ODS a TOP 09,Ano,Ano,f3b30b1b52d22703,ano,,13. Návrh aktualizace Integrované strategie rozvoje Brněnské metropolitní oblasti 2021+,https://apl.brno.cz/protokoly-zmb/zmb-z9-34/20260414-20-46081.html
Z9-34-021,Z9/34,2026-04-14,pavel-jankuj,Pavel Jankůj,ODS a TOP 09,Ano,Ano,d137e1bed522f157,ano,,"14. Zapojení Fondu rezerv a rozvoje v souvislosti s aktualizací rozpočtu akcí zajišťovaných společností Brněnské vodárny a kanalizace, a. s. – duben 2026 – návrh rozpočtového opatření",https://apl.brno.cz/protokoly-zmb/zmb-z9-34/20260414-21-46122.html
Z9-34-019,Z9/34,2026-04-14,pavel-jankuj,Pavel Jankůj,ODS a TOP 09,Ano,Ano,fd6a752a7f639446,ano,,"12. Návrh dodatku č. 4 ke zřizovací listině Centra sociálních služeb, příspěvkové organizace, vč. úpravy",https://apl.brno.cz/protokoly-zmb/zmb-z9-34/20260414-19-46048.html
Z9-34-004,Z9/34,2026-04-14,pavel-jankuj,Pavel Jankůj,ODS a TOP 09,Zdržel se,Zdržel se,4309feb0d4cef6e1,ano,,"1. Technický bod (zapisovatelé, právní asistence, ověřovatelé zápisu, schválení programu zasedání ZMB) - program - hlasování o návrhu p. Kmenta na zařazení bodu I",https://apl.brno.cz/protokoly-zmb/zmb-z9-34/20260414-4-34348.html
Z9-34-024,Z9/34,2026-04-14,pavel-jankuj,Pavel Jankůj,ODS a TOP 09,Ano,Ano,5581498ea46fc00e,ano,,17. Návrh rozpočtového opatření – přesun běžných a kapitálových výdajů v rámci rozpočtu Odboru městské informatiky MMB,https://apl.brno.cz/protokoly-zmb/zmb-z9-34/20260414-24-46512.html
Z9-34-022,Z9/34,2026-04-14,pavel-jankuj,Pavel Jankůj,ODS a TOP 09,Ano,Ano,427181228057cc44,ano,,15. Aktualizace rozpočtu Odboru investičního MMB – duben 2026 - návrh rozpočtového opatření,https://apl.brno.cz/protokoly-zmb/zmb-z9-34/20260414-22-46154.html
Z9-34-025,Z9/34,2026-04-14,pavel-jankuj,Pavel Jankůj,ODS a TOP 09,Ano,Ano,39a9071da8e9d24c,ano,,"18. Přesun běžných a kapitálových výdajů v rámci rozpočtu Odboru správy majetku MMB, návrh rozpočtového opatření",https://apl.brno.cz/protokoly-zmb/zmb-z9-34/20260414-25-46544.html
Z9-34-023,Z9/34,2026-04-14,pavel-jankuj,Pavel Jankůj,ODS a TOP 09,Ano,Ano,d5d5fd537af8dbbf,ano,,16. Návrh rozpočtového opatření v souvislosti s realizací nového modulu e-shopu městských služeb Brno iD – „Dotační portál MMB“,https://apl.brno.cz/protokoly-zmb/zmb-z9-34/20260414-23-46477.html
Z9-34-026,Z9/34,2026-04-14,pavel-jankuj,Pavel Jankůj,ODS a TOP 09,Ano,Ano,9fce8c5e865ddafc,ano,,"19. Zapojení Fondu rezerv a rozvoje k financování běžných výdajů Městské policie Brno, návrh rozpočtového opatření",https://apl.brno.cz/protokoly-zmb/zmb-z9-34/20260414-26-46657.html
Z9-34-027,Z9/34,2026-04-14,pavel-jankuj,Pavel Jankůj,ODS a TOP 09,Ano,Ano,004c975b0f2de23b,ano,,"20. Zapojení Fondu rezerv a rozvoje v souvislosti s poskytnutím individuální neinvestiční dotace Nadaci Partnerství, návrh rozpočtového opatření",https://apl.brno.cz/protokoly-zmb/zmb-z9-34/20260414-27-46689.html
Z9-34-029,Z9/34,2026-04-14,pavel-jankuj,Pavel Jankůj,ODS a TOP 09,Ano,Ano,2ead1ab527670d27,ano,,"22. Zapojení Fondu rezerv a rozvoje v souvislosti s navýšením poskytnuté dotace spolku Divadlo Aldente, z. s. na celoroční činnost ""Divadlo herců s Downovým syndromem"" - návrh rozpočtového opatření",https://apl.brno.cz/protokoly-zmb/zmb-z9-34/20260414-29-46753.html
Z9-34-028,Z9/34,2026-04-14,pavel-jankuj,Pavel Jankůj,ODS a TOP 09,Ano,Ano,a93f154c1073407a,ano,,21. Zapojení Fondu rezerv a rozvoje v souvislosti s poskytnutím účelových investičních transferů městským částem – návrh rozpočtového opatření,https://apl.brno.cz/protokoly-zmb/zmb-z9-34/20260414-28-46719.html
Z9-34-030,Z9/34,2026-04-14,pavel-jankuj,Pavel Jankůj,ODS a TOP 09,Ano,Ano,916c0733b9eaa96a,ano,,Body č. 23-25,https://apl.brno.cz/protokoly-zmb/zmb-z9-34/20260414-30-46795.html
Z9-34-031,Z9/34,2026-04-14,pavel-jankuj,Pavel Jankůj,ODS a TOP 09,Ano,Ano,1f2793c297b4f1d0,ano,,26. Zapojení Fondu rezerv a rozvoje v souvislosti s navýšením finančních prostředků pro dotační program V Aktivity v oblasti národnostních menšin a etnik pro rok 2026 – návrh rozpočtového opatření,https://apl.brno.cz/protokoly-zmb/zmb-z9-34/20260414-31-52450.html
Z9-34-032,Z9/34,2026-04-14,pavel-jankuj,Pavel Jankůj,ODS a TOP 09,Ano,Ano,c82ecb994d12476d,ano,,"27. Zapojení Fondu rezerv a rozvoje k financování kapitálových výdajů Odboru městské informatiky MMB, návrh rozpočtového opatření",https://apl.brno.cz/protokoly-zmb/zmb-z9-34/20260414-32-52485.html
Z9-34-033,Z9/34,2026-04-14,pavel-jankuj,Pavel Jankůj,ODS a TOP 09,Ano,Ano,cea540b690c6ff04,ano,,"28. Zapojení Fondu rezerv a rozvoje na krytí provozních nákladů, aktualizace rozpočtu běžných a kapitálových výdajů Odboru dopravy MMB a Fondu mobility – duben 2026 – návrh rozpočtového opatření",https://apl.brno.cz/protokoly-zmb/zmb-z9-34/20260414-33-52536.html
Z9-34-034,Z9/34,2026-04-14,pavel-jankuj,Pavel Jankůj,ODS a TOP 09,Ano,Ano,5e8726e017ee3c7d,ano,,"29. Zapojení Fondu Dáme na vás a Fondu rezerv a rozvoje v souvislosti s financováním projektů participativního rozpočtu, zajištění financování menstruačních potřeb na základních školách v Brně a cen do soutěží – návrh rozpočtových opatření",https://apl.brno.cz/protokoly-zmb/zmb-z9-34/20260414-34-52570.html
Z9-34-035,Z9/34,2026-04-14,pavel-jankuj,Pavel Jankůj,ODS a TOP 09,Ano,Ano,d3751e77f8e13d95,ano,,30. Návrh rozpočtového opatření – zapojení Fondu rezerv a rozvoje k financování kapitálových výdajů Odboru vodního a lesního hospodářství a zemědělství MMB v roce 2026,https://apl.brno.cz/protokoly-zmb/zmb-z9-34/20260414-35-52600.html
Z9-34-036,Z9/34,2026-04-14,pavel-jankuj,Pavel Jankůj,ODS a TOP 09,Ano,Ano,9b50162e83828de2,ano,,"32. Návrh na poskytnutí individuální neinvestiční dotace Brno CreativeDays s. r. o., na realizaci projektu „Brno CreativeDays“",https://apl.brno.cz/protokoly-zmb/zmb-z9-34/20260414-36-52633.html
Z9-34-037,Z9/34,2026-04-14,pavel-jankuj,Pavel Jankůj,ODS a TOP 09,Ano,Ano,03b7ed324a81a657,ano,,"33. Návrh na poskytnutí individuální neinvestiční dotace GALANT BRNO, s. r. o., na projekt Zabezpečení celoročního provozu Sportareálu Družstevní v roce 2026",https://apl.brno.cz/protokoly-zmb/zmb-z9-34/20260414-37-52664.html
Z9-34-038,Z9/34,2026-04-14,pavel-jankuj,Pavel Jankůj,ODS a TOP 09,Ano,Ano,12aa91c4ba0cf84a,ano,,"34. Návrh na poskytnutí individuální neinvestiční dotace spolku Emilova sportovní, z. s., na uspořádání 15. ročníku Evropských her handicapované mládeže Emil Open ve městě Brně v roce 2026",https://apl.brno.cz/protokoly-zmb/zmb-z9-34/20260414-38-52704.html
Z9-34-039,Z9/34,2026-04-14,pavel-jankuj,Pavel Jankůj,ODS a TOP 09,Ano,Ano,72b0f2380d3a965c,ano,,35. Návrh na poskytnutí individuální neinvestiční dotace Vysokému učení technickému v Brně na zabezpečení provozu sportovního areálu Pod Palackého vrchem v rámci projektu Centrum brněnské atletiky pro rok 2026 – návrh rozpočtového opatření,https://apl.brno.cz/protokoly-zmb/zmb-z9-34/20260414-39-52735.html
Z9-34-040,Z9/34,2026-04-14,pavel-jankuj,Pavel Jankůj,ODS a TOP 09,Ano,Ano,f40ccc54705ced1c,ano,,"36. Návrh na poskytnutí individuální neinvestiční dotace z rozpočtu města Brna v letech 2026-2028 společnosti Větrné mlýny s. r. o. na projekt ""Edice Brno 2026, resp. 2027, resp. 2028"" - návrh rozpočtového opatření",https://apl.brno.cz/protokoly-zmb/zmb-z9-34/20260414-40-52765.html
Z9-34-041,Z9/34,2026-04-14,pavel-jankuj,Pavel Jankůj,ODS a TOP 09,Ano,Ano,3e2ee351b463fca2,ano,,"37. Návrh na poskytnutí individuální neinvestiční dotace z rozpočtu města Brna na rok 2026 společnosti Aeropolis s. r. o. na činnost ""Kino Scala v roce 2026"" – návrh rozpočtového opatření",https://apl.brno.cz/protokoly-zmb/zmb-z9-34/20260414-41-52795.html
Z9-34-042,Z9/34,2026-04-14,pavel-jankuj,Pavel Jankůj,ODS a TOP 09,Ano,Ano,02223df8be059baa,ano,,38. Návrh na poskytnutí individuální investiční dotace z rozpočtu města Brna na zhotovení a umístění Poesiomatu v prostoru bývalé Velké synagogy v Brně – návrh smlouvy – návrh rozpočtového opatření,https://apl.brno.cz/protokoly-zmb/zmb-z9-34/20260414-42-52828.html
Z9-34-043,Z9/34,2026-04-14,pavel-jankuj,Pavel Jankůj,ODS a TOP 09,Ano,Ano,6d8bf51a4f6ea960,ano,,"39. Návrh na poskytnutí individuální investiční dotace z rozpočtu statutárního města Brna společnosti Dopravní podnik města Brna, a. s. na projekt “Omezení vjezdu do centra“ – návrh rozpočtového opatření",https://apl.brno.cz/protokoly-zmb/zmb-z9-34/20260414-43-52863.html
Z9-34-045,Z9/34,2026-04-14,pavel-jankuj,Pavel Jankůj,ODS a TOP 09,Ano,Ano,f61c607967860e8b,ano,,41. Návrh na poskytnutí neinvestičních dotací v rámci Programu II – Aktivity v sociální oblasti pro rok 2026 - návrh rozpočtového opatření - žadatel č. 43,https://apl.brno.cz/protokoly-zmb/zmb-z9-34/20260414-45-52966.html
Z9-34-044,Z9/34,2026-04-14,pavel-jankuj,Pavel Jankůj,ODS a TOP 09,Ano,Ano,5723e6dbf8a1c6e2,ano,,40. Návrh na poskytnutí individuálních neinvestičních dotací na rok 2026 organizacím poskytujícím služby v souladu se Strategií politiky statutárního města Brna v oblasti psychoaktivních látek a návykového chování na období 2026-2033,https://apl.brno.cz/protokoly-zmb/zmb-z9-34/20260414-44-52894.html
Z9-34-046,Z9/34,2026-04-14,pavel-jankuj,Pavel Jankůj,ODS a TOP 09,Ano,Ano,48d56d92d6057919,ano,,41. Návrh na poskytnutí neinvestičních dotací v rámci Programu II – Aktivity v sociální oblasti pro rok 2026 - návrh rozpočtového opatření,https://apl.brno.cz/protokoly-zmb/zmb-z9-34/20260414-46-53053.html
Z9-34-047,Z9/34,2026-04-14,pavel-jankuj,Pavel Jankůj,ODS a TOP 09,Ano,Ano,e5d0e2551745fb4f,ano,,42. Návrh na poskytnutí neinvestičních dotací na rok 2026 z Programu III – Aktivity v oblasti drog a závislostí – návrh rozpočtového opatření,https://apl.brno.cz/protokoly-zmb/zmb-z9-34/20260414-47-53145.html
Z9-34-049,Z9/34,2026-04-14,pavel-jankuj,Pavel Jankůj,ODS a TOP 09,Ano,Ano,312184283751a459,ano,,44. Návrh na poskytnutí neinvestičních příspěvků základním školám na zajištění projektu Primární prevence na základních školách – návrh rozpočtového opatření,https://apl.brno.cz/protokoly-zmb/zmb-z9-34/20260414-49-53203.html
Z9-34-048,Z9/34,2026-04-14,pavel-jankuj,Pavel Jankůj,ODS a TOP 09,Ano,Ano,9e32f0c03b1dfddb,ano,,43. Návrh na poskytnutí neinvestičních dotací na rok 2026 z Programu IV – Prevencekriminality – návrh rozpočtového opatření,https://apl.brno.cz/protokoly-zmb/zmb-z9-34/20260414-48-53173.html
Z9-34-050,Z9/34,2026-04-14,pavel-jankuj,Pavel Jankůj,ODS a TOP 09,Ano,Ano,af0e210ba05ae0d1,ano,,"45. Návrh na poskytnutí finančního daru spolku Městský sportovní klub Brno, z. s., na podporu brněnských olympioniků – sportovců seniorů pro rok 2026 – návrh rozpočtového opatření",https://apl.brno.cz/protokoly-zmb/zmb-z9-34/20260414-50-53232.html
Z9-34-051,Z9/34,2026-04-14,pavel-jankuj,Pavel Jankůj,ODS a TOP 09,Ano,Ano,b95ea34cafbcc5d3,ano,,46. Návrh na poskytnutí peněžitého daru Jihomoravskému kraji na podporu audiovize; návrh rozpočtového opatření,https://apl.brno.cz/protokoly-zmb/zmb-z9-34/20260414-51-53261.html
Z9-34-052,Z9/34,2026-04-14,pavel-jankuj,Pavel Jankůj,ODS a TOP 09,Nehlasoval,Nehlasoval,9a1a801caa10176f,ano,,47. Návrh na poskytnutí finančních podílů z rozpočtu města Brna na projekty prevence kriminality v roce 2026 - návrh rozpočtového opatření,https://apl.brno.cz/protokoly-zmb/zmb-z9-34/20260414-52-53290.html
Z9-34-053,Z9/34,2026-04-14,pavel-jankuj,Pavel Jankůj,ODS a TOP 09,Ano,Ano,01a3c311965c351e,ano,,"48. Návrh na změnu účelu neinvestičního příspěvku schváleného Národnímu divadlu Brno, příspěvkové organizaci, v roce 2026",https://apl.brno.cz/protokoly-zmb/zmb-z9-34/20260414-53-53319.html
Z9-34-054,Z9/34,2026-04-14,pavel-jankuj,Pavel Jankůj,ODS a TOP 09,Ano,Ano,4470de8e338e96c6,ano,,"49. Návrh na změnu účelu využití části investičního příspěvku schváleného Veřejné zeleni města Brna, příspěvkové organizaci – návrh rozpočtového opatření",https://apl.brno.cz/protokoly-zmb/zmb-z9-34/20260414-54-53348.html
Z9-34-056,Z9/34,2026-04-14,pavel-jankuj,Pavel Jankůj,ODS a TOP 09,Ano,Ano,f908ea37f5627ce2,ano,,"50. Návrh dodatku č. 3 smlouvy o poskytnutí dotace z rozpočtu města Brna mezi statutárním městem Brnem a společností SNIP & CO, reklamní společnost, spol. s r.o.",https://apl.brno.cz/protokoly-zmb/zmb-z9-34/20260414-56-53420.html
Z9-34-057,Z9/34,2026-04-14,pavel-jankuj,Pavel Jankůj,ODS a TOP 09,Ano,Ano,3984f87d223dc754,ano,,51. Žádost nadačního fondu MEHRIN o prominutí odvodu za porušení rozpočtové kázně u smlouvy o poskytnutí individuální dotace z rozpočtu města Brna v roce 2025,https://apl.brno.cz/protokoly-zmb/zmb-z9-34/20260414-57-53451.html
Z9-34-058,Z9/34,2026-04-14,pavel-jankuj,Pavel Jankůj,ODS a TOP 09,Ano,Ano,ec89d81bef2908d7,ano,,"52. Žádost společnosti CAURION s. r. o. o prominutí dluhu na nájemném za užívání prostor v budově č. p. 64, Kobližná 10, na pozemku p. č. 147 v k. ú. Město Brno",https://apl.brno.cz/protokoly-zmb/zmb-z9-34/20260414-58-53486.html
Z9-34-059,Z9/34,2026-04-14,pavel-jankuj,Pavel Jankůj,ODS a TOP 09,Ano,Ano,3c48b062b3202d42,ano,,"53. Návrh plné moci pro společnost KAVA, spol.s r. o.",https://apl.brno.cz/protokoly-zmb/zmb-z9-34/20260414-59-53520.html
Z9-34-060,Z9/34,2026-04-14,pavel-jankuj,Pavel Jankůj,ODS a TOP 09,Ano,Ano,165188e875c25a35,ano,,54. Finanční prostředky Fondu kofinancování projektů – duben 2026 – návrh rozpočtových opatření,https://apl.brno.cz/protokoly-zmb/zmb-z9-34/20260414-60-53547.html
Z9-34-062,Z9/34,2026-04-14,pavel-jankuj,Pavel Jankůj,ODS a TOP 09,Ano,Ano,9af3944990db6fc7,ano,,"56. Projekt ""PROTOS"" – účast na projektu",https://apl.brno.cz/protokoly-zmb/zmb-z9-34/20260414-62-53643.html
Z9-34-061,Z9/34,2026-04-14,pavel-jankuj,Pavel Jankůj,ODS a TOP 09,Ano,Ano,c1a0a42981313289,ano,,"55. Projekt ""Stavební úpravy MŠ Brechtova"" – posouzení projektu",https://apl.brno.cz/protokoly-zmb/zmb-z9-34/20260414-61-53598.html
Z9-34-063,Z9/34,2026-04-14,pavel-jankuj,Pavel Jankůj,ODS a TOP 09,Ano,Ano,222206c997970f3c,ano,,"57. Projekt ""Grund.Bunt.Štatl"" - účast na projektu, návrh dohody o spolupráci",https://apl.brno.cz/protokoly-zmb/zmb-z9-34/20260414-63-53678.html
Z9-34-064,Z9/34,2026-04-14,pavel-jankuj,Pavel Jankůj,ODS a TOP 09,Ano,Ano,a39f660064c37be7,ano,,"58. Projekt ""Implementace privátní 5G sítě v areálu Úrazové nemocnice v Brně"" – posouzení projektu, návrh na poskytnutí návratné finanční výpomoci, návrh rozpočtového opatření",https://apl.brno.cz/protokoly-zmb/zmb-z9-34/20260414-64-53707.html
Z9-34-065,Z9/34,2026-04-14,pavel-jankuj,Pavel Jankůj,ODS a TOP 09,Ano,Ano,2b725bda7265cbd7,ano,,"59. Návrh na udělení výjimky ze Statutu bytu pro osamělé rodiče s dětmi, který tvoří přílohu č. 3 Pravidel pronájmu bytů v domech v majetku statutárního města Brna, nájemkyni bytu pro osamělé rodiče s dětmi v domě Vlhká 22, Brno",https://apl.brno.cz/protokoly-zmb/zmb-z9-34/20260414-65-53739.html
Z9-34-066,Z9/34,2026-04-14,pavel-jankuj,Pavel Jankůj,ODS a TOP 09,Ano,Ano,b7b8786fa4928234,ano,,"60. Návrh vzorové dohody o narovnání s bezúplatným převodem podílu města na bytových jednotkách v domech Poslušného 9 v k. ú. Líšeň, 61. Návrh vzorové dohody o narovnání s bezúplatným převodem spoluvlastnických podílů města na b.j. domu č.p. 4387, členům Bytového družstva Vinohrady, družstvo, bezúplatné nabytí podílů na pozemcích p. č. 9395/2–6, vše k. ú. Židenice, (MČ Brno-Vinohrady)",https://apl.brno.cz/protokoly-zmb/zmb-z9-34/20260414-66-53769.html
Z9-34-067,Z9/34,2026-04-14,pavel-jankuj,Pavel Jankůj,ODS a TOP 09,Ano,Ano,c289d1bc325f1103,ano,,62. Záměr prodeje spoluvlastnických podílů na pozemcích v městské části Brno-střed vlastníkům jednotek v bytových domech,https://apl.brno.cz/protokoly-zmb/zmb-z9-34/20260414-67-53798.html
Z9-34-068,Z9/34,2026-04-14,pavel-jankuj,Pavel Jankůj,ODS a TOP 09,Ano,Ano,f6e6ed947a1803d4,ano,,"63. Návrh na zrušení části usnesení Z7/27. zasedání Zastupitelstva města Brna, ze dne 11.4.2017, bod 108 ve věci odejmutí svěřené stavby č. p. 216, bytový dům Dornych 25a, vše v k. ú. Trnitá městské části Brno-střed",https://apl.brno.cz/protokoly-zmb/zmb-z9-34/20260414-68-53830.html
Z9-34-069,Z9/34,2026-04-14,pavel-jankuj,Pavel Jankůj,ODS a TOP 09,Ano,Ano,73390eba3a1c5dae,ano,,"64. Návrh na úhradu náhrad nájemného za sociální byty a náhrad za mimořádné opravy sociálních bytů městským částem, návrh rozpočtového opatření",https://apl.brno.cz/protokoly-zmb/zmb-z9-34/20260414-69-53861.html
Z9-34-070,Z9/34,2026-04-14,pavel-jankuj,Pavel Jankůj,ODS a TOP 09,Ano,Ano,d9bf466cbd438df0,ano,,Body č. 65-69,https://apl.brno.cz/protokoly-zmb/zmb-z9-34/20260414-70-53894.html
Z9-34-071,Z9/34,2026-04-14,pavel-jankuj,Pavel Jankůj,ODS a TOP 09,Ano,Ano,40fc7f26b07198a8,ano,,Body č. 70-78,https://apl.brno.cz/protokoly-zmb/zmb-z9-34/20260414-71-53954.html
Z9-34-072,Z9/34,2026-04-14,pavel-jankuj,Pavel Jankůj,ODS a TOP 09,Ano,Ano,4b9c59a2a70c4bfe,ano,,79. Návrh nabytí vlastnictví k dalším zapsaným a nezapsaným stavbám garáží postavených na pozemcích statutárního města Brna v rozvojové lokalitě při ul. Trýbova,https://apl.brno.cz/protokoly-zmb/zmb-z9-34/20260414-72-53986.html
Z9-34-073,Z9/34,2026-04-14,pavel-jankuj,Pavel Jankůj,ODS a TOP 09,Ano,Ano,f78d3c41ff44f9eb,ano,,80. Návrh nabytí ocelové lávky pro pěší a mostu na pozemku p. č. 960/1 v k. ú. Husovice,https://apl.brno.cz/protokoly-zmb/zmb-z9-34/20260414-73-54043.html
Z9-34-074,Z9/34,2026-04-14,pavel-jankuj,Pavel Jankůj,ODS a TOP 09,Ano,Ano,058fc5d9bd387985,ano,,Body č. 81-88,https://apl.brno.cz/protokoly-zmb/zmb-z9-34/20260414-74-54082.html
Z9-34-075,Z9/34,2026-04-14,pavel-jankuj,Pavel Jankůj,ODS a TOP 09,Ano,Ano,f2e324d4a44ce57c,ano,,"90. Návrh nabytí spoluvlastnických podílů k pozemku p. č. 1757/3 a k části pozemku p. č. 1986 v k. ú. Obřany pro stavbu ""Brno, MČ Obřany - ul. Hradiska a Mlýnské nábřeží, dostavba stokové sítě""",https://apl.brno.cz/protokoly-zmb/zmb-z9-34/20260414-75-54123.html
Z9-34-077,Z9/34,2026-04-14,pavel-jankuj,Pavel Jankůj,ODS a TOP 09,Ano,Ano,3e6e622846ad9f54,ano,,"92. Návrh nabytí spoluvlastnických podílů ve výši id. 1/2 na pozemcích p. č. 1159, p. č. 1160/1 a p. č. 1182, vše v k. ú. Nový Lískovec, pro strategický projekt „Bytová výstavba v lokalitě Kamenný vrch II“, návrh rozpočtového opatření",https://apl.brno.cz/protokoly-zmb/zmb-z9-34/20260414-77-54224.html
Z9-34-079,Z9/34,2026-04-14,pavel-jankuj,Pavel Jankůj,ODS a TOP 09,Ano,Ano,71730fd557404a3c,ano,,"94. Návrh nabytí spoluvlastnického podílu na jednotce (garáž) a na pozemcích v k. ú. Zábrdovice, návrh Dodatku č. 2 ke Zřizovací listině Úrazové nemocnice v Brně",https://apl.brno.cz/protokoly-zmb/zmb-z9-34/20260414-79-54306.html
Z9-34-078,Z9/34,2026-04-14,pavel-jankuj,Pavel Jankůj,ODS a TOP 09,Ano,Ano,a9d74c152e912231,ano,,93. Návrh (ne)nabytí pozemku p. č. 7919/1 v k. ú. Židenice (městská část Brno-Židenice) - var. A,https://apl.brno.cz/protokoly-zmb/zmb-z9-34/20260414-78-54269.html
Z9-34-081,Z9/34,2026-04-14,pavel-jankuj,Pavel Jankůj,ODS a TOP 09,Ano,Ano,9cd8ec67715d33af,ano,,"97. Návrh bezúplatného nabytí pozemků v k. ú. Bosonohy, Řečkovice a Žebětín z vlastnictví České republiky – Úřadu pro zastupování státu ve věcech majetkových do vlastnictví statutárního města Brna bez odr.",https://apl.brno.cz/protokoly-zmb/zmb-z9-34/20260414-81-54443.html
Z9-34-080,Z9/34,2026-04-14,pavel-jankuj,Pavel Jankůj,ODS a TOP 09,Ano,Ano,515314f768620487,ano,,"95. Návrh bezúplatného nabytí nemovitých věcí v k. ú. Bohunice, Medlánky, Nový Lískovec a Řečkovice z vlastnictví České republiky – Úřadu pro zastupování státu ve věcech majetkových do vlastnictví statutárního města Brna s omezujícími podmínkami, 96. Návrh bezúplatného nabytí nemovitých věcí v k. ú. Bosonohy, Bystrc, Pisárky a Žabovřesky z vlastnictví České republiky – Úřadu pro zastupování státu ve věcech majetkových do vlastnictví statutárního města Brna s omezujícími podmínkami",https://apl.brno.cz/protokoly-zmb/zmb-z9-34/20260414-80-54372.html
Z9-34-082,Z9/34,2026-04-14,pavel-jankuj,Pavel Jankůj,ODS a TOP 09,Ano,Ano,ee3ec0abb6068a90,ano,,Body č. 98-105,https://apl.brno.cz/protokoly-zmb/zmb-z9-34/20260414-82-54481.html
Z9-34-083,Z9/34,2026-04-14,pavel-jankuj,Pavel Jankůj,ODS a TOP 09,Ano,Ano,5c81be6416009c88,ano,,Body č. 106-111,https://apl.brno.cz/protokoly-zmb/zmb-z9-34/20260414-83-54515.html
Z9-34-085,Z9/34,2026-04-14,pavel-jankuj,Pavel Jankůj,ODS a TOP 09,Ano,Ano,8181fb7653c7eda6,ano,,113. Návrh směny části pozemku p. č. 352/134 v k. ú. Kníničky za část pozemku p. č. 352/183 v k. ú. Kníničky a návrh odejmutí části svěřeného pozemku p. č. 352/134 v k. ú. Kníničky,https://apl.brno.cz/protokoly-zmb/zmb-z9-34/20260414-85-54592.html
Z9-34-084,Z9/34,2026-04-14,pavel-jankuj,Pavel Jankůj,ODS a TOP 09,Ano,Ano,591669ae5ffab9ea,ano,,"112. Návrh směny pozemků a částí pozemků v k. ú. Černovice a Tuřany, návrh prodeje části pozemku p. č. 2615/56 v k. ú. Černovice a návrh nabytí pozemků v k. ú. Komín, Líšeň a Slatina",https://apl.brno.cz/protokoly-zmb/zmb-z9-34/20260414-84-54557.html
Z9-34-087,Z9/34,2026-04-14,pavel-jankuj,Pavel Jankůj,ODS a TOP 09,Ano,Ano,40f79428a1c2df74,ano,,"116. Návrh budoucí směny pozemků a budoucího zřízení služebnosti veřejného statku na pozemcích v k. ú. Židenice (městská část Brno-Židenice) - ""Bytové domy JULIANA III""",https://apl.brno.cz/protokoly-zmb/zmb-z9-34/20260414-87-54656.html
Z9-34-086,Z9/34,2026-04-14,pavel-jankuj,Pavel Jankůj,ODS a TOP 09,Ano,Ano,df1668cc693e3288,ano,,"115. Návrh budoucí směny pozemku p. č. 2373/24 a pozemku p. č. 2373/8 zastavěného stavbou ve vlastnictví společnosti CHOR investment s. r. o., vše k. ú. Královo Pole",https://apl.brno.cz/protokoly-zmb/zmb-z9-34/20260414-86-54625.html
Z9-34-088,Z9/34,2026-04-14,pavel-jankuj,Pavel Jankůj,ODS a TOP 09,Ano,Ano,7ee412a2856cee05,ano,,Body č. 118-121,https://apl.brno.cz/protokoly-zmb/zmb-z9-34/20260414-88-54722.html
Z9-34-089,Z9/34,2026-04-14,pavel-jankuj,Pavel Jankůj,ODS a TOP 09,Ano,Ano,e796b12db7e4efc2,ano,,"122. Návrh Plánovací smlouvy „Přístavba a nástavba objektu A, Bezručova 22, Brno“",https://apl.brno.cz/protokoly-zmb/zmb-z9-34/20260414-89-54753.html
Z9-34-091,Z9/34,2026-04-14,pavel-jankuj,Pavel Jankůj,ODS a TOP 09,Ano,Ano,ea8f169c8278b802,ano,,124. Návrh Plánovací smlouvy „Základní škola a gymnázium s ubytováním Labyrinth“ - var. B,https://apl.brno.cz/protokoly-zmb/zmb-z9-34/20260414-91-54932.html
Z9-34-090,Z9/34,2026-04-14,pavel-jankuj,Pavel Jankůj,ODS a TOP 09,Nehlasoval,Nehlasoval,a9c1d6273478193a,ano,,124. Návrh Plánovací smlouvy „Základní škola a gymnázium s ubytováním Labyrinth“ - var. A,https://apl.brno.cz/protokoly-zmb/zmb-z9-34/20260414-90-54846.html
Z9-34-092,Z9/34,2026-04-14,pavel-jankuj,Pavel Jankůj,ODS a TOP 09,Ano,Ano,135e2bc18bda906d,ano,,"125. Dodatek č. 1 ke smlouvě o spolupráci uzavřené mezi statutárním městem Brnem a organizací Správa železnic, státní organizace, související s realizací přestavby železničního uzlu Brno",https://apl.brno.cz/protokoly-zmb/zmb-z9-34/20260414-92-55143.html
Z9-34-093,Z9/34,2026-04-14,pavel-jankuj,Pavel Jankůj,ODS a TOP 09,Ano,Ano,1bb32bfa20e2ec08,ano,,126. Návrh Dodatku č. 1 ke Smlouvě o spolupráci na přípravě a realizaci programů rezidencí začleněných do systému rezidencí „VillaBohema“,https://apl.brno.cz/protokoly-zmb/zmb-z9-34/20260414-93-55174.html
Z9-34-095,Z9/34,2026-04-14,pavel-jankuj,Pavel Jankůj,ODS a TOP 09,Ne,Ne,464cbce24b3af7d6,ano,,Hlasování o návrhu p. Novotného na znovuzařazení bodu č. 3 - Informace k 76. Sudetoněmeckému sněmu konaném ve dnech 22.–25. května 2026 v Brně,https://apl.brno.cz/protokoly-zmb/zmb-z9-34/20260414-95-55610.html
Z9-34-094,Z9/34,2026-04-14,pavel-jankuj,Pavel Jankůj,ODS a TOP 09,Ano,Ano,f0779540b87db048,ano,,"127. Návrh obecně závazné vyhlášky statutárního města Brna, kterou se mění obecně závazná vyhláška statutárního města Brna č. 20/2001, kterou se vydává Statut města Brna, ve znění pozdějších vyhlášek – návrh změn v příloze č. 3",https://apl.brno.cz/protokoly-zmb/zmb-z9-34/20260414-94-55228.html
Z9-35-002,Z9/35,2026-05-19,pavel-jankuj,Pavel Jankůj,ODS a TOP 09,Ano,Ano,157bee051b4d5ef4,ano,,"1. Technický bod (zapisovatelé, právní asistence, ověřovatelé zápisu, schválení programu zasedání ZMB) - program - hlasování o stažení bodu č. 12, 18, 63, 69, 76",https://apl.brno.cz/protokoly-zmb/zmb-z9-35/20260519-2-33235.html
Z9-35-003,Z9/35,2026-05-19,pavel-jankuj,Pavel Jankůj,ODS a TOP 09,Ano,Ano,74c472122e36f976,ano,,"1. Technický bod (zapisovatelé, právní asistence, ověřovatelé zápisu, schválení programu zasedání ZMB) - program - hlasování o zařazení bodu č. 115",https://apl.brno.cz/protokoly-zmb/zmb-z9-35/20260519-3-33262.html
Z9-35-005,Z9/35,2026-05-19,pavel-jankuj,Pavel Jankůj,ODS a TOP 09,Ano,Ano,5b29d559648f4168,ano,,"4. Návrh zastupitelského klubu ANO 2011 na pověření Kontrolního výboru Zastupitelstva města Brna k provedení kontroly společnosti SAKO Brno SOLAR, a. s.",https://apl.brno.cz/protokoly-zmb/zmb-z9-35/20260519-5-33592.html
Z9-35-006,Z9/35,2026-05-19,pavel-jankuj,Pavel Jankůj,ODS a TOP 09,Ano,Ano,42dc57b3e93fa2bc,ano,,"5. Návrh obecně závazné vyhlášky statutárního města Brna, kterou se mění obecně závazná vyhláška města Brna č. 1/1992, kterou se ve městě Brně zřizuje městská policie podle zákona č. 553/1991 Sb., ve znění pozdějších vyhlášek",https://apl.brno.cz/protokoly-zmb/zmb-z9-35/20260519-6-33627.html
Z9-35-007,Z9/35,2026-05-19,pavel-jankuj,Pavel Jankůj,ODS a TOP 09,Ano,Ano,b0dddcaca673f198,ano,,"6. Návrh obecně závazné vyhlášky statutárního města Brna, kterou se mění obecně závazná vyhláška statutárního města Brna č. 11/2017, o nočním klidu, ve znění pozdějších vyhlášek",https://apl.brno.cz/protokoly-zmb/zmb-z9-35/20260519-7-33703.html
Z9-35-008,Z9/35,2026-05-19,pavel-jankuj,Pavel Jankůj,ODS a TOP 09,Ano,Ano,d7866bd7dce5ce24,ano,,"7. Návrh Dodatku č. 2 ke zřizovací listině Kanceláře architekta města Brna, příspěvkové organizace",https://apl.brno.cz/protokoly-zmb/zmb-z9-35/20260519-8-33738.html
Z9-35-009,Z9/35,2026-05-19,pavel-jankuj,Pavel Jankůj,ODS a TOP 09,Ano,Ano,09956fdfa8be3d9b,ano,,8. Návrh Strategie kultury a kreativních odvětví 2026-2035,https://apl.brno.cz/protokoly-zmb/zmb-z9-35/20260519-9-33770.html
Z9-35-001,Z9/35,2026-05-19,pavel-jankuj,Pavel Jankůj,ODS a TOP 09,Ano,Ano,1d37a4c4d25115d2,ano,,"1. Technický bod (zapisovatelé, právní asistence, ověřovatelé zápisu, schválení programu zasedání ZMB) - ověřovatelé zápisu",https://apl.brno.cz/protokoly-zmb/zmb-z9-35/20260519-1-33065.html
Z9-35-012,Z9/35,2026-05-19,pavel-jankuj,Pavel Jankůj,ODS a TOP 09,Ano,Ano,af58a6827360e6ae,ano,,11. Výsledky hospodaření statutárního města Brna za I. čtvrtletí roku 2026,https://apl.brno.cz/protokoly-zmb/zmb-z9-35/20260519-12-33874.html
Z9-35-004,Z9/35,2026-05-19,pavel-jankuj,Pavel Jankůj,ODS a TOP 09,Ano,Ano,4d1774105cc8cc00,ano,,"1. Technický bod (zapisovatelé, právní asistence, ověřovatelé zápisu, schválení programu zasedání ZMB) - program",https://apl.brno.cz/protokoly-zmb/zmb-z9-35/20260519-4-33302.html
Z9-35-013,Z9/35,2026-05-19,pavel-jankuj,Pavel Jankůj,ODS a TOP 09,Ano,Ano,3eb129ab52a09cc9,ano,,"13. Aktualizace rozpočtu akcí zajišťovaných společností Brněnské vodárny a kanalizace, a. s.– květen 2026 – návrh rozpočtového opatření",https://apl.brno.cz/protokoly-zmb/zmb-z9-35/20260519-13-33974.html
Z9-35-014,Z9/35,2026-05-19,pavel-jankuj,Pavel Jankůj,ODS a TOP 09,Ano,Ano,2ac0f5d7cd6cf89c,ano,,14. Aktualizace rozpočtu Odboru investičního MMB – květen 2026 – návrh rozpočtového opatření,https://apl.brno.cz/protokoly-zmb/zmb-z9-35/20260519-14-34007.html
Z9-35-015,Z9/35,2026-05-19,pavel-jankuj,Pavel Jankůj,ODS a TOP 09,Ano,Ano,9081a2d00946ade2,ano,,"15. Schválení investičního záměru na akci ""ZŠ Čejkovická – rekonstrukce hřiště"" – návrh rozpočtového opatření",https://apl.brno.cz/protokoly-zmb/zmb-z9-35/20260519-15-34042.html
Z9-35-016,Z9/35,2026-05-19,pavel-jankuj,Pavel Jankůj,ODS a TOP 09,Ano,Ano,ceacff93256d0f28,ano,,"16. Přesun běžných a kapitálových výdajů v rámci rozpočtu Odboru územního plánování a rozvoje Magistrátu města Brna, návrh rozpočtového opatření",https://apl.brno.cz/protokoly-zmb/zmb-z9-35/20260519-16-34075.html
Z9-35-017,Z9/35,2026-05-19,pavel-jankuj,Pavel Jankůj,ODS a TOP 09,Ano,Ano,52a85836b0376e87,ano,,"17. Zapojení zůstatku Sociálního fondu do rozpočtu běžných výdajů Městské policie Brno, návrh rozpočtového opatření",https://apl.brno.cz/protokoly-zmb/zmb-z9-35/20260519-17-34108.html
Z9-35-018,Z9/35,2026-05-19,pavel-jankuj,Pavel Jankůj,ODS a TOP 09,Ano,Ano,f4d231c7cb13722a,ano,,"19. Zapojení Fondu rezerv a rozvoje v souvislosti s poskytnutím investičního příspěvku Úrazové nemocnici v Brně na pořízení magnetické rezonance, návrh rozpočtového opatření",https://apl.brno.cz/protokoly-zmb/zmb-z9-35/20260519-18-35324.html
Z9-35-010,Z9/35,2026-05-19,pavel-jankuj,Pavel Jankůj,ODS a TOP 09,Ano,Ano,9a491c6387510a0d,ano,,"9. Návrh závěrečného účtu statutárního města Brna za rok 2025, návrh účetní závěrky statutárního města Brna za rok 2025",https://apl.brno.cz/protokoly-zmb/zmb-z9-35/20260519-10-33804.html
Z9-35-019,Z9/35,2026-05-19,pavel-jankuj,Pavel Jankůj,ODS a TOP 09,Ano,Ano,c4e8e1123b847068,ano,,20. Zapojení Fondu rezerv a rozvoje v souvislosti s realizací soutěže o návrh „Socha Lucie Bakešové na Žlutém kopci v Brně“ – návrh rozpočtového opatření,https://apl.brno.cz/protokoly-zmb/zmb-z9-35/20260519-19-35363.html
Z9-35-011,Z9/35,2026-05-19,pavel-jankuj,Pavel Jankůj,ODS a TOP 09,Ano,Ano,f38aa38c98f1d9bd,ano,,"10. Návrh změn rozpočtů účelových fondů a veřejných sbírek města Brna, návrh rozpočtových opatření v souvislosti s finančním vypořádáním rozpočtu města Brna za rok 2025",https://apl.brno.cz/protokoly-zmb/zmb-z9-35/20260519-11-33841.html
Z9-35-020,Z9/35,2026-05-19,pavel-jankuj,Pavel Jankůj,ODS a TOP 09,Ano,Ano,9380016764a56ede,ano,,"21. Zapojení Fondu rezerv a rozvoje v souvislosti s realizací soutěže o návrh „Umělecké dílo s vodním prvkem – Česká"" – návrh rozpočtového opatření",https://apl.brno.cz/protokoly-zmb/zmb-z9-35/20260519-20-35651.html
Z9-35-021,Z9/35,2026-05-19,pavel-jankuj,Pavel Jankůj,ODS a TOP 09,Ano,Ano,437a4510b9acd50a,ano,,"22. Zapojení Fondu rezerv a rozvoje v souvislosti s navýšením individuální neinvestiční dotace STAREZ – SPORT, a. s., na úhradu provozních nákladů ""MFS Srbská"" v období 1. 1. 2026-30. 6.2027 – návrh dodatku dotační smlouvy – návrh rozpočtového opatření",https://apl.brno.cz/protokoly-zmb/zmb-z9-35/20260519-21-36412.html
Z9-35-022,Z9/35,2026-05-19,pavel-jankuj,Pavel Jankůj,ODS a TOP 09,Ano,Ano,1971084eed0fc1aa,ano,,"23. Zapojení Fondu rezerv a rozvoje v souvislosti s poskytnutím individuální neinvestiční dotace organizaci Tady to mám rád, z. s., na projekt Zpřístupnění metodiky přístupu Positive Behaviour Support (PBS) v českém jazyce, návrh rozpočtového opatření",https://apl.brno.cz/protokoly-zmb/zmb-z9-35/20260519-22-36442.html
Z9-35-023,Z9/35,2026-05-19,pavel-jankuj,Pavel Jankůj,ODS a TOP 09,Ano,Ano,0cb6f9f531178aa5,ano,,"24. Zapojení Fondu rezerv a rozvoje v souvislosti s poskytnutím individuální investiční dotace ParaCENTRUFenix, z. s., na kofinancování projektu Vybudování zázemí sociálních služeb ParaCENTRUMFenix, návrh rozpočtového opatření",https://apl.brno.cz/protokoly-zmb/zmb-z9-35/20260519-23-36470.html
Z9-35-024,Z9/35,2026-05-19,pavel-jankuj,Pavel Jankůj,ODS a TOP 09,Ano,Ano,8cf5d78f802afaab,ano,,"25. Zapojení Fondu rezerv a rozvoje v souvislosti s poskytnutím individuální investiční dotace organizaci Naděje na kolech, z. ú., na projekt Zvýšení dostupnosti služby sanity přání pro občany města Brna a JMK, návrh rozpočtového opatření",https://apl.brno.cz/protokoly-zmb/zmb-z9-35/20260519-24-36504.html
Z9-35-025,Z9/35,2026-05-19,pavel-jankuj,Pavel Jankůj,ODS a TOP 09,Ano,Ano,f7383636db6f7174,ano,,"26. Zapojení Fondu rezerv a rozvoje v souvislosti s poskytnutím individuální neinvestiční dotace INSTITUTU SOCIÁLNĚ ZDRAVOTNÍCH STRATEGIÍ z. s. na projekt PORADNA JAKO SLON 2026, návrh rozpočtového opatření",https://apl.brno.cz/protokoly-zmb/zmb-z9-35/20260519-25-36534.html
Z9-35-026,Z9/35,2026-05-19,pavel-jankuj,Pavel Jankůj,ODS a TOP 09,Ano,Ano,c3bc0d80e0586397,ano,,"27. Zapojení Fondu rezerv a rozvoje v souvislosti s vykrytím ztráty vedlejší podnikatelské činnosti města Brna Oddělení Jídelna Odboru vnitřních věcí MMB za rok 2025, návrh rozpočtového opatření",https://apl.brno.cz/protokoly-zmb/zmb-z9-35/20260519-26-36568.html
Z9-35-027,Z9/35,2026-05-19,pavel-jankuj,Pavel Jankůj,ODS a TOP 09,Ano,Ano,54658529bcc92f64,ano,,"28. Zapojení Fondu rezerv a rozvoje v souvislosti s poskytnutím individuální investiční dotace společnosti Technické sítě Brno, akciová společnost na akci ORG 1834 ""Rekonstrukce cesty k hradu Špilberk z ul. Gorazdova"", návrh rozpočtového opatření",https://apl.brno.cz/protokoly-zmb/zmb-z9-35/20260519-27-36601.html
Z9-35-028,Z9/35,2026-05-19,pavel-jankuj,Pavel Jankůj,ODS a TOP 09,Ano,Ano,b0fdc583d5a1c8c1,ano,,29. Zapojení Fondu rezerv a rozvoje k financování běžných výdajů Kanceláře marketingu a cestovního ruchu MMB – návrh rozpočtového opatření,https://apl.brno.cz/protokoly-zmb/zmb-z9-35/20260519-28-36631.html
Z9-35-029,Z9/35,2026-05-19,pavel-jankuj,Pavel Jankůj,ODS a TOP 09,Ano,Ano,e5d759dfd7ad3148,ano,,"30. Zapojení Fondu rezerv a rozvoje v souvislosti s návrhem na poskytnutí individuální investiční dotace JINTEK, z. ú., na realizaci projektu „Spojení Fablabu Brno a Hobbylabu“ – návrh rozpočtového opatření",https://apl.brno.cz/protokoly-zmb/zmb-z9-35/20260519-29-36662.html
Z9-35-030,Z9/35,2026-05-19,pavel-jankuj,Pavel Jankůj,ODS a TOP 09,Ano,Ano,c1b49ec617444d44,ano,,"31. Zapojení Fondu rezerv a rozvoje v souvislosti s poskytnutím investičního transferu městské části Brno-střed, návrh na převod finančních prostředků do Fondu bytové výstavby, návrh rozpočtového opatření",https://apl.brno.cz/protokoly-zmb/zmb-z9-35/20260519-30-36696.html
Z9-35-031,Z9/35,2026-05-19,pavel-jankuj,Pavel Jankůj,ODS a TOP 09,Ano,Ano,6372b5c809b32ef0,ano,,"32. Zapojení Fondu rezerv a rozvoje na zajištění projektového řízení a koordinace rozvoje lokalit Špitálka – Radlas a Staré Brno – Oltec – návrh rozpočtového opatření, návrh smlouvy se společností Realitní společnost města Brna, a. s.",https://apl.brno.cz/protokoly-zmb/zmb-z9-35/20260519-31-36735.html
Z9-35-032,Z9/35,2026-05-19,pavel-jankuj,Pavel Jankůj,ODS a TOP 09,Ano,Ano,4e872b6e5784a56f,ano,,33. Návrh na poskytnutí investičního transferu městské části Brno – střed na akci „Lavička Alfonse Muchy“ – návrh rozpočtového opatření,https://apl.brno.cz/protokoly-zmb/zmb-z9-35/20260519-32-36769.html
Z9-35-034,Z9/35,2026-05-19,pavel-jankuj,Pavel Jankůj,ODS a TOP 09,Ano,Ano,fe4c242d8ac8fe88,ano,,"35. Návrh na poskytnutí individuální neinvestiční dotace z rozpočtu města Brna v letech 2027-2031 Janáčkově akademii múzických umění na projekt ""Mezinárodní soutěž Leoše Janáčka v Brně""",https://apl.brno.cz/protokoly-zmb/zmb-z9-35/20260519-34-36870.html
Z9-35-033,Z9/35,2026-05-19,pavel-jankuj,Pavel Jankůj,ODS a TOP 09,Ano,Ano,007ebe36e69a2eac,ano,,34. Návrh na poskytnutí investičního transferu městské části Brno-Žabovřesky z rozpočtu Odboru vodního a lesního hospodářství a zemědělství MMB – návrh rozpočtového opatření,https://apl.brno.cz/protokoly-zmb/zmb-z9-35/20260519-33-36805.html
Z9-35-035,Z9/35,2026-05-19,pavel-jankuj,Pavel Jankůj,ODS a TOP 09,Ano,Ano,fcd2575d6705c23f,ano,,"36. Návrh na poskytnutí individuální neinvestiční dotace z rozpočtu města Brna na rok 2026 spolku MEMORALL z. s. na projekt ""Zpracování Libreta na expozici ""Winston Churchill je zpět na hradě Veveří"" - návrh rozpočtového opatření",https://apl.brno.cz/protokoly-zmb/zmb-z9-35/20260519-35-36905.html
Z9-35-036,Z9/35,2026-05-19,pavel-jankuj,Pavel Jankůj,ODS a TOP 09,Ano,Ano,ae86ac851a26eeaf,ano,,"37. Návrh na poskytnutí individuální neinvestiční dotace spolku Trenéři ve škole, z. s., na realizaci projektu „Trenéři ve škole“ v období 02/2026-06/2026 – návrh rozpočtového opatření, 38. Návrh na poskytnutí individuální neinvestiční dotace spolku Tripoli Brno, z. s., na uspořádání „Mistrovství světa v malém fotbale 2027“",https://apl.brno.cz/protokoly-zmb/zmb-z9-35/20260519-36-36955.html
Z9-35-037,Z9/35,2026-05-19,pavel-jankuj,Pavel Jankůj,ODS a TOP 09,Ano,Ano,85f6cbf61ea77206,ano,,39. Návrh na poskytnutí neinvestičních dotací na podporu mládežnického sportu pro rok 2026,https://apl.brno.cz/protokoly-zmb/zmb-z9-35/20260519-37-37029.html
Z9-35-038,Z9/35,2026-05-19,pavel-jankuj,Pavel Jankůj,ODS a TOP 09,Ano,Ano,16b1ed9e43d9c078,ano,,Body č. 40-42,https://apl.brno.cz/protokoly-zmb/zmb-z9-35/20260519-38-37079.html
Z9-35-039,Z9/35,2026-05-19,pavel-jankuj,Pavel Jankůj,ODS a TOP 09,Ano,Ano,fdbe1318d11cf43f,ano,,43. Návrh na poskytnutí účelových neinvestičních příspěvků základním školám na mezinárodní projekty v roce 2026 – návrh rozpočtového opatření,https://apl.brno.cz/protokoly-zmb/zmb-z9-35/20260519-39-37113.html
Z9-35-040,Z9/35,2026-05-19,pavel-jankuj,Pavel Jankůj,ODS a TOP 09,Ano,Ano,06e4bcc8dd233c34,ano,,"44. Návrh na poskytnutí investičních a neinvestičních dotací v rámci Programu VI – obnova materiálně technického vybavení poskytovatelů sociálních služeb pro rok 2026-2027, návrh rozpočtového opatření",https://apl.brno.cz/protokoly-zmb/zmb-z9-35/20260519-40-37147.html
Z9-35-041,Z9/35,2026-05-19,pavel-jankuj,Pavel Jankůj,ODS a TOP 09,Ano,Ano,d2d8130bc7bca85e,ano,,"45. Návrh na poskytnutí individuální účelové neinvestiční dotace Nadaci Partnerství na údržbu Otevřeného lesa – část sever v letech 2026–2028 – návrh rozpočtového opatření, 46. Návrh na poskytnutí individuální neinvestiční dotace na projekty Comic-Con Brno & Junior a Kniha Brno",https://apl.brno.cz/protokoly-zmb/zmb-z9-35/20260519-41-37185.html
Z9-35-042,Z9/35,2026-05-19,pavel-jankuj,Pavel Jankůj,ODS a TOP 09,Ano,Ano,617492c26f8dfe32,ano,,47. Návrh na poskytnutí neinvestičních dotací v rámci dotačního programu pro poskytování dotací v oblasti podpory kreativních odvětví na rok 2026 v 8. etapě – “Pro Kreativní Brno” – návrh rozpočtového opatření,https://apl.brno.cz/protokoly-zmb/zmb-z9-35/20260519-42-37221.html
Z9-35-043,Z9/35,2026-05-19,pavel-jankuj,Pavel Jankůj,ODS a TOP 09,Ano,Ano,85e851717ad6ab5c,ano,,"48. Návrh na poskytnutí individuální neinvestiční dotace JCMM, z. s. p. o., na realizaci projektu „Brno Ph.D. Talent 2026“",https://apl.brno.cz/protokoly-zmb/zmb-z9-35/20260519-43-37253.html
Z9-35-044,Z9/35,2026-05-19,pavel-jankuj,Pavel Jankůj,ODS a TOP 09,Ano,Ano,3dc3834a08fdb5cf,ano,,49. Návrh na prodloužení termínu vyúčtování a změnu účelu použití investičních transferů poskytnutých městským částem na rok 2026 – návrh rozpočtového opatření,https://apl.brno.cz/protokoly-zmb/zmb-z9-35/20260519-44-37291.html
Z9-35-045,Z9/35,2026-05-19,pavel-jankuj,Pavel Jankůj,ODS a TOP 09,Ano,Ano,15c5111a36661c3b,ano,,50. Návrh Dodatku č. 1 ke Smlouvě o poskytnutí individuální investiční dotace č. 7225092161 Diecézní charitě Brno,https://apl.brno.cz/protokoly-zmb/zmb-z9-35/20260519-45-37378.html
Z9-35-046,Z9/35,2026-05-19,pavel-jankuj,Pavel Jankůj,ODS a TOP 09,Ano,Ano,19c0b4e8a2da39a0,ano,,"51. Návrh Dodatku č. 1 ke Smlouvě o poskytnutí investiční dotace č. 7225092677 organizaci Domov pro mne, z. s.",https://apl.brno.cz/protokoly-zmb/zmb-z9-35/20260519-46-37463.html
Z9-35-050,Z9/35,2026-05-19,pavel-jankuj,Pavel Jankůj,ODS a TOP 09,Ano,Ano,0755f3662c63edc9,ano,,"54. Návrh Memoranda o spolupráci mezi statutárním městem Brnem, Trenéři ve škole, z. s., a Malý fotbal Brno, z. s., na realizaci projektu podpory pohybových aktivit žáků a žákyň v hodinách tělesné výchovy brněnských základních škol",https://apl.brno.cz/protokoly-zmb/zmb-z9-35/20260519-50-37965.html
Z9-35-048,Z9/35,2026-05-19,pavel-jankuj,Pavel Jankůj,ODS a TOP 09,Ano,Ano,fca83f09fee48b81,ano,,"55. Návrh na přistoupení k Memorandu o vzájemné spolupráci na projektu ""Aktivní škola v JMK"" a návrh dodatku č. 1 k tomuto memorandu mezi statutárním městem Brnem a ostatními stranami memoranda",https://apl.brno.cz/protokoly-zmb/zmb-z9-35/20260519-48-37552.html
Z9-35-049,Z9/35,2026-05-19,pavel-jankuj,Pavel Jankůj,ODS a TOP 09,Ano,Ano,194bd18012d0cf09,ano,,"53. Návrh Dodatku č. 8 ke Smlouvě o závazku veřejné služby a vyrovnávací platbě za jeho výkon uzavřené se STAREZ – SPORT, a. s.",https://apl.brno.cz/protokoly-zmb/zmb-z9-35/20260519-49-37591.html
Z9-35-047,Z9/35,2026-05-19,pavel-jankuj,Pavel Jankůj,ODS a TOP 09,Ano,Ano,407a6ef39b2b6d20,ano,,"52. Návrh dodatku č. 3 ke smlouvě o poskytnutí individuální investiční dotace z rozpočtu města Brna na podporu projektu ""Rozvoj kulturního centra CO.LABS""",https://apl.brno.cz/protokoly-zmb/zmb-z9-35/20260519-47-37501.html
Z9-35-051,Z9/35,2026-05-19,pavel-jankuj,Pavel Jankůj,ODS a TOP 09,Ano,Ano,d798d89bf55f0db9,ano,,"56. Návrh na uzavření Memoranda o spolupráci při realizaci projektu ""Sociálně–zdravotní komplex Červený kopec""",https://apl.brno.cz/protokoly-zmb/zmb-z9-35/20260519-51-38243.html
Z9-35-053,Z9/35,2026-05-19,pavel-jankuj,Pavel Jankůj,ODS a TOP 09,Ano,Ano,650a5b2b3f8f4763,ano,,58. Finanční prostředky Fondu kofinancování projektů – květen 2026 – návrh rozpočtových opatření,https://apl.brno.cz/protokoly-zmb/zmb-z9-35/20260519-53-38308.html
Z9-35-052,Z9/35,2026-05-19,pavel-jankuj,Pavel Jankůj,ODS a TOP 09,Ano,Ano,ab60835e5830406b,ano,,57. Návrh na uzavření Memoranda o spolupráci při podpoře osob s poruchou autistického spektra a pečujících rodin v Jihomoravském kraji a městě Brně,https://apl.brno.cz/protokoly-zmb/zmb-z9-35/20260519-52-38273.html
Z9-35-054,Z9/35,2026-05-19,pavel-jankuj,Pavel Jankůj,ODS a TOP 09,Ano,Ano,411d5b4d58c3f7a6,ano,,Body č. 59-62,https://apl.brno.cz/protokoly-zmb/zmb-z9-35/20260519-54-38345.html
Z9-35-055,Z9/35,2026-05-19,pavel-jankuj,Pavel Jankůj,ODS a TOP 09,Ano,Ano,6bf9a18715b5e67b,ano,,"64. Projekt ""Zlepšení kybernetické bezpečnosti v ÚNB"" - návrh pověřovacího aktu",https://apl.brno.cz/protokoly-zmb/zmb-z9-35/20260519-55-38383.html
Z9-35-056,Z9/35,2026-05-19,pavel-jankuj,Pavel Jankůj,ODS a TOP 09,Ano,Ano,04c7589871b85eff,ano,,"65. Návrh úpravy kritérií pro přihlašování jednotlivců do projektu „Družstevní bydlení pro mladé“, lokalita Kamenný vrch II",https://apl.brno.cz/protokoly-zmb/zmb-z9-35/20260519-56-38416.html
Z9-35-057,Z9/35,2026-05-19,pavel-jankuj,Pavel Jankůj,ODS a TOP 09,Ano,Ano,3fb93ee2cf43eea2,ano,,"66. Návrh změny stanov Společenství vlastníků jednotek V Újezdech 1, Brno pro dům č. p. 535 v k. ú. Medlánky, obec Brno",https://apl.brno.cz/protokoly-zmb/zmb-z9-35/20260519-57-38529.html
Z9-35-058,Z9/35,2026-05-19,pavel-jankuj,Pavel Jankůj,ODS a TOP 09,Ano,Ano,7d0b55e16e1a74a5,ano,,"67. Žádost městské části Brno-Královo Pole o předchozí souhlas s použitím části kladného výsledku hospodaření z vlastní podnikatelské činnosti-bytového hospodářství k jiným účelům, 68.	Žádost městské části Brno-Žabovřesky o předchozí souhlas s použitím části kladného výsledku hospodaření z vlastní podnikatelské činnosti-bytového hospodářství k jiným účelům",https://apl.brno.cz/protokoly-zmb/zmb-z9-35/20260519-58-38565.html
Z9-35-059,Z9/35,2026-05-19,pavel-jankuj,Pavel Jankůj,ODS a TOP 09,Ano,Ano,681deb61384bf746,ano,,"70. Návrh Dodatku č. 1 Dohody o mimosoudním jednání ve věci vypořádání historických závazků plynoucí z družstevní bytové výstavby na území města Brna spolufinancované prostřednictvím státní dotace pro Dvouřádky, bytové družstvo",https://apl.brno.cz/protokoly-zmb/zmb-z9-35/20260519-59-38654.html
Z9-35-060,Z9/35,2026-05-19,pavel-jankuj,Pavel Jankůj,ODS a TOP 09,Ano,Ano,4f71a3023d2a05e6,ano,,71. Návrh zpeněžení (prodeje) pozemku p. č. 4701/4 v k. ú. Židenice (městská část Brno-Židenice) formou veřejné elektronické dražby,https://apl.brno.cz/protokoly-zmb/zmb-z9-35/20260519-60-38690.html
Z9-35-062,Z9/35,2026-05-19,pavel-jankuj,Pavel Jankůj,ODS a TOP 09,Zdržel se,Zdržel se,3dd1fa91167e3517,ano,,73. Návrh prodeje pozemku p. č. 1246 v k. ú. Medlánky - bere na vědomí,https://apl.brno.cz/protokoly-zmb/zmb-z9-35/20260519-62-39057.html
Z9-35-061,Z9/35,2026-05-19,pavel-jankuj,Pavel Jankůj,ODS a TOP 09,Ano,Ano,a09b03a3dee5a075,ano,,72. Návrh odejmutí svěřeného pozemku p. č. 592 v k. ú. Lesná a návrh zpeněžení (prodeje) pozemku p. č. 592 v k. ú. Lesná formou veřejné elektronické dražby,https://apl.brno.cz/protokoly-zmb/zmb-z9-35/20260519-61-38729.html
Z9-35-064,Z9/35,2026-05-19,pavel-jankuj,Pavel Jankůj,ODS a TOP 09,Ano,Ano,d8f52e16aa575e3e,ano,,"74. Návrh prodeje pozemků p. č. 2159/18 a p. č. 2159/22, oba v k. ú. Nový Lískovec, 75. Návrh prodeje části pozemku p. č. 967 v k. ú. Brněnské Ivanovice",https://apl.brno.cz/protokoly-zmb/zmb-z9-35/20260519-64-39153.html
Z9-35-063,Z9/35,2026-05-19,pavel-jankuj,Pavel Jankůj,ODS a TOP 09,Ano,Ano,ab8f02f22552768c,ano,,73. Návrh prodeje pozemku p. č. 1246 v k. ú. Medlánky - bod 2 - ZMB neschvaluje,https://apl.brno.cz/protokoly-zmb/zmb-z9-35/20260519-63-39113.html
Z9-35-066,Z9/35,2026-05-19,pavel-jankuj,Pavel Jankůj,ODS a TOP 09,Ano,Ano,4ad23caceb1689a4,ano,,Body č. 78-82,https://apl.brno.cz/protokoly-zmb/zmb-z9-35/20260519-66-39247.html
Z9-35-065,Z9/35,2026-05-19,pavel-jankuj,Pavel Jankůj,ODS a TOP 09,Ano,Ano,f5732a61d3a66007,ano,,77. Návrh nabytí pozemku p. č. 8239/39 v k. ú. Bystrc,https://apl.brno.cz/protokoly-zmb/zmb-z9-35/20260519-65-39211.html
Z9-35-067,Z9/35,2026-05-19,pavel-jankuj,Pavel Jankůj,ODS a TOP 09,Ano,Ano,fddb7bf9fd6b24c0,ano,,Body č. 83-88,https://apl.brno.cz/protokoly-zmb/zmb-z9-35/20260519-67-39296.html
Z9-35-068,Z9/35,2026-05-19,pavel-jankuj,Pavel Jankůj,ODS a TOP 09,Ano,Ano,5ae91a0be0c8d262,ano,,Body č. 89-96,https://apl.brno.cz/protokoly-zmb/zmb-z9-35/20260519-68-39349.html
Z9-35-069,Z9/35,2026-05-19,pavel-jankuj,Pavel Jankůj,ODS a TOP 09,Ano,Ano,a91b84c7cd590289,ano,,97. Návrh souhlasného prohlášení k pozemkům p. č. 6916/33 a p. č.6916/34 v k. ú. Židenice zapsaným v duplicitním vlastnictví statutárního města Brna a podílovém spoluvlastnictví fyzické osoby (městská část Brno-Židenice),https://apl.brno.cz/protokoly-zmb/zmb-z9-35/20260519-69-39384.html
Z9-35-070,Z9/35,2026-05-19,pavel-jankuj,Pavel Jankůj,ODS a TOP 09,Ano,Ano,d9086194269fd54f,ano,,"98. Návrh na odstranění duplicitního zápisu vlastnického práva na listu vlastnictví č. 8350 pro k. ú. Bystrc, obec Brno",https://apl.brno.cz/protokoly-zmb/zmb-z9-35/20260519-70-39417.html
Z9-35-071,Z9/35,2026-05-19,pavel-jankuj,Pavel Jankůj,ODS a TOP 09,Ano,Ano,352db9a8971fd074,ano,,99. Návrh směny pozemků v k. ú. Bosonohy,https://apl.brno.cz/protokoly-zmb/zmb-z9-35/20260519-71-39493.html
Z9-35-073,Z9/35,2026-05-19,pavel-jankuj,Pavel Jankůj,ODS a TOP 09,Ano,Ano,ba8d752b36cea5d5,ano,,"101. Návrh směny částí pozemků p. č. 1031/8 a p. č. 1033/133 za část pozemku p. č. 1035/1, vše v k. ú. Ivanovice pro stavbu „Jezerůvky, Leknínová – rekonstrukce komunikace“ a návrh odejmutí části svěřeného pozemku p. č. 1035/1, k. ú. Ivanovice",https://apl.brno.cz/protokoly-zmb/zmb-z9-35/20260519-73-39671.html
Z9-35-072,Z9/35,2026-05-19,pavel-jankuj,Pavel Jankůj,ODS a TOP 09,Ano,Ano,ec1b1bdf334a2d3c,ano,,"100. Návrh směny pozemků potřebných pro stavbu „I/42, VMO MÚK Ostravská radiála” za bytovou jednotku č. 510/26 v bytovém domě Plachty 510/6",https://apl.brno.cz/protokoly-zmb/zmb-z9-35/20260519-72-39639.html
Z9-35-074,Z9/35,2026-05-19,pavel-jankuj,Pavel Jankůj,ODS a TOP 09,Ano,Ano,afdeadd1cee794a2,ano,,"102. Návrh budoucí směny částí pozemků p. č. 425/1, p. č. 426/2, p. č. 426/4, p. č. 426/5 za pozemek p. č. 423 vše v k. ú. Stránice a návrh budoucího pronájmu pozemku p. č. 423 v k. ú. Stránice",https://apl.brno.cz/protokoly-zmb/zmb-z9-35/20260519-74-39706.html
Z9-35-075,Z9/35,2026-05-19,pavel-jankuj,Pavel Jankůj,ODS a TOP 09,Ano,Ano,d5258dca3e17f1ff,ano,,103. Návrh odejmutí svěřeného pozemku p. č. 750 v k. ú. Horní Heršpice a návrh směny pozemku p. č. 750 v k. ú. Horní Heršpice za pozemek p. č. 1837/46 v k. ú. Štýřice,https://apl.brno.cz/protokoly-zmb/zmb-z9-35/20260519-75-39739.html
Z9-35-077,Z9/35,2026-05-19,pavel-jankuj,Pavel Jankůj,ODS a TOP 09,Ano,Ano,6521f7210369df5f,ano,,Body č. 105-107,https://apl.brno.cz/protokoly-zmb/zmb-z9-35/20260519-77-39813.html
Z9-35-076,Z9/35,2026-05-19,pavel-jankuj,Pavel Jankůj,ODS a TOP 09,Ano,Ano,99bf422ee2e90af1,ano,,104. Návrh odejmutí části svěřeného pozemku p. č. 467/35 v k. ú. Trnitá a návrh směny části pozemku p. č. 467/35 v k. ú. Trnitá,https://apl.brno.cz/protokoly-zmb/zmb-z9-35/20260519-76-39772.html
Z9-35-078,Z9/35,2026-05-19,pavel-jankuj,Pavel Jankůj,ODS a TOP 09,Ano,Ano,67664aae140bdcd2,ano,,108. Návrh svěření pozemku p. č. 69 v k. ú. Trnitá městské části Brno-střed - var. A,https://apl.brno.cz/protokoly-zmb/zmb-z9-35/20260519-78-39859.html
Z9-35-079,Z9/35,2026-05-19,pavel-jankuj,Pavel Jankůj,ODS a TOP 09,Ano,Ano,d2829ac5ea357147,ano,,109. Návrh nesvěření pozemku p. č. 285/132 v k. ú. Žabovřesky městské části Brno-Žabovřesky,https://apl.brno.cz/protokoly-zmb/zmb-z9-35/20260519-79-39900.html
Z9-35-080,Z9/35,2026-05-19,pavel-jankuj,Pavel Jankůj,ODS a TOP 09,Ano,Ano,50340fde63dce5ad,ano,,"110. Návrh plánovací smlouvy pro realizaci stavebních záměrů v lokalitě náměstí Míru a budoucí smlouvy o zřízení služebnosti - bod 1 - var. A, bod 2 - var. B",https://apl.brno.cz/protokoly-zmb/zmb-z9-35/20260519-80-40211.html
Z9-35-081,Z9/35,2026-05-19,pavel-jankuj,Pavel Jankůj,ODS a TOP 09,Ano,Ano,5b52f35ec68a4a0d,ano,,111. Návrh Plánovací smlouvy Bytový dům Terezy Novákové Brno,https://apl.brno.cz/protokoly-zmb/zmb-z9-35/20260519-81-40241.html
Z9-35-082,Z9/35,2026-05-19,pavel-jankuj,Pavel Jankůj,ODS a TOP 09,Ano,Ano,08c632dbe4522405,ano,,112. Návrh Plánovací smlouvy „Bytový dům Slatina“,https://apl.brno.cz/protokoly-zmb/zmb-z9-35/20260519-82-40273.html
Z9-35-083,Z9/35,2026-05-19,pavel-jankuj,Pavel Jankůj,ODS a TOP 09,Ano,Ano,fd3aa7af7f959c11,ano,,"113. Návrh Dodatku č. 3 ke Smlouvě o spolupráci při výstavbě veřejné infrastruktury „Rezidence Pod Lesem, Brno – Žebětín“.",https://apl.brno.cz/protokoly-zmb/zmb-z9-35/20260519-83-40306.html
Z9-35-084,Z9/35,2026-05-19,pavel-jankuj,Pavel Jankůj,ODS a TOP 09,Ano,Ano,97e257d76661b9aa,ano,,"114. Návrh obecně závazné vyhlášky statutárního města Brna, kterou se mění obecně závazná vyhláška statutárního města Brna č. 20/2001, kterou se vydává Statut města Brna, ve znění pozdějších vyhlášek – návrh změn v příloze č. 3",https://apl.brno.cz/protokoly-zmb/zmb-z9-35/20260519-84-40338.html
Z9-35-085,Z9/35,2026-05-19,pavel-jankuj,Pavel Jankůj,ODS a TOP 09,Ano,Ano,08ccbbd80e628ae4,ano,,115. Návrh nabytí části pozemku p.č. 3163/277 v k.ú. Komín pro stavbu „Rozšíření ulice Palcary včetně inženýrských sítí“,https://apl.brno.cz/protokoly-zmb/zmb-z9-35/20260519-85-40378.html
Z9-36-001,Z9/36,2026-06-23,pavel-jankuj,Pavel Jankůj,ODS a TOP 09,Ano,Ano,dff82165b9449d06,ano,,"1. Technický bod (zapisovatelé, právní asistence, ověřovatelé zápisu, schválení programu zasedání ZMB) - ověřovatelé zápisu",https://apl.brno.cz/protokoly-zmb/zmb-z9-36/20260623-1-34250.html
Z9-36-002,Z9/36,2026-06-23,pavel-jankuj,Pavel Jankůj,ODS a TOP 09,Ano,Ano,bd19c5c5995977b3,ano,,"1. Technický bod (zapisovatelé, právní asistence, ověřovatelé zápisu, schválení programu zasedání ZMB) - program - hlasování o stažení bodu č. 79, 87, 115, 137, 157, 158",https://apl.brno.cz/protokoly-zmb/zmb-z9-36/20260623-2-35451.html
Z9-36-005,Z9/36,2026-06-23,pavel-jankuj,Pavel Jankůj,ODS a TOP 09,Ano,Ano,86b9f5ce1f1cde5c,ano,,"1. Technický bod (zapisovatelé, právní asistence, ověřovatelé zápisu, schválení programu zasedání ZMB) - program - zařazení bodu č. 171 - Deklarace města Brna vládě České republiky na podporu silné, nezávislé a regionálně ukotvené České televize Brno a Českého rozhlasu Brno",https://apl.brno.cz/protokoly-zmb/zmb-z9-36/20260623-5-35653.html
Z9-36-004,Z9/36,2026-06-23,pavel-jankuj,Pavel Jankůj,ODS a TOP 09,Ano,Ano,481c0bcb9c347e79,ano,,"1. Technický bod (zapisovatelé, právní asistence, ověřovatelé zápisu, schválení programu zasedání ZMB) - program - hlasování o stažení bodu č. 94",https://apl.brno.cz/protokoly-zmb/zmb-z9-36/20260623-4-35586.html
Z9-36-006,Z9/36,2026-06-23,pavel-jankuj,Pavel Jankůj,ODS a TOP 09,Ano,Ano,50834e58aadf1694,ano,,"1. Technický bod (zapisovatelé, právní asistence, ověřovatelé zápisu, schválení programu zasedání ZMB) - program - hlasování o zařazení bodu č. 166, 167, 168, 169, 170",https://apl.brno.cz/protokoly-zmb/zmb-z9-36/20260623-6-35681.html
Z9-36-007,Z9/36,2026-06-23,pavel-jankuj,Pavel Jankůj,ODS a TOP 09,Ano,Ano,73392dc8a3c9ed91,ano,,"1. Technický bod (zapisovatelé, právní asistence, ověřovatelé zápisu, schválení programu zasedání ZMB) - program - bod č.94 v 10.30",https://apl.brno.cz/protokoly-zmb/zmb-z9-36/20260623-7-35833.html
Z9-36-008,Z9/36,2026-06-23,pavel-jankuj,Pavel Jankůj,ODS a TOP 09,Ano,Ano,3cf0f92b97a53385,ano,,"2. Dotazy, připomínky a podněty občanů - Kounicovy koleje, využití pietní síně - zařazení bodu",https://apl.brno.cz/protokoly-zmb/zmb-z9-36/20260623-8-40447.html
Z9-36-009,Z9/36,2026-06-23,pavel-jankuj,Pavel Jankůj,ODS a TOP 09,Ano,Ano,7d82ad28badf0f86,ano,,"94. Koncesní řízení ""Fotbalový stadion v Brně“, návrh výběru koncesionáře a návrh prodeje pozemků p. č. 809/1, p. č. 1083 a nového, dosud nezapsaného pozemku p. č. 1077/34 vše v k. ú. Ponava s budoucím závazkem",https://apl.brno.cz/protokoly-zmb/zmb-z9-36/20260623-9-54815.html
Z9-36-012,Z9/36,2026-06-23,pavel-jankuj,Pavel Jankůj,ODS a TOP 09,Ano,Ano,ce69880b635f23fc,ano,,6. Návrh na přejmenování ulice na území města Brna,https://apl.brno.cz/protokoly-zmb/zmb-z9-36/20260623-12-55032.html
Z9-36-013,Z9/36,2026-06-23,pavel-jankuj,Pavel Jankůj,ODS a TOP 09,Ano,Ano,87e66fb43c32bfc5,ano,,"7. Návrh obecně závazné vyhlášky statutárního města Brna, kterou se zrušuje obecně závazná vyhláška č. 4/2022, kterou se zakazuje spalování pevných paliv ve stacionárních zdrojích po dobu smogové situace na území statutárního města Brna.",https://apl.brno.cz/protokoly-zmb/zmb-z9-36/20260623-13-55062.html
Z9-36-010,Z9/36,2026-06-23,pavel-jankuj,Pavel Jankůj,ODS a TOP 09,Ano,Ano,2c348d6648ded779,ano,,4. Návrh změny Jednacího řádu Zastupitelstva města Brna,https://apl.brno.cz/protokoly-zmb/zmb-z9-36/20260623-10-54974.html
Z9-36-011,Z9/36,2026-06-23,pavel-jankuj,Pavel Jankůj,ODS a TOP 09,Ano,Ano,d5b5079815e51729,ano,,"5. Návrh na pojmenování nové ulice, náměstí a mostu na území města Brna",https://apl.brno.cz/protokoly-zmb/zmb-z9-36/20260623-11-55004.html
Z9-36-014,Z9/36,2026-06-23,pavel-jankuj,Pavel Jankůj,ODS a TOP 09,Ano,Ano,e5e123f707cc8fc9,ano,,"8. Návrh vstupu statutárního města Brna do spolku BVV Living lab Brno, z. s.",https://apl.brno.cz/protokoly-zmb/zmb-z9-36/20260623-14-55092.html
Z9-36-015,Z9/36,2026-06-23,pavel-jankuj,Pavel Jankůj,ODS a TOP 09,Ano,Ano,5ce4f7dd582e83a7,ano,,Body č. 9-11,https://apl.brno.cz/protokoly-zmb/zmb-z9-36/20260623-15-55156.html
Z9-36-017,Z9/36,2026-06-23,pavel-jankuj,Pavel Jankůj,ODS a TOP 09,Ano,Ano,d7ec74d0de58fa7c,ano,,"15. Finanční hospodaření dobrovolného svazku obcí České dědictví UNESCO za rok 2025, 16.	Finanční hospodaření svazku obcí Cyklistická stezka Brno – Vídeň za rok 2025",https://apl.brno.cz/protokoly-zmb/zmb-z9-36/20260623-17-55230.html
Z9-36-016,Z9/36,2026-06-23,pavel-jankuj,Pavel Jankůj,ODS a TOP 09,Ano,Ano,2ca867e65e11e197,ano,,Body č. 12-14,https://apl.brno.cz/protokoly-zmb/zmb-z9-36/20260623-16-55197.html
Z9-36-018,Z9/36,2026-06-23,pavel-jankuj,Pavel Jankůj,ODS a TOP 09,Ano,Ano,16afde7d0414fb4e,ano,,17. Návrh Dodatku č. 2 ke stanovám dobrovolného svazku obcí „Cyklistická stezka Brno – Vídeň“,https://apl.brno.cz/protokoly-zmb/zmb-z9-36/20260623-18-55258.html
Z9-36-019,Z9/36,2026-06-23,pavel-jankuj,Pavel Jankůj,ODS a TOP 09,Ano,Ano,9ca7fcafa9d22506,ano,,"18. Horkovod z jaderné elektrárny Dukovany do Brna – návrh na vyčlenění části jmění společnosti Teplárny Brno, a. s. a jeho sloučení se společností Teplárny Brno Distribuce, a. s., v rámci unbundlingu společnosti Teplárny Brno, a. s.",https://apl.brno.cz/protokoly-zmb/zmb-z9-36/20260623-19-55351.html
Z9-36-020,Z9/36,2026-06-23,pavel-jankuj,Pavel Jankůj,ODS a TOP 09,Ano,Ano,5edf9c5b89146170,ano,,"19. Veřejný návrh smlouvy na odkup akcií společnosti Brněnské vodárny a kanalizace, a. s.",https://apl.brno.cz/protokoly-zmb/zmb-z9-36/20260623-20-55382.html
Z9-36-021,Z9/36,2026-06-23,pavel-jankuj,Pavel Jankůj,ODS a TOP 09,Ano,Ano,2b2cc542ef6e9e90,ano,,20. Návrh na odpis nákladů zmařených projektových dokumentací z účtu nedokončených investic,https://apl.brno.cz/protokoly-zmb/zmb-z9-36/20260623-21-55412.html
Z9-36-022,Z9/36,2026-06-23,pavel-jankuj,Pavel Jankůj,ODS a TOP 09,Ano,Ano,22fbef2fd6e10e16,ano,,"21. ""ZŠ Waldorfská – statické zabezpečení a rekonstrukce plotu""– návrh rozpočtového opatření, 22.Návrh rozpočtového opatření – navýšení zálohy vyrovnávací platby společnosti STAREZ–SPORT, a. s. v roce 2026 z důvodu změny v rozsahu pořádaných akcí v roce 2026 ze závazku veřejné služby",https://apl.brno.cz/protokoly-zmb/zmb-z9-36/20260623-22-55451.html
Z9-36-024,Z9/36,2026-06-23,pavel-jankuj,Pavel Jankůj,ODS a TOP 09,Ano,Ano,400fe3aadb727674,ano,,Body č. 29-31,https://apl.brno.cz/protokoly-zmb/zmb-z9-36/20260623-24-55579.html
Z9-36-023,Z9/36,2026-06-23,pavel-jankuj,Pavel Jankůj,ODS a TOP 09,Ano,Ano,45165d138ecfe24e,ano,,Body č. 23-28,https://apl.brno.cz/protokoly-zmb/zmb-z9-36/20260623-23-55493.html
Z9-36-025,Z9/36,2026-06-23,pavel-jankuj,Pavel Jankůj,ODS a TOP 09,Ano,Ano,003d7cf6c4a62e93,ano,,"32. Zapojení Fondu rezerv a rozvoje v souvislosti s poskytnutím individuální neinvestiční dotace z rozpočtu města Brna v roce 2026 Nadačnímu fondu MEHRIN na realizaci projektu ""Makor Mehrin"" – návrh rozpočtového opatření",https://apl.brno.cz/protokoly-zmb/zmb-z9-36/20260623-25-55613.html
Z9-36-026,Z9/36,2026-06-23,pavel-jankuj,Pavel Jankůj,ODS a TOP 09,Ano,Ano,dee8ff94f0d5ee3e,ano,,"33. Zapojení Fondu rezerv a rozvoje v souvislosti s poskytnutím víceleté individuální neinvestiční dotace z rozpočtu města Brna v letech 2026–2027 BuranTeatru z. ú. na „Provoz kulturního centra CO.LABS“ – návrh rozpočtového opatření, 34. Zapojení Fondu rezerv a rozvoje v souvislosti s poskytnutím účelového neinvestičního příspěvku Muzeu města Brna, příspěvkové organizaci, na zajištění pozice koordinátora Centra Leoše Janáčka (2026–2029) – návrh rozpočtového opatření",https://apl.brno.cz/protokoly-zmb/zmb-z9-36/20260623-26-55644.html
Z9-36-028,Z9/36,2026-06-23,pavel-jankuj,Pavel Jankůj,ODS a TOP 09,Ano,Ano,bdb4f4c52ef77fd2,ne,Neplatné hlasování podle zveřejněného zápisu; zachováno jen pro dokumentaci.,"36. Zapojení Fondu rezerv a rozvoje v souvislosti s poskytnutím investičního transferu městské části Brno–Žebětín na akci „Víceúčelové sportoviště Brno–Žebětín“ – návrh rozpočtového opatření, 37. Zapojení Fondu rezerv a rozvoje v souvislosti s poskytnutím individuální investiční dotace spolku SK Řečkovice, z. s. na projekt „Nástavba, přístavba a stavební úpravy provozní budovy SK Řečkovice, z. s.“ – návrh rozpočtového opatření",https://apl.brno.cz/protokoly-zmb/zmb-z9-36/20260623-28-55708.html
Z9-36-027,Z9/36,2026-06-23,pavel-jankuj,Pavel Jankůj,ODS a TOP 09,Ano,Ano,97a3c483b92f4eb6,ano,,"35. Zapojení Fondu rezerv a rozvoje v souvislosti s poskytnutím účelových neinvestičních příspěvků Národnímu divadlu Brno, příspěvkové organizaci, v roce 2026 – návrh rozpočtového opatření",https://apl.brno.cz/protokoly-zmb/zmb-z9-36/20260623-27-55675.html
Z9-36-029,Z9/36,2026-06-23,pavel-jankuj,Pavel Jankůj,ODS a TOP 09,Ano,Ano,a6a007d6bd034277,ano,,38. Zapojení Fondu rezerv a rozvoje v souvislosti s poskytnutím individuální investiční dotace Biskupství brněnskému na vybudování Biskupské základní školy G.J. Mendela – návrh rozpočtového opatření,https://apl.brno.cz/protokoly-zmb/zmb-z9-36/20260623-29-55742.html
Z9-36-032,Z9/36,2026-06-23,pavel-jankuj,Pavel Jankůj,ODS a TOP 09,Ano,Ano,d1e8f60577a941c0,ano,,"37. Zapojení Fondu rezerv a rozvoje v souvislosti s poskytnutím individuální investiční dotace spolku SK Řečkovice, z. s. na projekt „Nástavba, přístavba a stavební úpravy provozní budovy SK Řečkovice, z. s.“ – návrh rozpočtového opatření",https://apl.brno.cz/protokoly-zmb/zmb-z9-36/20260623-32-55954.html
Z9-36-030,Z9/36,2026-06-23,pavel-jankuj,Pavel Jankůj,ODS a TOP 09,Ano,Ano,40dc44c3da0dba32,ano,,Body č. 39-42,https://apl.brno.cz/protokoly-zmb/zmb-z9-36/20260623-30-55784.html
Z9-36-031,Z9/36,2026-06-23,pavel-jankuj,Pavel Jankůj,ODS a TOP 09,Ano,Ano,eae7cc9328c2c641,ano,,"43. Zapojení Fondu rezerv a rozvoje v souvislosti s poskytnutím a navýšením investičního příspěvku Správě hřbitovů města Brna, příspěvkové organizaci, návrh rozpočtového opatření",https://apl.brno.cz/protokoly-zmb/zmb-z9-36/20260623-31-55836.html
Z9-36-034,Z9/36,2026-06-23,pavel-jankuj,Pavel Jankůj,ODS a TOP 09,Ano,Ano,7d2dd2a1369a7719,ano,,"45. Návrh na poskytnutí daru Ptačímu centru o.p.s., návrh rozpočtového opatření",https://apl.brno.cz/protokoly-zmb/zmb-z9-36/20260623-34-56016.html
Z9-36-033,Z9/36,2026-06-23,pavel-jankuj,Pavel Jankůj,ODS a TOP 09,Ano,Ano,3331dbcb55a4d861,ano,,44. Návrh na poskytnutí peněžitého daru Nadačnímu fondu Josefů K. – návrh rozpočtového opatření,https://apl.brno.cz/protokoly-zmb/zmb-z9-36/20260623-33-55982.html
Z9-36-035,Z9/36,2026-06-23,pavel-jankuj,Pavel Jankůj,ODS a TOP 09,Ano,Ano,93d23cdeb7b1a871,ano,,46. Návrh na poskytnutí investičních dotací v rámci dotačního programu Podpora vytváření zelených střech,https://apl.brno.cz/protokoly-zmb/zmb-z9-36/20260623-35-56070.html
Z9-36-036,Z9/36,2026-06-23,pavel-jankuj,Pavel Jankůj,ODS a TOP 09,Ano,Ano,62a53149a9e5f199,ano,,"47. Návrh na poskytnutí individuální neinvestiční dotace společnosti Společně, o.p.s., na podporu akce Mendel festival 2026 – návrh rozpočtového opatření",https://apl.brno.cz/protokoly-zmb/zmb-z9-36/20260623-36-56102.html
Z9-36-038,Z9/36,2026-06-23,pavel-jankuj,Pavel Jankůj,ODS a TOP 09,Ano,Ano,e455e82d2e2cc0bf,ano,,49. Návrh na poskytnutí víceletých individuálních neinvestičních dotací z rozpočtu města Brna v oblasti kultury v letech 2027–2029,https://apl.brno.cz/protokoly-zmb/zmb-z9-36/20260623-38-56165.html
Z9-36-037,Z9/36,2026-06-23,pavel-jankuj,Pavel Jankůj,ODS a TOP 09,Ano,Ano,75b4dc24cd08fe8a,ano,,48. Návrh na poskytnutí individuální neinvestiční dotace na provoz a vybavení jednotek Hasičského záchranného sboru Jihomoravského kraje,https://apl.brno.cz/protokoly-zmb/zmb-z9-36/20260623-37-56133.html
Z9-36-040,Z9/36,2026-06-23,pavel-jankuj,Pavel Jankůj,ODS a TOP 09,Ano,Ano,eb8a16efe8ec0ea8,ano,,"51. Návrh na poskytnutí individuální neinvestiční dotace z rozpočtu města Brna v letech 2027–2028 spolku Sdružení přátel folkloru v Brně z. s. na projekt ""Mezinárodní folklorní festival Brno""",https://apl.brno.cz/protokoly-zmb/zmb-z9-36/20260623-40-56224.html
Z9-36-039,Z9/36,2026-06-23,pavel-jankuj,Pavel Jankůj,ODS a TOP 09,Ano,Ano,a6bd73459ff45611,ano,,"50. Návrh na poskytnutí individuální neinvestiční dotace z rozpočtu města Brna na rok 2026 společnosti PLUM PRODUCTION, s. r. o., na projekt ""Trůny pozemské a nadzemské"" – návrh rozpočtového opatření",https://apl.brno.cz/protokoly-zmb/zmb-z9-36/20260623-39-56195.html
Z9-36-041,Z9/36,2026-06-23,pavel-jankuj,Pavel Jankůj,ODS a TOP 09,Ano,Ano,e6358dd6644a26d2,ano,,"52. Návrh na poskytnutí individuální neinvestiční dotace z rozpočtu města Brna na rok 2026 organizaci Jihomoravské dobrovolnické centrum z. s., návrh rozpočtového opatření",https://apl.brno.cz/protokoly-zmb/zmb-z9-36/20260623-41-56251.html
Z9-36-042,Z9/36,2026-06-23,pavel-jankuj,Pavel Jankůj,ODS a TOP 09,Ano,Ano,959e554ed6c7d76e,ano,,53. Návrh na poskytnutí individuálních neinvestičních dotací v oblasti školství a mládeže na rok 2026 – návrh rozpočtového opatření,https://apl.brno.cz/protokoly-zmb/zmb-z9-36/20260623-42-56278.html
Z9-36-043,Z9/36,2026-06-23,pavel-jankuj,Pavel Jankůj,ODS a TOP 09,Ano,Ano,9dfcc47b0dc7f906,ano,,"54. Návrh na poskytnutí neinvestičních příspěvků základním školám na realizaci projektu ""Participace ve školách"" – návrh rozpočtového opatření, 55. Návrh na poskytnutí neinvestičních příspěvků mateřským školám na realizaci pilotního projektu ""Participace ve školkách"" – návrh rozpočtového opatření",https://apl.brno.cz/protokoly-zmb/zmb-z9-36/20260623-43-56316.html
Z9-36-044,Z9/36,2026-06-23,pavel-jankuj,Pavel Jankůj,ODS a TOP 09,Ano,Ano,d4a78ad4e6d24dd7,ano,,"56. Návrh na poskytnutí individuální neinvestiční dotace Českému volejbalovému svazu na uspořádání Mistrovství Evropy ve volejbalu žen 2026, 57. Návrh na poskytnutí individuální neinvestiční dotace KOMETA GROUP, spolek na zabezpečení projektu „Podpora Akademie v rámci HC KOMETA BRNO“ v roce 2026",https://apl.brno.cz/protokoly-zmb/zmb-z9-36/20260623-44-56390.html
Z9-36-046,Z9/36,2026-06-23,pavel-jankuj,Pavel Jankůj,ODS a TOP 09,Ano,Ano,c9674a09f2ab6956,ano,,"59. Návrh na poskytnutí neinvestičních dotací na podporu handicapovaných sportovců pro rok 2026, 60. Návrh na poskytnutí neinvestičních dotací na podporu významných sportovních akcí konaných ve městě Brně v roce 2026 – návrh rozpočtového opatření",https://apl.brno.cz/protokoly-zmb/zmb-z9-36/20260623-46-56465.html
Z9-36-045,Z9/36,2026-06-23,pavel-jankuj,Pavel Jankůj,ODS a TOP 09,Ano,Ano,e1c231243238e95e,ano,,58. Návrh na poskytnutí individuálních neinvestičních dotací pro oblast tělovýchovy a sportu pro rok 2026 – I. kolo – návrh rozpočtového opatření,https://apl.brno.cz/protokoly-zmb/zmb-z9-36/20260623-45-56431.html
Z9-36-048,Z9/36,2026-06-23,pavel-jankuj,Pavel Jankůj,ODS a TOP 09,Zdržel se,Zdržel se,ad5ac869d8c0fb75,ano,,62. Návrh na poskytnutí individuální neinvestiční dotace na projekt IGNIS BRUNENSIS v roce 2028 - stažení bodu,https://apl.brno.cz/protokoly-zmb/zmb-z9-36/20260623-48-56776.html
Z9-36-047,Z9/36,2026-06-23,pavel-jankuj,Pavel Jankůj,ODS a TOP 09,Ano,Ano,76f003cb6c81e1d1,ano,,"61. Návrh na poskytnutí individuální neinvestiční dotace společnosti KOMETA GROUP, a. s., na úhradu provozních nákladů haly Rondo v roce 2026",https://apl.brno.cz/protokoly-zmb/zmb-z9-36/20260623-47-56497.html
Z9-36-049,Z9/36,2026-06-23,pavel-jankuj,Pavel Jankůj,ODS a TOP 09,Zdržel se,Zdržel se,1b52a633258154cd,ano,,62. Návrh na poskytnutí individuální neinvestiční dotace na projekt IGNIS BRUNENSIS v roce 2028 - hlasování o návrhu p. Lahody,https://apl.brno.cz/protokoly-zmb/zmb-z9-36/20260623-49-56994.html
Z9-36-051,Z9/36,2026-06-23,pavel-jankuj,Pavel Jankůj,ODS a TOP 09,Ano,Ano,9356d03b3aeecb3b,ano,,63. Návrh na poskytnutí neinvestičních dotací na zachování a obnovu kulturních památek v roce 2026 – návrh rozpočtového opatření,https://apl.brno.cz/protokoly-zmb/zmb-z9-36/20260623-51-57079.html
Z9-36-050,Z9/36,2026-06-23,pavel-jankuj,Pavel Jankůj,ODS a TOP 09,Ano,Ano,19a73f04e034a6f2,ano,,62. Návrh na poskytnutí individuální neinvestiční dotace na projekt IGNIS BRUNENSIS v roce 2028,https://apl.brno.cz/protokoly-zmb/zmb-z9-36/20260623-50-57033.html
Z9-36-052,Z9/36,2026-06-23,pavel-jankuj,Pavel Jankůj,ODS a TOP 09,Ano,Ano,c02bbf1eb7c32e63,ano,,64. Návrh na přidělení státní dotace od Ministerstva kultury z Programu regenerace městských památkových rezervací a městských památkových zón v roce 2026 a návrh na úhradu povinného podílu města ke státní dotaci – návrh rozpočtového opatření,https://apl.brno.cz/protokoly-zmb/zmb-z9-36/20260623-52-57135.html
Z9-36-054,Z9/36,2026-06-23,pavel-jankuj,Pavel Jankůj,ODS a TOP 09,Ano,Ano,3c11ebfa6835e9f8,ano,,"66. Návrh na změnu zatřídění části schváleného investičního příspěvku Domu umění města Brna, příspěvkové organizaci, v roce 2026 – návrh rozpočtového opatření",https://apl.brno.cz/protokoly-zmb/zmb-z9-36/20260623-54-57198.html
Z9-36-053,Z9/36,2026-06-23,pavel-jankuj,Pavel Jankůj,ODS a TOP 09,Ano,Ano,4e93ba6455a07050,ano,,"65. Návrh na změnu účelu schváleného investičního příspěvku Muzeu města Brna, příspěvkové organizace, v roce 2026",https://apl.brno.cz/protokoly-zmb/zmb-z9-36/20260623-53-57168.html
Z9-36-056,Z9/36,2026-06-23,pavel-jankuj,Pavel Jankůj,ODS a TOP 09,Ano,Ano,2d215de44542850b,ano,,"68. Návrh dodatku č. 2 ke smlouvě č. 1522173539 o poskytování veřejné služby a podmínkách poskytnutí vyrovnávací platby za plnění závazku veřejné služby s JCMM, z. s. p. o.",https://apl.brno.cz/protokoly-zmb/zmb-z9-36/20260623-56-57277.html
Z9-36-057,Z9/36,2026-06-23,pavel-jankuj,Pavel Jankůj,ODS a TOP 09,Ano,Ano,265ca442eaae5cf3,ano,,69. Návrh dodatku č. 1 ke smlouvě o poskytnutí dobrovolného peněžitého příplatku ze dne 29.08.2023 a dodatku č. 1 k patronátní smlouvě ze dne 30.08.2023 – Výstavba Multifunkční sportovní a kulturní haly v Brně,https://apl.brno.cz/protokoly-zmb/zmb-z9-36/20260623-57-57366.html
Z9-36-058,Z9/36,2026-06-23,pavel-jankuj,Pavel Jankůj,ODS a TOP 09,Ano,Ano,b5d037c5a256f56f,ano,,70. Návrh Plánu participace – zapojování rodičů v MČ Brno–střed a Brno–sever,https://apl.brno.cz/protokoly-zmb/zmb-z9-36/20260623-58-57394.html
Z9-36-059,Z9/36,2026-06-23,pavel-jankuj,Pavel Jankůj,ODS a TOP 09,Ano,Ano,c64de8a81451147b,ano,,71. Návrh Memoranda o spolupráci ke vzniku a rozvoji Center duševního zdraví pro děti a dospívající v Brně,https://apl.brno.cz/protokoly-zmb/zmb-z9-36/20260623-59-57422.html
Z9-36-061,Z9/36,2026-06-23,pavel-jankuj,Pavel Jankůj,ODS a TOP 09,Ano,Ano,a278d5f9d877b17a,ano,,73. Návrh aktualizace Integrované strategie rozvoje Brněnské metropolitní oblasti 2021+,https://apl.brno.cz/protokoly-zmb/zmb-z9-36/20260623-61-57506.html
Z9-36-062,Z9/36,2026-06-23,pavel-jankuj,Pavel Jankůj,ODS a TOP 09,Ano,Ano,5bc3739c81ff8b0d,ano,,74. Zpráva o ex–post evaluaci Integrované strategie rozvoje Brněnské metropolitní oblasti pro uplatnění nástroje ITI (programové období 2014–2020),https://apl.brno.cz/protokoly-zmb/zmb-z9-36/20260623-62-57538.html
Z9-36-055,Z9/36,2026-06-23,pavel-jankuj,Pavel Jankůj,ODS a TOP 09,Ano,Ano,70f2205152eb10f4,ano,,"67. Návrh Dodatku č. 1 ke smlouvě o poskytnutí dotace uzavíraný s ČESKÁ LÉKÁRNA HOLDING, a. s.",https://apl.brno.cz/protokoly-zmb/zmb-z9-36/20260623-55-57247.html
Z9-36-060,Z9/36,2026-06-23,pavel-jankuj,Pavel Jankůj,ODS a TOP 09,Ano,Ano,d6a19c89ace50e01,ano,,72. Návrh prodloužení platnosti Střednědobého plánu rozvoje sociálních služeb ve městě Brně 2023–2026,https://apl.brno.cz/protokoly-zmb/zmb-z9-36/20260623-60-57453.html
Z9-36-064,Z9/36,2026-06-23,pavel-jankuj,Pavel Jankůj,ODS a TOP 09,Ano,Ano,67803510d79371fd,ano,,77. Finanční prostředky Fondu kofinancování projektů – červen 2026 – návrh rozpočtového opatření,https://apl.brno.cz/protokoly-zmb/zmb-z9-36/20260623-64-58221.html
Z9-36-063,Z9/36,2026-06-23,pavel-jankuj,Pavel Jankůj,ODS a TOP 09,Ano,Ano,95a9e1f4daada8e8,ano,,75. Strategie #brno2050 – návrh aktualizovaného znění VIZE 2050 a střednědobé části Strategie – PLÁN 2030,https://apl.brno.cz/protokoly-zmb/zmb-z9-36/20260623-63-57571.html
Z9-36-068,Z9/36,2026-06-23,pavel-jankuj,Pavel Jankůj,ODS a TOP 09,Ano,Ano,88743f6b9c35e26a,ano,,Body č. 82-84,https://apl.brno.cz/protokoly-zmb/zmb-z9-36/20260623-68-58396.html
Z9-36-067,Z9/36,2026-06-23,pavel-jankuj,Pavel Jankůj,ODS a TOP 09,Ano,Ano,0073bd68e208cd74,ano,,"81. Projekt ""Rozvoj ITS v Brně, 6. etapa"" – posouzení projektu",https://apl.brno.cz/protokoly-zmb/zmb-z9-36/20260623-67-58362.html
Z9-36-070,Z9/36,2026-06-23,pavel-jankuj,Pavel Jankůj,ODS a TOP 09,Ano,Ano,45e8d08fafc29620,ano,,"86. Projekt ""Sanace skalního tělesa v Kamenné čtvrti"" – Rozhodnutí o poskytnutí dotace č. 25_089/0005882",https://apl.brno.cz/protokoly-zmb/zmb-z9-36/20260623-70-58456.html
Z9-36-069,Z9/36,2026-06-23,pavel-jankuj,Pavel Jankůj,ODS a TOP 09,Ano,Ano,eaa78b8726afbac0,ano,,"85. Projekt ""Integrace cizinců ve městě Brně VII."" – rozhodnutí o poskytnutí dotace",https://apl.brno.cz/protokoly-zmb/zmb-z9-36/20260623-69-58425.html
Z9-36-071,Z9/36,2026-06-23,pavel-jankuj,Pavel Jankůj,ODS a TOP 09,Ano,Ano,59fcdbaec883f68a,ano,,"88. Návrh výběru banky pro financování realizace projektu ""Družstevní bydlení pro mladé"" lokalita Kamenný vrch II, včetně úvěrových podmínek",https://apl.brno.cz/protokoly-zmb/zmb-z9-36/20260623-71-58488.html
Z9-36-072,Z9/36,2026-06-23,pavel-jankuj,Pavel Jankůj,ODS a TOP 09,Ano,Ano,b6e33fb1c0b15621,ano,,"89. Projekt „Družstevní bydlení pro mladé“ lokalita V Aleji – upřesnění dalšího postupu při realizaci projektu, upřesnění kritérií pro nové žadatele o vstup do projektu, vyhlášení nové výzvy k přihlášení do projektu",https://apl.brno.cz/protokoly-zmb/zmb-z9-36/20260623-72-58523.html
Z9-36-073,Z9/36,2026-06-23,pavel-jankuj,Pavel Jankůj,ODS a TOP 09,Ano,Ano,b5f85df141956675,ano,,"90. Projekt ""Dostupné družstevní bydlení – stávající domy, Mostecká 16"" – založení bytového družstva, záměr vnesení pozemku p. č. 573, k. ú. Husovice do nově vznikajícího bytového družstva, stanovení dalšího postupu a kritérií u žadatelů",https://apl.brno.cz/protokoly-zmb/zmb-z9-36/20260623-73-58687.html
Z9-36-074,Z9/36,2026-06-23,pavel-jankuj,Pavel Jankůj,ODS a TOP 09,Ano,Ano,b74b6f85bf24b8af,ano,,"91. Adresný záměr převodu podílů na bytových jednotkách v domě č. p. 1232 na ul. Opálkova členům Bytového družstva Opálkova, družstvo s nebo bez cenového vyrovnání a podmínky vypořádání podílů na pozemcích p. č. 6261/32, 33, k. ú. Bystrc",https://apl.brno.cz/protokoly-zmb/zmb-z9-36/20260623-74-58722.html
Z9-36-075,Z9/36,2026-06-23,pavel-jankuj,Pavel Jankůj,ODS a TOP 09,Ano,Ano,8dad4de84b7a8176,ano,,"92. Návrh na udělení výjimky ze Statutu startovacího bytu, který je přílohou č. 2 Pravidel pronájmu bytů v domech v majetku statutárního města Brna, ke startovacímu bytu v domě Stamicova 11, Brno – uzavření nájemní smlouvy jako k bytu běžnému obecnímu",https://apl.brno.cz/protokoly-zmb/zmb-z9-36/20260623-75-58752.html
Z9-36-076,Z9/36,2026-06-23,pavel-jankuj,Pavel Jankůj,ODS a TOP 09,Ano,Ano,418f77c43db44cd3,ano,,93. Návrh smlouvy o spolupráci pro realizaci bytové výstavby v k. ú. Nový Lískovec v lokalitě Kamenný vrch II,https://apl.brno.cz/protokoly-zmb/zmb-z9-36/20260623-76-58785.html
Z9-36-078,Z9/36,2026-06-23,pavel-jankuj,Pavel Jankůj,ODS a TOP 09,Ano,Ano,27a81a6b77191442,ano,,102. Návrh na udělení předchozího souhlasu s prodejem nemovitého majetku společnosti Brněnské komunikace a. s. společnosti MS Trnitá 3 a. s. - hlasování o stažení bodu,https://apl.brno.cz/protokoly-zmb/zmb-z9-36/20260623-78-61537.html
Z9-36-079,Z9/36,2026-06-23,pavel-jankuj,Pavel Jankůj,ODS a TOP 09,Ano,Ano,6bff9d8f66e47f3b,ano,,"103. Návrh zpeněžení–prodeje pozemků p. č. 403/1, 403/4, 403/5, 404 v k. ú. Pisárky jejichž součástmi jsou rodinný dům Lipová č.p. 242/č.o. 31, dvě garáže ve veřejné elektronické dražbě",https://apl.brno.cz/protokoly-zmb/zmb-z9-36/20260623-79-61582.html
Z9-36-080,Z9/36,2026-06-23,pavel-jankuj,Pavel Jankůj,ODS a TOP 09,Ano,Ano,2ac16566c9449412,ano,,Body č. 104-107,https://apl.brno.cz/protokoly-zmb/zmb-z9-36/20260623-80-61618.html
Z9-36-081,Z9/36,2026-06-23,pavel-jankuj,Pavel Jankůj,ODS a TOP 09,Ano,Ano,9ee87e439b5f2f04,ano,,"108. Návrh na poskytnutí individuální investiční dotace společnosti STAREZ–SPORT, a. s., na projekt Rekonstrukce hlavní budovy koupaliště Riviéra v redukované podobě",https://apl.brno.cz/protokoly-zmb/zmb-z9-36/20260623-81-61648.html
Z9-36-082,Z9/36,2026-06-23,pavel-jankuj,Pavel Jankůj,ODS a TOP 09,Ano,Ano,a9bd9aad8051a105,ano,,"109. Návrh nabytí pozemku p. č. 2991/37 a části pozemku p. č. 3163/271, oba v k. ú. Komín pro stavbu „Rozšíření ulice Palcary včetně inženýrských sítí“",https://apl.brno.cz/protokoly-zmb/zmb-z9-36/20260623-82-61702.html
Z9-36-083,Z9/36,2026-06-23,pavel-jankuj,Pavel Jankůj,ODS a TOP 09,Ano,Ano,71b6451ac4324aa3,ano,,"110. Návrh nabytí pozemků p. č. 771/5, p. č. 791/6 a p. č. 791/7 vše v k. ú. Trnitá, obec Brno pro stavbu „Přestavba železničního uzlu Brno“ – návrh smlouvy s akceptační lhůtou",https://apl.brno.cz/protokoly-zmb/zmb-z9-36/20260623-83-61732.html
Z9-36-065,Z9/36,2026-06-23,pavel-jankuj,Pavel Jankůj,ODS a TOP 09,Ano,Ano,e3cd6f0c936cbe1a,ano,,"78. Návrh Souhlasného stanoviska zastupitelstva obce s realizací projektu ""Sociální bydlení Hapalova""",https://apl.brno.cz/protokoly-zmb/zmb-z9-36/20260623-65-58252.html
Z9-36-066,Z9/36,2026-06-23,pavel-jankuj,Pavel Jankůj,ODS a TOP 09,Ano,Ano,359811499f1da9a5,ano,,"80. Projekt ""FoodLink (Strengthening urban–rural links for diverse and resilient local food systems)"" – účast na projektu",https://apl.brno.cz/protokoly-zmb/zmb-z9-36/20260623-66-58333.html
Z9-36-086,Z9/36,2026-06-23,pavel-jankuj,Pavel Jankůj,ODS a TOP 09,Ano,Ano,4d6d9fd3a93b48dd,ano,,"120. Návrh na (ne)uznání vlastnického práva ke spoluvlastnickému podílu ve výši id. 1 pozemku p. č. 2211 v k. ú. Židenice formou souhlasného prohlášení, (městská část Brno–Židenice), 121. Návrh na neuznání vlastnického práva České republiky – Úřadu pro zastupování státu ve věcech majetkových k pozemkům p. č. 145/4, 145/46, 152/2, 169/24, 169/30, 169/41, 169/45, 169/46, 169/47 vše v k. ú. Staré Brno",https://apl.brno.cz/protokoly-zmb/zmb-z9-36/20260623-86-61832.html
Z9-36-085,Z9/36,2026-06-23,pavel-jankuj,Pavel Jankůj,ODS a TOP 09,Ano,Ano,610ba63a2b200407,ano,,Body č. 112-119 bez 115,https://apl.brno.cz/protokoly-zmb/zmb-z9-36/20260623-85-61795.html
Z9-36-087,Z9/36,2026-06-23,pavel-jankuj,Pavel Jankůj,ODS a TOP 09,Ano,Ano,955f6cdecc64e271,ano,,"122. Návrh dodatku č.1 ke Smlouvě o budoucí kupní smlouvě, budoucí smlouvě o zřízení služebnosti inženýrské sítě a budoucí smlouvě o zřízení služebnosti veřejného statku – obecného užívání č. 6324175945",https://apl.brno.cz/protokoly-zmb/zmb-z9-36/20260623-87-61864.html
Z9-36-088,Z9/36,2026-06-23,pavel-jankuj,Pavel Jankůj,ODS a TOP 09,Ano,Ano,86f93da590692e31,ano,,Body č. 123-132,https://apl.brno.cz/protokoly-zmb/zmb-z9-36/20260623-88-61902.html
Z9-36-090,Z9/36,2026-06-23,pavel-jankuj,Pavel Jankůj,ODS a TOP 09,Ano,Ano,d2e22db31b2c2dbd,ano,,"149. Návrh směny pozemku p. č. 1545/31 v k. ú. Komín za pozemek p. č. 1545/22 v k. ú. Komín a návrh na odejmutí svěřeného pozemku p. č. 1545/31 v k. ú. Komín (lokalita Komínské louky), 150.	Návrh směny částí pozemku p. č. 470/11 za části pozemku p. č. 490/2 v k. ú. Kohoutovice",https://apl.brno.cz/protokoly-zmb/zmb-z9-36/20260623-90-62007.html
Z9-36-089,Z9/36,2026-06-23,pavel-jankuj,Pavel Jankůj,ODS a TOP 09,Ano,Ano,62acb97b0fb84b2a,ano,,Body č. 133-148 bez 137,https://apl.brno.cz/protokoly-zmb/zmb-z9-36/20260623-89-61953.html
Z9-36-091,Z9/36,2026-06-23,pavel-jankuj,Pavel Jankůj,ODS a TOP 09,Ano,Ano,34e546a8b320e94a,ano,,"151. Návrh budoucí směny části pozemku p. č. 564/1 za části pozemků p. č. 563/3 a p. č. 563/11, vše v k. ú. Řečkovice",https://apl.brno.cz/protokoly-zmb/zmb-z9-36/20260623-91-62038.html
Z9-36-092,Z9/36,2026-06-23,pavel-jankuj,Pavel Jankůj,ODS a TOP 09,Ano,Ano,60ad3da7974effaf,ano,,152. Návrh budoucí směny pozemků a částí pozemků v k. ú. Dolní Heršpice se společností ABB s. r. o.,https://apl.brno.cz/protokoly-zmb/zmb-z9-36/20260623-92-62069.html
Z9-36-077,Z9/36,2026-06-23,pavel-jankuj,Pavel Jankůj,ODS a TOP 09,Ano,Ano,3c2f2c1b34c648ef,ano,,Body č. 95-101,https://apl.brno.cz/protokoly-zmb/zmb-z9-36/20260623-77-58860.html
Z9-36-094,Z9/36,2026-06-23,pavel-jankuj,Pavel Jankůj,ODS a TOP 09,Ano,Ano,bc66988bb12e4301,ano,,Body č. 153-155,https://apl.brno.cz/protokoly-zmb/zmb-z9-36/20260623-94-62165.html
Z9-36-096,Z9/36,2026-06-23,pavel-jankuj,Pavel Jankůj,ODS a TOP 09,Ano,Ano,fe1bebefb013e948,ano,,"159. Návrh na změnu části usnesení Z9/29. zasedání Zastupitelstva města Brna konaného dne 14.10.2025, bod 92 a návrh aktualizovaných příloh zápisu – souhlasných prohlášení k pozemkům v k. ú. Lesná",https://apl.brno.cz/protokoly-zmb/zmb-z9-36/20260623-96-62231.html
Z9-36-095,Z9/36,2026-06-23,pavel-jankuj,Pavel Jankůj,ODS a TOP 09,Ano,Ano,ae256cec235e404e,ano,,156. Návrh odejmutí svěřeného pozemku p. č. 997/231 v k. ú. Kohoutovice a návrh souhlasu s prodejem pozemku p. č. 997/231 v k. ú. Kohoutovice,https://apl.brno.cz/protokoly-zmb/zmb-z9-36/20260623-95-62195.html
Z9-36-097,Z9/36,2026-06-23,pavel-jankuj,Pavel Jankůj,ODS a TOP 09,Ano,Ano,576fe7b43ec02d46,ano,,Body č. 160-163,https://apl.brno.cz/protokoly-zmb/zmb-z9-36/20260623-97-62271.html
Z9-36-098,Z9/36,2026-06-23,pavel-jankuj,Pavel Jankůj,ODS a TOP 09,Ano,Ano,1c17f9e55d480b0a,ano,,164. Vlastní podnět statutárního města Brna na pořízení změny Územního plánu města Brna,https://apl.brno.cz/protokoly-zmb/zmb-z9-36/20260623-98-62571.html
Z9-36-099,Z9/36,2026-06-23,pavel-jankuj,Pavel Jankůj,ODS a TOP 09,Ano,Ano,9b54659608c2a997,ano,,"165. Návrh obecně závazné vyhlášky statutárního města Brna, kterou se mění obecně závazná vyhláška statutárního města Brna č. 20/2001, kterou se vydává Statut města Brna, ve znění pozdějších vyhlášek – návrh změn v příloze č. 3 vč. tech. úpravy",https://apl.brno.cz/protokoly-zmb/zmb-z9-36/20260623-99-62667.html
Z9-36-100,Z9/36,2026-06-23,pavel-jankuj,Pavel Jankůj,ODS a TOP 09,Ano,Ano,34680c8138527ffb,ano,,"166. Návrh změny stanov subjektu Dostupné bydlení Kamenný vrch II, bytové družstvo",https://apl.brno.cz/protokoly-zmb/zmb-z9-36/20260623-100-62697.html
Z9-36-101,Z9/36,2026-06-23,pavel-jankuj,Pavel Jankůj,ODS a TOP 09,Ano,Ano,299bed04e8dc7db3,ano,,"167. Schválení podmínek členství v družstvech Dostupné bydlení Kamenný vrch II., bytové družstvo, Dostupné bydlení V Aleji, bytové družstvo, Dostupné bydlení Mostecká 16, bytové družstvo",https://apl.brno.cz/protokoly-zmb/zmb-z9-36/20260623-101-62727.html
Z9-36-084,Z9/36,2026-06-23,pavel-jankuj,Pavel Jankůj,ODS a TOP 09,Ano,Ano,04b03a11b8461b04,ano,,"111. Návrh nabytí pozemku p. č. 791/3 a stavby garáže v k. ú. Trnitá, obec Brno pro stavbu „Přestavba železničního uzlu Brno“ – návrh smlouvy s akceptační lhůtou",https://apl.brno.cz/protokoly-zmb/zmb-z9-36/20260623-84-61764.html
Z9-36-102,Z9/36,2026-06-23,pavel-jankuj,Pavel Jankůj,ODS a TOP 09,Ano,Ano,68102f184a0151a9,ano,,168. Návrh dodatku č. 4 ke smlouvě o poskytnutí návratné finanční výpomoci č. 7323114056 na projekt CO.LABS,https://apl.brno.cz/protokoly-zmb/zmb-z9-36/20260623-102-62759.html
Z9-36-103,Z9/36,2026-06-23,pavel-jankuj,Pavel Jankůj,ODS a TOP 09,Ano,Ano,23c1114f84dfd7b3,ano,,"169. Nabídka předkupního práva ke stavbě bez č. p./č. e., způsob využití garáž,postavené na pozemcích p. č. 203/14 a p. č. 3863/30, vše v k. ú. Královo Pole, 170. Nabídka předkupního práva ke stavbě č.e.903, způsob využití rodinná rekreace, postavenéna pozemku p.č. 1989 v k.ú. Jundrov",https://apl.brno.cz/protokoly-zmb/zmb-z9-36/20260623-103-62788.html
Z9-36-105,Z9/36,2026-06-23,pavel-jankuj,Pavel Jankůj,ODS a TOP 09,Ano,Ano,cfdd317d064d8c75,ano,,"172. Kounicovy koleje, využití pietní síně - hlasování o stažení bodu",https://apl.brno.cz/protokoly-zmb/zmb-z9-36/20260623-105-63505.html
Z9-36-104,Z9/36,2026-06-23,pavel-jankuj,Pavel Jankůj,ODS a TOP 09,Ano,Ano,17205d6042a1773d,ano,,"171. Deklarace města Brna vládě České republiky na podporu silné, nezávislé a regionálně ukotvené České televize Brno a Českého rozhlasu Brno",https://apl.brno.cz/protokoly-zmb/zmb-z9-36/20260623-104-62982.html
Z9-36-106,Z9/36,2026-06-23,pavel-jankuj,Pavel Jankůj,ODS a TOP 09,Ano,Ano,2473f6565857f1ff,ano,,76. Projekty financované z Fondu kofinancování projektů – červen 2026 – návrh rozpočtového opatření vč. dodatku,https://apl.brno.cz/protokoly-zmb/zmb-z9-36/20260623-106-63888.html
Z9-34-007,Z9/34,2026-04-14,pavel-jankuj,Pavel Jankůj,ODS a TOP 09,nepřít.,nepřít.,16583b0ba9947232,ne,Neplatné hlasování podle zveřejněného zápisu; zachováno jen pro dokumentaci.,3. Informace k 76. Sudetoněmeckému sněmu konaném ve dnech 22.–25. května 2026 v Brně,https://apl.brno.cz/protokoly-zmb/zmb-z9-34/20260414-7-40410.html
