zasedani,url,nalezeno_v,cislo
Z9/03,https://apl.brno.cz/protokoly-zmb/zmb-z9-03/20221213-7-29785.html,99ad4c1f4eaacdd0,7
Z9/03,https://apl.brno.cz/protokoly-zmb/zmb-z9-03/20221213-1-29369.html,99ad4c1f4eaacdd0,1
Z9/03,https://apl.brno.cz/protokoly-zmb/zmb-z9-03/20221213-2-29641.html,99ad4c1f4eaacdd0,2
Z9/03,https://apl.brno.cz/protokoly-zmb/zmb-z9-03/20221213-3-29663.html,99ad4c1f4eaacdd0,3
Z9/03,https://apl.brno.cz/protokoly-zmb/zmb-z9-03/20221213-4-29681.html,99ad4c1f4eaacdd0,4
Z9/03,https://apl.brno.cz/protokoly-zmb/zmb-z9-03/20221213-5-29741.html,99ad4c1f4eaacdd0,5
Z9/03,https://apl.brno.cz/protokoly-zmb/zmb-z9-03/20221213-6-29763.html,99ad4c1f4eaacdd0,6
Z9/03,https://apl.brno.cz/protokoly-zmb/zmb-z9-03/20221213-90-43161.html,99ad4c1f4eaacdd0,90
Z9/03,https://apl.brno.cz/protokoly-zmb/zmb-z9-03/20221213-8-29811.html,99ad4c1f4eaacdd0,8
Z9/03,https://apl.brno.cz/protokoly-zmb/zmb-z9-03/20221213-9-29829.html,99ad4c1f4eaacdd0,9
Z9/03,https://apl.brno.cz/protokoly-zmb/zmb-z9-03/20221213-10-29861.html,99ad4c1f4eaacdd0,10
Z9/03,https://apl.brno.cz/protokoly-zmb/zmb-z9-03/20221213-11-29884.html,99ad4c1f4eaacdd0,11
Z9/03,https://apl.brno.cz/protokoly-zmb/zmb-z9-03/20221213-12-29911.html,99ad4c1f4eaacdd0,12
Z9/03,https://apl.brno.cz/protokoly-zmb/zmb-z9-03/20221213-13-29940.html,99ad4c1f4eaacdd0,13
Z9/03,https://apl.brno.cz/protokoly-zmb/zmb-z9-03/20221213-14-29966.html,99ad4c1f4eaacdd0,14
Z9/03,https://apl.brno.cz/protokoly-zmb/zmb-z9-03/20221213-15-29990.html,99ad4c1f4eaacdd0,15
Z9/03,https://apl.brno.cz/protokoly-zmb/zmb-z9-03/20221213-16-30014.html,99ad4c1f4eaacdd0,16
Z9/03,https://apl.brno.cz/protokoly-zmb/zmb-z9-03/20221213-17-30040.html,99ad4c1f4eaacdd0,17
Z9/03,https://apl.brno.cz/protokoly-zmb/zmb-z9-03/20221213-18-30070.html,99ad4c1f4eaacdd0,18
Z9/03,https://apl.brno.cz/protokoly-zmb/zmb-z9-03/20221213-19-30107.html,99ad4c1f4eaacdd0,19
Z9/03,https://apl.brno.cz/protokoly-zmb/zmb-z9-03/20221213-20-30138.html,99ad4c1f4eaacdd0,20
Z9/03,https://apl.brno.cz/protokoly-zmb/zmb-z9-03/20221213-21-30171.html,99ad4c1f4eaacdd0,21
Z9/03,https://apl.brno.cz/protokoly-zmb/zmb-z9-03/20221213-22-30201.html,99ad4c1f4eaacdd0,22
Z9/03,https://apl.brno.cz/protokoly-zmb/zmb-z9-03/20221213-23-30232.html,99ad4c1f4eaacdd0,23
Z9/03,https://apl.brno.cz/protokoly-zmb/zmb-z9-03/20221213-24-30264.html,99ad4c1f4eaacdd0,24
Z9/03,https://apl.brno.cz/protokoly-zmb/zmb-z9-03/20221213-25-30363.html,99ad4c1f4eaacdd0,25
Z9/03,https://apl.brno.cz/protokoly-zmb/zmb-z9-03/20221213-26-30401.html,99ad4c1f4eaacdd0,26
Z9/03,https://apl.brno.cz/protokoly-zmb/zmb-z9-03/20221213-27-30659.html,99ad4c1f4eaacdd0,27
Z9/03,https://apl.brno.cz/protokoly-zmb/zmb-z9-03/20221213-28-31857.html,99ad4c1f4eaacdd0,28
Z9/03,https://apl.brno.cz/protokoly-zmb/zmb-z9-03/20221213-29-31891.html,99ad4c1f4eaacdd0,29
Z9/03,https://apl.brno.cz/protokoly-zmb/zmb-z9-03/20221213-30-32915.html,99ad4c1f4eaacdd0,30
Z9/03,https://apl.brno.cz/protokoly-zmb/zmb-z9-03/20221213-31-33336.html,99ad4c1f4eaacdd0,31
Z9/03,https://apl.brno.cz/protokoly-zmb/zmb-z9-03/20221213-32-33378.html,99ad4c1f4eaacdd0,32
Z9/03,https://apl.brno.cz/protokoly-zmb/zmb-z9-03/20221213-33-33409.html,99ad4c1f4eaacdd0,33
Z9/03,https://apl.brno.cz/protokoly-zmb/zmb-z9-03/20221213-34-33444.html,99ad4c1f4eaacdd0,34
Z9/03,https://apl.brno.cz/protokoly-zmb/zmb-z9-03/20221213-35-33472.html,99ad4c1f4eaacdd0,35
Z9/03,https://apl.brno.cz/protokoly-zmb/zmb-z9-03/20221213-36-33503.html,99ad4c1f4eaacdd0,36
Z9/03,https://apl.brno.cz/protokoly-zmb/zmb-z9-03/20221213-37-33532.html,99ad4c1f4eaacdd0,37
Z9/03,https://apl.brno.cz/protokoly-zmb/zmb-z9-03/20221213-38-33565.html,99ad4c1f4eaacdd0,38
Z9/03,https://apl.brno.cz/protokoly-zmb/zmb-z9-03/20221213-39-33596.html,99ad4c1f4eaacdd0,39
Z9/03,https://apl.brno.cz/protokoly-zmb/zmb-z9-03/20221213-40-33632.html,99ad4c1f4eaacdd0,40
Z9/03,https://apl.brno.cz/protokoly-zmb/zmb-z9-03/20221213-41-33661.html,99ad4c1f4eaacdd0,41
Z9/03,https://apl.brno.cz/protokoly-zmb/zmb-z9-03/20221213-42-33696.html,99ad4c1f4eaacdd0,42
Z9/03,https://apl.brno.cz/protokoly-zmb/zmb-z9-03/20221213-43-33844.html,99ad4c1f4eaacdd0,43
Z9/03,https://apl.brno.cz/protokoly-zmb/zmb-z9-03/20221213-45-34058.html,99ad4c1f4eaacdd0,45
Z9/03,https://apl.brno.cz/protokoly-zmb/zmb-z9-03/20221213-46-34092.html,99ad4c1f4eaacdd0,46
Z9/03,https://apl.brno.cz/protokoly-zmb/zmb-z9-03/20221213-47-34131.html,99ad4c1f4eaacdd0,47
Z9/03,https://apl.brno.cz/protokoly-zmb/zmb-z9-03/20221213-48-34169.html,99ad4c1f4eaacdd0,48
Z9/03,https://apl.brno.cz/protokoly-zmb/zmb-z9-03/20221213-49-34200.html,99ad4c1f4eaacdd0,49
Z9/03,https://apl.brno.cz/protokoly-zmb/zmb-z9-03/20221213-50-34240.html,99ad4c1f4eaacdd0,50
Z9/03,https://apl.brno.cz/protokoly-zmb/zmb-z9-03/20221213-51-34273.html,99ad4c1f4eaacdd0,51
Z9/03,https://apl.brno.cz/protokoly-zmb/zmb-z9-03/20221213-52-34313.html,99ad4c1f4eaacdd0,52
Z9/03,https://apl.brno.cz/protokoly-zmb/zmb-z9-03/20221213-53-34353.html,99ad4c1f4eaacdd0,53
Z9/03,https://apl.brno.cz/protokoly-zmb/zmb-z9-03/20221213-54-35033.html,99ad4c1f4eaacdd0,54
Z9/03,https://apl.brno.cz/protokoly-zmb/zmb-z9-03/20221213-55-35068.html,99ad4c1f4eaacdd0,55
Z9/03,https://apl.brno.cz/protokoly-zmb/zmb-z9-03/20221213-56-35107.html,99ad4c1f4eaacdd0,56
Z9/03,https://apl.brno.cz/protokoly-zmb/zmb-z9-03/20221213-57-35141.html,99ad4c1f4eaacdd0,57
Z9/03,https://apl.brno.cz/protokoly-zmb/zmb-z9-03/20221213-58-35206.html,99ad4c1f4eaacdd0,58
Z9/03,https://apl.brno.cz/protokoly-zmb/zmb-z9-03/20221213-59-35244.html,99ad4c1f4eaacdd0,59
Z9/03,https://apl.brno.cz/protokoly-zmb/zmb-z9-03/20221213-60-35279.html,99ad4c1f4eaacdd0,60
Z9/03,https://apl.brno.cz/protokoly-zmb/zmb-z9-03/20221213-61-35316.html,99ad4c1f4eaacdd0,61
Z9/03,https://apl.brno.cz/protokoly-zmb/zmb-z9-03/20221213-62-35353.html,99ad4c1f4eaacdd0,62
Z9/03,https://apl.brno.cz/protokoly-zmb/zmb-z9-03/20221213-63-42150.html,99ad4c1f4eaacdd0,63
Z9/03,https://apl.brno.cz/protokoly-zmb/zmb-z9-03/20221213-64-42181.html,99ad4c1f4eaacdd0,64
Z9/03,https://apl.brno.cz/protokoly-zmb/zmb-z9-03/20221213-65-42214.html,99ad4c1f4eaacdd0,65
Z9/03,https://apl.brno.cz/protokoly-zmb/zmb-z9-03/20221213-66-42243.html,99ad4c1f4eaacdd0,66
Z9/03,https://apl.brno.cz/protokoly-zmb/zmb-z9-03/20221213-67-42290.html,99ad4c1f4eaacdd0,67
Z9/03,https://apl.brno.cz/protokoly-zmb/zmb-z9-03/20221213-68-42331.html,99ad4c1f4eaacdd0,68
Z9/03,https://apl.brno.cz/protokoly-zmb/zmb-z9-03/20221213-69-42365.html,99ad4c1f4eaacdd0,69
Z9/03,https://apl.brno.cz/protokoly-zmb/zmb-z9-03/20221213-70-42395.html,99ad4c1f4eaacdd0,70
Z9/03,https://apl.brno.cz/protokoly-zmb/zmb-z9-03/20221213-71-42427.html,99ad4c1f4eaacdd0,71
Z9/03,https://apl.brno.cz/protokoly-zmb/zmb-z9-03/20221213-72-42463.html,99ad4c1f4eaacdd0,72
Z9/03,https://apl.brno.cz/protokoly-zmb/zmb-z9-03/20221213-73-42491.html,99ad4c1f4eaacdd0,73
Z9/03,https://apl.brno.cz/protokoly-zmb/zmb-z9-03/20221213-74-42521.html,99ad4c1f4eaacdd0,74
Z9/03,https://apl.brno.cz/protokoly-zmb/zmb-z9-03/20221213-75-42549.html,99ad4c1f4eaacdd0,75
Z9/03,https://apl.brno.cz/protokoly-zmb/zmb-z9-03/20221213-76-42586.html,99ad4c1f4eaacdd0,76
Z9/03,https://apl.brno.cz/protokoly-zmb/zmb-z9-03/20221213-77-42632.html,99ad4c1f4eaacdd0,77
Z9/03,https://apl.brno.cz/protokoly-zmb/zmb-z9-03/20221213-78-42673.html,99ad4c1f4eaacdd0,78
Z9/03,https://apl.brno.cz/protokoly-zmb/zmb-z9-03/20221213-79-42701.html,99ad4c1f4eaacdd0,79
Z9/03,https://apl.brno.cz/protokoly-zmb/zmb-z9-03/20221213-80-42730.html,99ad4c1f4eaacdd0,80
Z9/03,https://apl.brno.cz/protokoly-zmb/zmb-z9-03/20221213-81-42759.html,99ad4c1f4eaacdd0,81
Z9/03,https://apl.brno.cz/protokoly-zmb/zmb-z9-03/20221213-82-42818.html,99ad4c1f4eaacdd0,82
Z9/03,https://apl.brno.cz/protokoly-zmb/zmb-z9-03/20221213-83-42886.html,99ad4c1f4eaacdd0,83
Z9/03,https://apl.brno.cz/protokoly-zmb/zmb-z9-03/20221213-84-42916.html,99ad4c1f4eaacdd0,84
Z9/03,https://apl.brno.cz/protokoly-zmb/zmb-z9-03/20221213-85-42947.html,99ad4c1f4eaacdd0,85
Z9/03,https://apl.brno.cz/protokoly-zmb/zmb-z9-03/20221213-86-42983.html,99ad4c1f4eaacdd0,86
Z9/03,https://apl.brno.cz/protokoly-zmb/zmb-z9-03/20221213-87-43030.html,99ad4c1f4eaacdd0,87
Z9/03,https://apl.brno.cz/protokoly-zmb/zmb-z9-03/20221213-88-43092.html,99ad4c1f4eaacdd0,88
Z9/03,https://apl.brno.cz/protokoly-zmb/zmb-z9-03/20221213-89-43128.html,99ad4c1f4eaacdd0,89
Z9/03,https://apl.brno.cz/protokoly-zmb/zmb-z9-03/20221213-91-43190.html,99ad4c1f4eaacdd0,91
Z9/03,https://apl.brno.cz/protokoly-zmb/zmb-z9-03/20221213-92-43222.html,99ad4c1f4eaacdd0,92
Z9/03,https://apl.brno.cz/protokoly-zmb/zmb-z9-03/20221213-93-43252.html,99ad4c1f4eaacdd0,93
Z9/03,https://apl.brno.cz/protokoly-zmb/zmb-z9-03/20221213-94-43282.html,99ad4c1f4eaacdd0,94
Z9/03,https://apl.brno.cz/protokoly-zmb/zmb-z9-03/20221213-95-43322.html,99ad4c1f4eaacdd0,95
Z9/03,https://apl.brno.cz/protokoly-zmb/zmb-z9-03/20221213-96-43352.html,99ad4c1f4eaacdd0,96
Z9/03,https://apl.brno.cz/protokoly-zmb/zmb-z9-03/20221213-97-43389.html,99ad4c1f4eaacdd0,97
Z9/03,https://apl.brno.cz/protokoly-zmb/zmb-z9-03/20221213-98-43551.html,99ad4c1f4eaacdd0,98
Z9/03,https://apl.brno.cz/protokoly-zmb/zmb-z9-03/20221213-99-44046.html,99ad4c1f4eaacdd0,99
Z9/03,https://apl.brno.cz/protokoly-zmb/zmb-z9-03/20221213-100-44082.html,99ad4c1f4eaacdd0,100
Z9/03,https://apl.brno.cz/protokoly-zmb/zmb-z9-03/20221213-101-44113.html,99ad4c1f4eaacdd0,101
Z9/03,https://apl.brno.cz/protokoly-zmb/zmb-z9-03/20221213-102-44147.html,99ad4c1f4eaacdd0,102
Z9/03,https://apl.brno.cz/protokoly-zmb/zmb-z9-03/20221213-103-44180.html,99ad4c1f4eaacdd0,103
Z9/03,https://apl.brno.cz/protokoly-zmb/zmb-z9-03/20221213-104-44212.html,99ad4c1f4eaacdd0,104
Z9/03,https://apl.brno.cz/protokoly-zmb/zmb-z9-03/20221213-105-44244.html,99ad4c1f4eaacdd0,105
Z9/03,https://apl.brno.cz/protokoly-zmb/zmb-z9-03/20221213-106-44275.html,99ad4c1f4eaacdd0,106
Z9/03,https://apl.brno.cz/protokoly-zmb/zmb-z9-03/20221213-107-44312.html,99ad4c1f4eaacdd0,107
Z9/03,https://apl.brno.cz/protokoly-zmb/zmb-z9-03/20221213-108-44350.html,99ad4c1f4eaacdd0,108
Z9/03,https://apl.brno.cz/protokoly-zmb/zmb-z9-03/20221213-109-44391.html,99ad4c1f4eaacdd0,109
Z9/03,https://apl.brno.cz/protokoly-zmb/zmb-z9-03/20221213-110-44577.html,99ad4c1f4eaacdd0,110
Z9/03,https://apl.brno.cz/protokoly-zmb/zmb-z9-03/20221213-111-44788.html,99ad4c1f4eaacdd0,111
Z9/03,https://apl.brno.cz/protokoly-zmb/zmb-z9-03/20221213-112-44849.html,99ad4c1f4eaacdd0,112
Z9/03,https://apl.brno.cz/protokoly-zmb/zmb-z9-03/20221213-113-44929.html,99ad4c1f4eaacdd0,113
Z9/03,https://apl.brno.cz/protokoly-zmb/zmb-z9-03/20221213-114-45439.html,99ad4c1f4eaacdd0,114
Z9/03,https://apl.brno.cz/protokoly-zmb/zmb-z9-03/20221213-115-46611.html,99ad4c1f4eaacdd0,115
Z9/03,https://apl.brno.cz/protokoly-zmb/zmb-z9-03/20221213-116-46652.html,99ad4c1f4eaacdd0,116
Z9/27,https://apl.brno.cz/protokoly-zmb/zmb-z9-27/20250610-50-37461.html,99ad4c1f4eaacdd0,50
Z9/31,https://apl.brno.cz/protokoly-zmb/zmb-z9-31/20251210-8-30539.html,99ad4c1f4eaacdd0,8
Z9/33,https://apl.brno.cz/protokoly-zmb/zmb-z9-33/20260303-60-44274.html,99ad4c1f4eaacdd0,60
Z9/34,https://apl.brno.cz/protokoly-zmb/zmb-z9-34/20260414-7-40410.html,99ad4c1f4eaacdd0,7
