id,cislo_listiny,kampan,slib,hodnoceni,duvod,dosavadni_jednani,pravomoc,proveditelnost,politicke_podminky,protidukazy,co_by_zmenilo_zaver,zdroj_url,lokator,dalsi_zdroje,hlasovani,overeno
K01-02,1,SOCDEM,Prosazovat výstavbu stovek obecních bytů a připustit úvěrové financování.,MOŽNÁ,"Priorita je konkrétnější než srpnové oznámení, ale rozsah a termín zůstávají otevřené.",Nikdo z dnešní kandidátky neměl celoměstský mandát 2022–2026; bývalé hlasy SOCDEM nepřenášíme.,"Město může investovat do vlastního bydlení, rozhodovat o majetku a pravidlech; u svěřených bytů musí zapojit městské části. Soukromou výstavbu nemůže jednoduše nařídit.","Lídr připouští úvěr vztažený k rozpočtu města. Bez ceny projektů, splatnosti a výnosů nelze posoudit udržitelnost; nájemné nezaručuje samofinancování celé stavby.",Bez vlastních zastupitelů z období 2022–2026; hlasování bývalých členů SOCDEM nelze připsat této kandidátce.,Novější odpověď již uvádí bytovou prioritu; závěr nelze stavět jen na starším obecném oznámení.,"Seznam projektů, počet dokončených bytů a finanční plán.",https://www.metro.cz/kraje/jihomoravsky-kraj/lidri-v-brne-chteji-stavet-byty-podporuji-i-novy-fotbalovy-stadion-za-luzankami.A260912_073146_metro-brno-zpravy_air,otázka 1 – Zdeněk Slavík,92070caf8da6904e;e4f8e48e77fd9841,,2026-09-20
K02-01,2,Lidovci a Starostové,"Roční jízdné pro dospělé s trvalým pobytem 1 000 Kč, pro studenty 500 Kč; děti a senioři zdarma.",MOŽNÁ,"Sleva má deklarovaný výpočet, ale její zaplacení závisí na lidech, které město nepřinutí přihlásit trvalý pobyt.",Kampaň financování podmiňuje získáním dalších trvale přihlášených obyvatel; minulé schválení celého rozpočtu tuto cenu nedokládá.,"Město ovlivňuje vlastní dopravu a její financování. Změny integrovaného tarifu, regionálních spojů a státních staveb vyžadují další partnery.",Program odhaduje čistý dopad na 250–400 mil. Kč ročně a počítá s přibližně 10 tisíci nově přihlášených; jde o předpoklad kampaně. DPMB uvádí základní roční cenu 4 750 Kč a příspěvek 1 425 Kč pro oprávněné žadatele. Ceník a dotace nejsou totéž.,Dnešní kandidáti mají zkušenost s prosazováním rozpočtu a bytových projektů; to neprokazuje většinu pro nový tarif MHD.,Město už umí jízdné dotovat; sleva tedy není sama o sobě nemožná.,"Citlivostní rozpočet pro menší počet nových obyvatel, dohoda o tarifu a schválené krytí.",https://www.brnoblizlidem.cz/plan-pro-brno/,část o levnější MHD,0f370d838d2a82a6;92070caf8da6904e;0f370d838d2a82a6,,2026-09-20
K02-02,2,Lidovci a Starostové,"Do čtyř let opravit 800 volných bytů, přes PPP a moduly vybudovat až 1 000 nových; ukončit prodej bytových domů a prověřit družstevní projekty.",MOŽNÁ,"Existují připravené projekty, ale součet prázdných bytů není seznam rychle opravitelných bytů a příprava není dokončení.","Osm nynějších kandidátů podpořilo prodej Dornychu 29/31, osm později zrušení starého privatizačního postupu. Podporovali také financování přípravy Kamenného vrchu.","Město může investovat do vlastního bydlení, rozhodovat o majetku a pravidlech; u svěřených bytů musí zapojit městské části. Soukromou výstavbu nemůže jednoduše nařídit.","Program spojuje opravy do čtyř let, nové byty pomocí PPP a modulů, konec prodejů a audit družstev. Lednový městský údaj o 870 volných svěřených bytech byl v březnové tabulce opraven na 1 462; starý součet s 62 nesvěřenými byty proto není spolehlivý výchozí stav. V červenci 2026 byla oznámena podepsaná smlouva se zhotovitelem 353 bytů na Kamenném vrchu; projekt má tedy i realizační krok, nikoliv jen politický příslib.",Dnešní kandidáti mají zkušenost s prosazováním rozpočtu a bytových projektů; to neprokazuje většinu pro nový tarif MHD.,"Lednové omezení privatizace je skutečný posun. Audit projektu, který dříve podporovali, není sám o sobě rozpor.","Seznam bytů a projektů s termíny, rozpočtem a stavem povolení; audit a vyjasnění pravidel prodeje.",https://www.brnoblizlidem.cz/plan-pro-brno/,bydlení – do čtyř let,bcabc7c6ac31af4e;45bee869fd2c38ad;54680ebc827751f8;67608a0aa50e0c9a;92070caf8da6904e;e4f8e48e77fd9841,Z9-25-057;Z9-32-036;Z9-36-071,2026-09-20
K02-05,2,Lidovci a Starostové,Dokončit třetí kotel SAKO.,MOŽNÁ,Projekt už má podepsanou smlouvu; dokončení není nový nápad kampaně a samotné osobní zásluhy z tajné volby nepoznáme.,"Vybrané osobní hlasy dokládají postoj k tajné proceduře, nikoliv následnou tajnou volbu. Vedle toho je doloženo oznámení SAKO o uzavření realizační smlouvy.","Vlastnictví městských společností dává městu vliv, ale nenahrazuje rozhodování společnosti, investiční financování, soutěže ani cenová pravidla.","SAKO oznámilo podepsanou smlouvu za 5,4 mld. Kč a podporu z Modernizačního fondu; dřívější sdělení uvádělo květen 2028. Projekt tedy není jen volební nápad. Zbývá ověřit aktuální plnění harmonogramu a finanční rizika; oznámení firmy není nezávislý audit.",Dnešní kandidáti mají zkušenost s prosazováním rozpočtu a bytových projektů; to neprokazuje většinu pro nový tarif MHD.,"Odmítnutí tajné volby je doložené, následný tajný hlas jednotlivců však neznáme.",Aktuální milníky provádění podepsané smlouvy a finanční bilance; u tvrzené škody také porovnání obou zadání a alternativ.,https://www.brnoblizlidem.cz/plan-pro-brno/,levnější energie,cad8eb04b0609826;88da08b32dbbccce;e4f8e48e77fd9841;92070caf8da6904e,Z9-11-007,2026-09-20
K02-06,2,Lidovci a Starostové,"Do dvou let zavést systém, v němž každý podnět dostane odpověď, termín a odpovědnou osobu.",MOŽNÁ,"Proces město zavést může, zatím ale není doloženo, jak bude garantovat termíny a odpovědnost.",Přímý celoměstský výsledek odpovídající této garanci není v ověřeném výběru doložen.,Městské zastupitelstvo může změnit rozpočet a financovat městské služby. Konkrétní výdaj potřebuje schválení a opakované krytí v dalších letech.,"Program do dvou let slibuje odpověď, termín a odpovědnou osobu u každého podnětu. Rozhodující bude evidence, personální kapacita a zveřejnění plnění.",Dnešní kandidáti mají zkušenost s prosazováním rozpočtu a bytových projektů; to neprokazuje většinu pro nový tarif MHD.,"Jde o organizační změnu, ne o slib závislý na státní megastavbě.","Veřejná pravidla lhůt, odpovědností a statistiky vyřízení.",https://www.brnoblizlidem.cz/plan-pro-brno/,"Město, které komunikuje – Do 2 let",e4f8e48e77fd9841,,2026-09-20
K03-01,3,ZELENÉ BRNO,Opravit přibližně 800 bytů; na konci období dosáhnout výstavby 300 až 400 nových bytů ročně.,MOŽNÁ,"Kontrola bytového fondu je doložená, slíbené tempo výstavby však není doloženým výsledkem.","Jana Drápalová v lednu 2026 upozornila na nesprávný součet neobsazených bytů; březnová odpověď obsahuje opravenou tabulku. Jana Drápalová jako starostka Nového Lískovce spolupodepsala smlouvu na Kamenný vrch; jde o konkrétní jinou veřejnou roli, ne samostatný audit městské části.","Město může investovat do vlastního bydlení, rozhodovat o majetku a pravidlech; u svěřených bytů musí zapojit městské části. Soukromou výstavbu nemůže jednoduše nařídit.","Tempo 300–400 nových bytů se vztahuje až ke konci období. Nejde o 400 bytů každý rok. U oprav záleží na technickém stavu a spolupráci městských částí. V červenci 2026 byla oznámena podepsaná smlouva se zhotovitelem 353 bytů na Kamenném vrchu; projekt má tedy i realizační krok, nikoliv jen politický příslib.","Vencovská preferuje Piráty, Lidovce a Starosty a Za Lužánky; odmítá SPD a Motoristy. Většinu těchto partnerů zatím neznáme.","Kontrola dat je konkrétní práce, sama ale nové byty nepostaví.","Projektový seznam, financování a každoroční rozlišení oprav, zahájených a dokončených bytů.",https://www.zelenebrno.cz/program/dostupne-bydleni-a-vystavba/,závazky kapitoly 01,45bee869fd2c38ad;67608a0aa50e0c9a;92070caf8da6904e;e4f8e48e77fd9841,,2026-09-20
K03-02,3,ZELENÉ BRNO,"Rozšířit bezplatnou MHD pro děti do 15 let, studenty do 26 let a seniory od 65 let.",MOŽNÁ,"Město může slevu financovat, ale není doloženo krytí výpadku tržeb pro všechny slibované skupiny.",Přímý osobní návrh nebo realizovaný výsledek odpovídající tomuto slibu nebyl v ověřeném výběru doložen; nejde o důkaz nečinnosti.,"Město ovlivňuje vlastní dopravu a její financování. Změny integrovaného tarifu, regionálních spojů a státních staveb vyžadují další partnery.","Dnes má část těchto cestujících snížený tarif a někteří již jezdí zdarma. Je nutné počítat jen nové slevy, jejich věkové hranice a rozsah zón.","Vencovská preferuje Piráty, Lidovce a Starosty a Za Lužánky; odmítá SPD a Motoristy. Většinu těchto partnerů zatím neznáme.",Existující systém slev usnadňuje provedení; nejde o technicky nový způsob přepravy.,Ověřený propočet nově zvýhodněných cestujících a schválená kompenzace.,https://www.zelenebrno.cz/program/bezpecna-doprava/,závazky kapitoly 02,0f370d838d2a82a6;92070caf8da6904e;0f370d838d2a82a6,,2026-09-20
K03-03,3,ZELENÉ BRNO,Nikdy nepodpořit tajné hlasování v zastupitelstvu.,MOŽNÁ,"Dosavadní osobní hlasy tomuto závazku odpovídají, ale volební zastoupení celé nové kandidátky zůstává nejisté.",Drápalová a Flamiková 18. 10. 2023 odmítly tajné hlasování o SAKO. Vencálek tehdy neměl mandát.,"Zastupitel může přímo ovlivnit vlastní hlas. Změna městských pravidel, zadání auditu nebo zveřejňování dalších údajů potřebuje podporu příslušného orgánu.",Vlastní hlas mají případní zastupitelé pod kontrolou a nepotřebují rozpočtovou většinu. Silný důkaz pro chování dvou lidí není zárukou jednání všech nově zvolených.,"Vencovská preferuje Piráty, Lidovce a Starosty a Za Lužánky; odmítá SPD a Motoristy. Většinu těchto partnerů zatím neznáme.","Z tohoto důkazu nelze vyvodit, jak někdo hlasoval v následném tajném hlasování.",Veřejný závazek všech zvolených a sledování každého dalšího procedurálního hlasu.,https://www.zelenebrno.cz/program/otevrena-radnice-a-dobre-hospodareni/,bod 9.1.1,e4f8e48e77fd9841,Z9-11-007,2026-09-20
K03-04,3,ZELENÉ BRNO,Zvýšit participativní rozpočet Dáme na vás na 50 mil. Kč.,MOŽNÁ,"Participativní rozpočet už funguje, ale vznik fondu nepotvrzuje podporu částky 50 milionů.",Zřízení fondu v roce 2024 není hlas o budoucí částce 50 milionů.,Městské zastupitelstvo může změnit rozpočet a financovat městské služby. Konkrétní výdaj potřebuje schválení a opakované krytí v dalších letech.,"Je třeba odlišit roční alokaci pro nové návrhy od čerpání rozpracovaných projektů. Peníze navíc soutěží s bydlením, dopravou a dalšími prioritami.","Vencovská preferuje Piráty, Lidovce a Starosty a Za Lužánky; odmítá SPD a Motoristy. Většinu těchto partnerů zatím neznáme.",Není třeba zakládat participaci od nuly; důkaz se týká nižší úrovně závazku.,Schválená roční částka 50 mil. Kč a pravidla započítávání projektů.,https://www.zelenebrno.cz/program/otevrena-radnice-a-dobre-hospodareni/,závazky kapitoly 09,e4f8e48e77fd9841,Z9-20-042,2026-09-20
K03-06,3,ZELENÉ BRNO,"Rozvíjet zeleň, zadržování vody a stín ve městě.",MOŽNÁ,"Město umí výsadbu zadávat, ale plošný výsledek vyžaduje prostor pro kořeny, sítě a následnou péči.",Přímý souhrnný výsledek odpovídající této formulaci nebyl v podkladech prokázán.,"Město může upravovat své veřejné prostory a financovat údržbu. Zásahy do ulic závisí také na správě sítí, vlastnictví pozemků a povolování.","Samotný počet vysazených stromů není plocha skutečného stínu; ověření vyžaduje místa výsadby, přežití stromů a péči.","Vencovská preferuje Piráty, Lidovce a Starosty a Za Lužánky; odmítá SPD a Motoristy. Většinu těchto partnerů zatím neznáme.",Podrobná kapitola obsahuje konkrétnější nástroje; hodnotíme jen tento vybraný hlavní směr.,"Seznam ulic, rozpočet péče a měření stínu.",https://www.zelenebrno.cz/program/,"kapitola 04 Zeleň, voda a stín ve městě",92070caf8da6904e,,2026-09-20
K04-01,4,ANO,Rozvíjet tramvaje i lanovku.,MOŽNÁ,"Dřívější hlas o projednání analýz neříká, zda kandidáti lanovku postaví.",Tomáš Hejl a Miroslav Kubásek při hlasu o veřejném projednání nehlasovali. Petrovi Bauerovi už mandát skončil. Přijetí petice na vědomí není hlas proti stavbě.,"Město ovlivňuje vlastní dopravu a její financování. Změny integrovaného tarifu, regionálních spojů a státních staveb vyžadují další partnery.","Tramvajové tratě a lanovka mají odlišné náklady, povolení a dopravní přínosy. Bez samostatného finančního a povolovacího rozboru nelze dát společné ANO.",Trojan připouští ODS i Piráty; Zlatušková i Zemek ale spolupráci s ANO odmítají. Jednostranná ochota není koaliční cesta.,Nehlasování o veřejném projednání není hlas proti lanovce; vzetí petice na vědomí také ne.,Aktuální harmonogram a krytí konkrétních staveb.,https://tymbrno.cz/program/,Doprava,92070caf8da6904e;0f370d838d2a82a6,Z9-19-005;Z9-19-006,2026-09-20
K04-02,4,ANO,Zastavit zbytečné privatizace městských bytů.,MOŽNÁ,"Není určeno, které prodeje jsou zbytečné, a dosavadní osobní hlasy ukazují prodej i pozdější omezení privatizace.","Hejl a Kubásek podpořili prodej Dornychu; Kubásek později zrušení starého privatizačního postupu. Program neříká, které prodeje považuje za zbytečné.","Město může investovat do vlastního bydlení, rozhodovat o majetku a pravidlech; u svěřených bytů musí zapojit městské části. Soukromou výstavbu nemůže jednoduše nařídit.",Bez definice výjimek lze stejný převod vydávat za soulad i nesoulad s programem. Město má pravomoc o prodeji rozhodovat.,Trojan připouští ODS i Piráty; Zlatušková i Zemek ale spolupráci s ANO odmítají. Jednostranná ochota není koaliční cesta.,Nové omezení privatizace může být změnou politiky; starý prodej sám neprokazuje nepravdivý budoucí slib.,Seznam přípustných výjimek a závazná pravidla prodeje.,https://tymbrno.cz/program/,Bydlení,92070caf8da6904e;e4f8e48e77fd9841,Z9-25-057;Z9-32-036,2026-09-20
K04-03,4,ANO,Zavést školním dětem roční příspěvek 1 000 Kč na sport v Brně.,MOŽNÁ,"Existuje příbuzný systém voucherů, nikoli doklad schválení tohoto nového nároku.",Nesměšovat s jinými podmínkami a částkami rodičovských voucherů.,Městské zastupitelstvo může změnit rozpočet a financovat městské služby. Konkrétní výdaj potřebuje schválení a opakované krytí v dalších letech.,"Náklady jsou 1 000 Kč krát počet oprávněných dětí plus správa. Program musí vymezit věk, pobyt, čerpání a vztah k dosavadní podpoře.",Trojan připouští ODS i Piráty; Zlatušková i Zemek ale spolupráci s ANO odmítají. Jednostranná ochota není koaliční cesta.,Příbuzný program snižuje organizační nejistotu; neprokazuje financování nové částky.,"Pravidla nároku, počet příjemců a rozpočtové krytí.",https://tymbrno.cz/program/,Sport,e4f8e48e77fd9841,Z9-18-115,2026-09-20
K05-01,5,Za Lužánky,Postavit stadion za Lužánkami a do té doby účelně modernizovat Srbskou.,MOŽNÁ,"Široká podpora stadionu je doložená, jeho finální právní a finanční podoba však není totéž co podmíněný souhlas.",Pro podmíněné umožnění stadionu hlasovalo celkem 50 zastupitelů; podpora nebyla výlučná pro jedno uskupení.,Městské zastupitelstvo může změnit rozpočet a financovat městské služby. Konkrétní výdaj potřebuje schválení a opakované krytí v dalších letech.,Zářijový materiál předkládá tři varianty dalšího postupu a nové posudky. Samotná předloha není přijaté usnesení. Modernizace Srbské je další výdaj do dokončení.,"Podmíněnou podporu stadionu v září 2025 vyslovilo 50 zastupitelů; jde o podporu projektu s podmínkami, ne příslib koalice se Za Lužánky.",Podporu 50 zastupitelů z roku 2025 nelze připsat jen této kampani.,"Ověřené konečné usnesení, smlouvy, vypořádání práv a harmonogram.",https://www.za-luzanky.cz/program,Sport,5097c0bac5a5fffc;e4f8e48e77fd9841,Z9-28-030;Z9-36-009,2026-09-20
K05-02,5,Za Lužánky,Otevřená správa a protikorupční kontrola města.,MOŽNÁ,"Koláčný navrhl konkrétní kontrolní postup, ale zdržení u jiné varianty není odmítnutí kontroly jako takové.",Koláčný podpořil vlastní návrh pracovní skupiny k hospodaření vánočních trhů; u návrhu Vaňkové na externí posouzení nákladů se zdržel. Lídryně Janulíková v městském zastupitelstvu v tomto období nehlasovala.,"Zastupitel může přímo ovlivnit vlastní hlas. Změna městských pravidel, zadání auditu nebo zveřejňování dalších údajů potřebuje podporu příslušného orgánu.",Programové heslo potřebuje pravidla zveřejňování a vymezení kontrol. Doložené hlasování rozlišuje pracovní skupinu a externí posouzení.,"Podmíněnou podporu stadionu v září 2025 vyslovilo 50 zastupitelů; jde o podporu projektu s podmínkami, ne příslib koalice se Za Lužánky.",Lídryně Janulíková v daném zastupitelstvu nehlasovala; hlas kandidáta není její osobní hlas.,Konkrétní standard zveřejňování a doložené výsledky kontrol.,https://www.za-luzanky.cz/program,"Efektivní radnice, boj proti korupci a participace",e4f8e48e77fd9841,Z9-25-075;Z9-25-076,2026-09-20
K05-03,5,Za Lužánky,Prosazovat nejméně 2 000 obecních nájemních bytů v dostupném režimu do roku 2035 a nepodporovat další privatizaci městských bytů.,MOŽNÁ,Cíl přesahuje jedno volební období a kampaň nemá doložený projektový plán pro celý objem.,Tomáš Koláčný odmítl prodej Dornychu a podpořil zrušení starého privatizačního postupu.,"Město může investovat do vlastního bydlení, rozhodovat o majetku a pravidlech; u svěřených bytů musí zapojit městské části. Soukromou výstavbu nemůže jednoduše nařídit.",Rok 2035 nesmíme převést na slib dokončení do roku 2030. Program chce také vyjednávat dostupné bydlení s investory; jejich souhlas není automatický.,"Podmíněnou podporu stadionu v září 2025 vyslovilo 50 zastupitelů; jde o podporu projektu s podmínkami, ne příslib koalice se Za Lužánky.",Ochrana existujících bytů není doklad dokončení nových.,"Milníky do roku 2030, pozemky, finanční model a konkrétní smlouvy.",https://www.za-luzanky.cz/program,Bydlení,92070caf8da6904e;e4f8e48e77fd9841,Z9-25-057;Z9-32-036,2026-09-20
K06-01,6,"ODS, TOP 09 a nezávislí",Rozvíjet družstevní a startovací bydlení a zrychlit opravy městských bytů.,MOŽNÁ,"Kandidáti podpořili konkrétní přípravné kroky, ale tempo a objem slibované výstavby nejsou určeny.",Schválení pravidel či výběru banky není důkaz splněného objemu výstavby.,"Město může investovat do vlastního bydlení, rozhodovat o majetku a pravidlech; u svěřených bytů musí zapojit městské části. Soukromou výstavbu nemůže jednoduše nařídit.","Výběr banky pro Kamenný vrch je krok k realizaci. Zářijový návrh úvěru uvádí až 1,71 mld. Kč pro 280 družstevních jednotek; to není počet již předaných bytů. V červenci 2026 byla oznámena podepsaná smlouva se zhotovitelem 353 bytů na Kamenném vrchu; projekt má tedy i realizační krok, nikoliv jen politický příslib.","Zlatušková odmítá ANO, SPD a Motoristy. Dosavadní koalice proto není automatickým modelem dalšího období.",Kredit za přípravu patří i dalším podporujícím zastupitelům a zpracovatelům.,"Podepsané financování, průběh stavby a předané byty.",https://www.brnonejlepsiadresa.cz/cs/bydlet-v-sbrnes-bez-dedictvi-po-tete,bytová kapitola,54680ebc827751f8;67608a0aa50e0c9a;92070caf8da6904e;e4f8e48e77fd9841,Z9-17-060;Z9-36-071,2026-09-20
K06-02,6,"ODS, TOP 09 a nezávislí",Využít arénu a pokračovat v budování sportovišť včetně spolupráce na stadionu za Lužánkami.,MOŽNÁ,"Financování arény podpořilo všech deset tehdy hlasujících kandidátů, ale každý další stadion vyžaduje vlastní rozhodnutí.",Všech deset nynějších kandidátů s tehdejším mandátem schválilo financování arény. Zářijová zpráva města nabízí prohlídky stavby před dokončením; hotový provoz z ní nevyvozujeme.,Městské zastupitelstvo může změnit rozpočet a financovat městské služby. Konkrétní výdaj potřebuje schválení a opakované krytí v dalších letech.,U arény je třeba oddělit investiční dokončení od dlouhodobého provozu; Lužánky mají samostatné právní a finanční podmínky.,"Zlatušková odmítá ANO, SPD a Motoristy. Dosavadní koalice proto není automatickým modelem dalšího období.",Pavel Jankůj tehdy neměl mandát; nová lídryně také nehlasovala. Společný hlas neprokazuje autorství celé investice.,Provozní bilance arény a smluvní cesta dalších sportovišť.,https://www.brnonejlepsiadresa.cz/cs/ssports-neni-jen-stadion,sportovní kapitola,5097c0bac5a5fffc;d4b6a96177052aff;e4f8e48e77fd9841,Z9-08-094;Z9-28-030,2026-09-20
K06-03,6,"ODS, TOP 09 a nezávislí",Posunout nové hlavní nádraží a přestavbu železničního uzlu.,MOŽNÁ,"Majetkový krok je doložený, dokončení státní železnice však není v rukou samotného města.",Postoj nové lídryně Zlatuškové nelze odvodit z hlasů dosavadního klubu.,"Město připravuje své pozemky, území a návaznou MHD; železniční uzel připravuje Správa železnic. Samotná brněnská koalice nerozhodne o celé státní investici.",Správa železnic uvádí předpoklad stavebních prací 2028–2035. Slib posunout projekt nelze zaměnit za dokončit ho do konce období.,"Zlatušková odmítá ANO, SPD a Motoristy. Dosavadní koalice proto není automatickým modelem dalšího období.",Závislost na státu nečiní spolupráci města nesmyslnou; omezuje pouze záruku celého výsledku.,Dohodnuté městské milníky a financování návazné infrastruktury.,https://www.brnonejlepsiadresa.cz/cs/sbrnos-jako-krizovatka-ne-konecna,rozvojová kapitola,950f39946cb6bdf8;950f39946cb6bdf8,Z9-18-088,2026-09-20
K06-04,6,"ODS, TOP 09 a nezávislí",Prosadit dostupnost stromu a stínu do pěti minut od domu.,MOŽNÁ,"Prostorový závazek jde měřit, ale chybí mapa výchozího stavu a financovaný plán doplnění.",Měřitelný prostorový závazek; dostupné hlasování bez mapového vyhodnocení neprokazuje splnění.,"Město může upravovat své veřejné prostory a financovat údržbu. Zásahy do ulic závisí také na správě sítí, vlastnictví pozemků a povolování.",Pět minut chůze musí mít jednotný výklad a dostupný cíl. Strom a skutečný letní stín nejsou automaticky totéž.,"Zlatušková odmítá ANO, SPD a Motoristy. Dosavadní koalice proto není automatickým modelem dalšího období.","Neexistence mapy v našem rozboru není důkaz, že taková mapa nikde neexistuje.","Mapa dostupnosti, seznam deficitních míst a financování výsadby i péče.",https://www.brnonejlepsiadresa.cz/cs/strom-neni-ideologie,kapitola o zeleni,92070caf8da6904e,,2026-09-20
K06-05,6,"ODS, TOP 09 a nezávislí",Dokončit Janáčkovo kulturní centrum.,MOŽNÁ,"Stavba skutečně pokračuje, ale termín dokončení zůstává plánem a otevření se očekává až v roce 2029.","Městský projektový přehled uvádí dokončení 2028 a otevření 2029. Zpráva z března 2026 dokládá konkrétní stavební práce, nejen hlas o rozpočtu.",Městské zastupitelstvo může změnit rozpočet a financovat městské služby. Konkrétní výdaj potřebuje schválení a opakované krytí v dalších letech.,Podzemní části a přeložky již mají doložený postup. U dokončení zbývá stavební a dodavatelské riziko; termín v projektovém přehledu není záruka.,"Zlatušková odmítá ANO, SPD a Motoristy. Dosavadní koalice proto není automatickým modelem dalšího období.","Rozpočtová návaznost existuje, konkrétní výsledek se musí ověřit na stavbě.",Ověřený aktuální harmonogram a smluvně pokryté zbývající práce.,https://www.brnonejlepsiadresa.cz/cs/kultura-neni-tresnicka,kulturní kapitola,1f563a1d4b813e15;822e974afd12198b;e4f8e48e77fd9841,Z9-31-022,2026-09-20
K07-01,7,Restart pro Brno,Podporovat městské nájemní bydlení a opravy prázdných bytů.,MOŽNÁ,"Město má nástroje, ale bez počtu bytů a termínu je úspěch slibu obtížné ověřit.",Na listině nejsou držitelé městského mandátu z tohoto období; chybějící hlasy nejsou nečinnost.,"Město může investovat do vlastního bydlení, rozhodovat o majetku a pravidlech; u svěřených bytů musí zapojit městské části. Soukromou výstavbu nemůže jednoduše nařídit.","Rozsah oprav, financování a připravenost pozemků nejsou v tomto závazku vyčísleny. Dřívější mandát lídra není důkaz realizace dnešního slibu.",Absence mandátu v posledním období neznamená začátečníka: Martin Říha působil v dřívějším celoměstském zastupitelstvu.,Chybějící osobní hlasy z posledního období nejsou důkaz nečinnosti.,"Počet oprav a novostaveb, termíny a rozpočet.",https://www.restartprobrno.cz/volebni-program-bydleni/,kapitola Bydlení,92070caf8da6904e;e4f8e48e77fd9841,,2026-09-20
K07-02,7,Restart pro Brno,"Rozšiřovat azylové domy, noclehárny, krizové ubytování a denní centra.",MOŽNÁ,"Město může služby podpořit, ale nejsou určeny kapacity ani trvalé provozní financování.",Přímý osobní návrh nebo realizovaný výsledek odpovídající tomuto slibu nebyl v ověřeném výběru doložen; nejde o důkaz nečinnosti.,Městské zastupitelstvo může změnit rozpočet a financovat městské služby. Konkrétní výdaj potřebuje schválení a opakované krytí v dalších letech.,"Vedle nemovitosti je třeba provozovatel, pracovníci a návaznost na síť sociálních služeb; investiční dotace nehradí automaticky budoucí provoz.",Absence mandátu v posledním období neznamená začátečníka: Martin Říha působil v dřívějším celoměstském zastupitelstvu.,"Slib je v oblasti, kterou město může ovlivnit; není doložen jako nemožný.","Kapacitní plán, provozovatel a víceleté financování.",https://www.restartprobrno.cz/volebni-program-socialni-oblast/,bod 1 Přímá pomoc lidem v nouzi,e4f8e48e77fd9841,,2026-09-20
K07-03,7,Restart pro Brno,"Rozvíjet MHD, návaznost spojů a koordinaci dopravních opatření.",MOŽNÁ,"Lídr dříve prosazoval levnější MHD, ale stanovisko není důkaz zavedení dnešních dopravních změn.",Přímý osobní návrh nebo realizovaný výsledek odpovídající tomuto slibu nebyl v ověřeném výběru doložen; nejde o důkaz nečinnosti.,"Město ovlivňuje vlastní dopravu a její financování. Změny integrovaného tarifu, regionálních spojů a státních staveb vyžadují další partnery.",Koordinace městské a regionální dopravy potřebuje dohodu objednatelů; bez seznamu změn nelze určit náklady ani přínos.,Absence mandátu v posledním období neznamená začátečníka: Martin Říha působil v dřívějším celoměstském zastupitelstvu.,"Článek politika je důkaz postoje, nikoliv neutrální vyhodnocení dopravní politiky.","Konkrétní linky, intervaly, dohody a rozpočet.",https://www.restartprobrno.cz/volebni-program-doprava/,kapitola Doprava,56cbbde5c86fe0d9;92070caf8da6904e;0f370d838d2a82a6,,2026-09-20
K08-01,8,Brnoklidem,Připravit nejméně další tisíc bytů; městské pozemky a budovy používat pro dostupné bydlení místo rozprodeje.,MOŽNÁ,"Konkrétní příprava je doložena, nezávislé ověření součtu tisíce a financování další tisícovky však chybí.",Kandidáti podpořili Kamenný vrch. Sedm zároveň hlasovalo pro prodej Dornychu; všech devět později pro zrušení starého privatizačního postupu. Karin Podivinská je uvedena mezi signatáři červencové smlouvy.,"Město může investovat do vlastního bydlení, rozhodovat o majetku a pravidlech; u svěřených bytů musí zapojit městské části. Soukromou výstavbu nemůže jednoduše nařídit.","Připravit není postavit. Lednový materiál uvádí projekty v různých fázích; červnový hlas vybírá banku a zářijový materiál teprve předkládá úvěrovou smlouvu. Návrh úvěru zároveň obsahuje závazek města při dočasné neobsazenosti zajistit chybějící splátky: úvěr družstva tedy neznamená nulové riziko města. V červenci 2026 byla oznámena podepsaná smlouva se zhotovitelem 353 bytů na Kamenném vrchu; projekt má tedy i realizační krok, nikoliv jen politický příslib.","Devět dnešních kandidátů má současný mandát, většinou získaný původně za ANO; jejich historii přičítáme lidem, ne novému názvu automaticky.","Pozdější omezení prodejů je protidůkaz proti jednoduchému tvrzení, že se postoj vůbec nezměnil.",Veřejný seznam započítaných projektů se stejnou definicí připravenosti.,https://www.brnoklidem.cz/program/,Domov klidem,bcabc7c6ac31af4e;54680ebc827751f8;67608a0aa50e0c9a;92070caf8da6904e;e4f8e48e77fd9841,Z9-25-057;Z9-32-036;Z9-36-071,2026-09-20
K08-04,8,Brnoklidem,"Zavést bezplatnou MHD do 15 a od 65 let, dát přednost VRT před překládáním nádraží a prosazovat severojižní kolejovou dráhu.",MOŽNÁ,"Tarif město ovlivňuje, ale státní peníze na nádraží nemůže samo převést na bydlení.",Dřívější majetkový krok k železničnímu uzlu není hlas o této nové variantě.,"Město připravuje své pozemky, území a návaznou MHD; železniční uzel připravuje Správa železnic. Samotná brněnská koalice nerozhodne o celé státní investici.","Program navrhuje MHD zdarma do 15 a od 65 let, zachování vlaků v centru a přednost VRT. Správa železnic už připravuje jinou schválenou variantu; změna vyžaduje dohodu se státem, náklady a nový harmonogram.","Devět dnešních kandidátů má současný mandát, většinou získaný původně za ANO; jejich historii přičítáme lidem, ne novému názvu automaticky.",Prosazovat změnu státního projektu možné je; nelze ji ale vydávat za jednostranně rozhodnutelný úkol Brna.,Oddělený rozpočet tarifu a doložená dohoda se státem o železniční variantě.,https://www.brnoklidem.cz/program/,Pohyb klidem,950f39946cb6bdf8;0f370d838d2a82a6;950f39946cb6bdf8,Z9-18-088,2026-09-20
K08-05,8,Brnoklidem,U klíčových projektů používat architektonické soutěže a rozvíjet otevřená data města.,MOŽNÁ,"Pravidla otevřených dat byla schválena, úplné plnění a užití soutěží u všech klíčových projektů ověřeno není.",Zastupitelstvo schválilo pravidla otevřených dat městských společností; osobní hlasy jsou níže.,"Zastupitel může přímo ovlivnit vlastní hlas. Změna městských pravidel, zadání auditu nebo zveřejňování dalších údajů potřebuje podporu příslušného orgánu.","Rozhodující jsou skutečně zveřejněná data a zadání konkrétních soutěží, ne jen schválený rámec.","Devět dnešních kandidátů má současný mandát, většinou získaný původně za ANO; jejich historii přičítáme lidem, ne novému názvu automaticky.","Schválený rámec je konkrétní krok, ale není automaticky úplným splněním.","Seznam klíčových projektů, soutěží a aktualizovaných datových sad.",https://www.brnoklidem.cz/program/,Město klidem,e4f8e48e77fd9841,Z9-09-016,2026-09-20
K08-06,8,Brnoklidem,Posílit počet strážníků v ulicích.,MOŽNÁ,Rozhodnutí o penězích samo nezajistí nábor a udržení lidí.,V ověřeném výběru není osobní rozhodnutí odpovídající konkrétnímu navýšení.,Městské zastupitelstvo může změnit rozpočet a financovat městské služby. Konkrétní výdaj potřebuje schválení a opakované krytí v dalších letech.,"Počet nových strážníků, směny a dlouhodobé mzdové náklady nejsou v tomto programovém bodu určeny.","Devět dnešních kandidátů má současný mandát, většinou získaný původně za ANO; jejich historii přičítáme lidem, ne novému názvu automaticky.",Město vlastní policii řídí; nejde o slib ovládat Policii ČR.,"Náborový plán, cílové počty ve službě a financování.",https://www.brnoklidem.cz/program/,Život klidem – bezpečnost,e4f8e48e77fd9841,,2026-09-20
K08-07,8,Brnoklidem,Pokračovat v protipovodňových opatřeních a připravit odkanalizování obou břehů přehrady.,MOŽNÁ,"Jde o reálné městské úkoly, ale odkanalizování břehů je zatím slib přípravy.",Hlas o průběžných informacích o protipovodňových stavbách není doklad dokončení ani postoj ke každé stavbě.,"Město může upravovat své veřejné prostory a financovat údržbu. Zásahy do ulic závisí také na správě sítí, vlastnictví pozemků a povolování.","Stavby závisí na majetku, projektové dokumentaci, povoleních a financování. Nábřeží má navíc spojit protipovodňovou funkci s veřejným prostorem.","Devět dnešních kandidátů má současný mandát, většinou získaný původně za ANO; jejich historii přičítáme lidem, ne novému názvu automaticky.","Program sám u kanalizace slibuje přípravu, nikoliv dokončení.",Projektové a finanční milníky jednotlivých staveb.,https://www.brnoklidem.cz/program/,Voda klidem,92070caf8da6904e,Z9-20-040,2026-09-20
K09-02,9,Motoristé,Posílit bezpečnost a důsledněji řešit narušování veřejného pořádku.,MOŽNÁ,"Priorita neurčuje, jakou změnu služby mají lidé poznat.",Tomáš Kratochvíl byl městským radním pro správu městských účastí; neplést se současným Petrem Kratochvílem.,Městské zastupitelstvo může změnit rozpočet a financovat městské služby. Konkrétní výdaj potřebuje schválení a opakované krytí v dalších letech.,Chybí cílové personální kapacity a vyhodnocení konkrétních problémových míst. Zkušenost starosty sama nenahrazuje městský plán.,Tomáš Kratochvíl není nováček: v roce 2014 se stal městským radním; nezaměňujeme ho se současným radním Petrem Kratochvílem.,Praxi má; účinek tohoto dosud obecného opatření ale není doložen.,Měřitelné cíle a náklady opatření.,https://www.metro.cz/kraje/jihomoravsky-kraj/lidri-v-brne-chteji-stavet-byty-podporuji-i-novy-fotbalovy-stadion-za-luzankami.A260912_073146_metro-brno-zpravy_air,otázka 1 – Tomáš Kratochvíl,96ab5768e37aec62;e4f8e48e77fd9841,,2026-09-20
K09-03,9,Motoristé,Zkrátit opravy komunikací a související uzavírky.,MOŽNÁ,"Koordinace může pomoci, všechny stavby a lhůty však město neřídí.",Srovnatelný celoměstský výsledek zkrácení oprav není doložen.,"Město ovlivňuje vlastní dopravu a její financování. Změny integrovaného tarifu, regionálních spojů a státních staveb vyžadují další partnery.","Zrychlení vyžaduje součinnost vlastníků sítí a komunikací; termíny mohou ovlivnit technické podmínky, soutěže i povolení.",Tomáš Kratochvíl není nováček: v roce 2014 se stal městským radním; nezaměňujeme ho se současným radním Petrem Kratochvílem.,Není správné připisovat městu každou uzavírku na státní či krajské silnici.,Seznam procesních změn a měření délky oprav.,https://www.metro.cz/kraje/jihomoravsky-kraj/lidri-v-brne-chteji-stavet-byty-podporuji-i-novy-fotbalovy-stadion-za-luzankami.A260912_073146_metro-brno-zpravy_air,otázka 1 – Tomáš Kratochvíl,92070caf8da6904e;0f370d838d2a82a6,,2026-09-20
K09-04,9,Motoristé,Nabídnout všem brněnským školám projekt Pohybově aktivní školy.,MOŽNÁ,Nabídnout program lze snáze než zajistit zapojení a personál všech škol.,Kampaň uvádí bystrcký pilot; jeho účinek zde nezávisle nepotvrzujeme.,Městské zastupitelstvo může změnit rozpočet a financovat městské služby. Konkrétní výdaj potřebuje schválení a opakované krytí v dalších letech.,"Lídr odkazuje na fungování projektu v Bystrci. V tomto rozboru nemáme nezávislé vyhodnocení jeho rozsahu a výsledků, proto jej vedeme jako tvrzení kampaně.",Tomáš Kratochvíl není nováček: v roce 2014 se stal městským radním; nezaměňujeme ho se současným radním Petrem Kratochvílem.,Slib nabídnout není slib povinné účasti všech škol.,Doklady výsledků pilotu a finanční plán rozšíření.,https://www.metro.cz/kraje/jihomoravsky-kraj/lidri-v-brne-chteji-stavet-byty-podporuji-i-novy-fotbalovy-stadion-za-luzankami.A260912_073146_metro-brno-zpravy_air,otázka 1 – Tomáš Kratochvíl,e4f8e48e77fd9841,,2026-09-20
K10-01,10,DSZ – Za práva zvířat,Podporovat omezení zábavní pyrotechniky a ohňostrojů.,MOŽNÁ,Brno už pyrotechniku reguluje; slib zákazu potřebuje přesně vymezit další rozsah a zákonné možnosti.,Rozhodnutí dosavadních zastupitelů se nesmí připsat novým kandidátkám DSZ.,"Město může upravovat své veřejné prostory a financovat údržbu. Zásahy do ulic závisí také na správě sítí, vlastnictví pozemků a povolování.","Nelze směšovat zákaz na vybraných místech, typy výrobků a všechna použití. Konkrétní návrh musí projít právním posouzením a většinou zastupitelstva.",Registrovány jsou jen tři kandidátky: ani jejich zvolení nemůže samo vytvořit většinu v 55členném zastupitelstvu.,Hlasování dosavadních zastupitelů není osobním výsledkem těchto tří kandidátek.,Návrh vyhlášky s přesným rozsahem a ověření aktuálních zákonných mezí.,https://dsz321.webnode.cz/news/prohlaseni-dsz-za-prava-zvirat-k-volbam-do-zastupitelstev-obci-se-seznamem-mist-na-kterych-podala-kandidatky/,celostátní komunální prohlášení,92070caf8da6904e,Z9-31-011,2026-09-20
K10-02,10,DSZ – Za práva zvířat,"Podporovat soukromé útulky, azyly a spolky pomáhající opuštěným a týraným zvířatům.",MOŽNÁ,"Městská podpora je možná, ale nejsou určeny částky, příjemci ani způsob kontroly.",Přímý osobní návrh nebo realizovaný výsledek odpovídající tomuto slibu nebyl v ověřeném výběru doložen; nejde o důkaz nečinnosti.,Městské zastupitelstvo může změnit rozpočet a financovat městské služby. Konkrétní výdaj potřebuje schválení a opakované krytí v dalších letech.,Prohlášení je celostátní; podporu soukromých útulků je třeba přeložit do konkrétních brněnských grantových pravidel.,Registrovány jsou jen tři kandidátky: ani jejich zvolení nemůže samo vytvořit většinu v 55členném zastupitelstvu.,Nová listina nemá doložený osobní hlasovací záznam; to samo nic neříká o dobrovolnické práci kandidátek.,Místní dotační program a jeho finanční objem.,https://dsz321.webnode.cz/news/prohlaseni-dsz-za-prava-zvirat-k-volbam-do-zastupitelstev-obci-se-seznamem-mist-na-kterych-podala-kandidatky/,celostátní komunální prohlášení,e4f8e48e77fd9841,,2026-09-20
K10-03,10,DSZ – Za práva zvířat,Podporovat kastrační programy realizované soukromými organizacemi.,MOŽNÁ,"Konkrétní nástroj je pojmenovaný, jeho brněnský rozsah ale chybí.",Osobní celoměstské hlasování kandidátek nebylo doloženo.,Městské zastupitelstvo může změnit rozpočet a financovat městské služby. Konkrétní výdaj potřebuje schválení a opakované krytí v dalších letech.,"Je nutné určit počet výkonů, cenu a spolupráci s organizacemi; podpora není totéž co nový povinný režim pro všechny chovatele.",Registrovány jsou jen tři kandidátky: ani jejich zvolení nemůže samo vytvořit většinu v 55členném zastupitelstvu.,"Jde o nástroj, který lze financovat i bez zřizování nového útulku.","Místní plán, poskytovatelé a rozpočet.",https://dsz321.webnode.cz/news/prohlaseni-dsz-za-prava-zvirat-k-volbam-do-zastupitelstev-obci-se-seznamem-mist-na-kterych-podala-kandidatky/,komunální prohlášení 13. 8. 2026 – kastrační programy,e4f8e48e77fd9841,,2026-09-20
K11-01,11,B3!,"Prosadit třetí referendum o poloze hlavního nádraží, s cílem hlasování v roce 2028.",MOŽNÁ,Vyhlášení referenda a změna státní stavby jsou dva různé výsledky.,Starý program B3! není automaticky aktuálním programem 2026.,Místní referendum může zavázat město v jeho samostatné působnosti. Nemůže samo přikázat státu přesun železniční investice.,Přesné znění otázky musí odpovídat samostatné působnosti města. Stát není pouhým místním referendem zavázán změnit svůj projekt.,K vyhlášení referenda zastupitelstvem je třeba většina; existuje i občanská cesta. Počet budoucích mandátů B3! není doložen.,"Referendum o postoji a jednání města může mít smysl; není automaticky neplatné proto, že železnici staví stát.","Právně přípustná otázka, postup vyhlášení a vysvětlení důsledků obou odpovědí.",https://nasregion.cz/brnensky-spolek-chce-treti-referendum-o-poloze-nadrazi-zatim-ma-jen-zlomek-potrebnych-podpisu-445830/,zpráva 3. 9. 2026,950f39946cb6bdf8;a19e254790b698b5;9f15c393436e0c6f,Z9-18-088,2026-09-20
K12-01,12,Přísaha,Snížit cenu tepla pro obyvatele s trvalým pobytem o 15 %.,MOŽNÁ,"Sleva není doloženým tarifem a rozhodující je, kdo zaplatí rozdíl.",Závazek kampaně; není doložen realizovaný tarif ani nezávisle ověřené finanční krytí.,"Vlastnictví městských společností dává městu vliv, ale nenahrazuje rozhodování společnosti, investiční financování, soutěže ani cenová pravidla.",Teplárny pro rok 2026 oznámily zachování cen 2025. Slib pro občany s trvalým pobytem musí vyřešit nákladovou kalkulaci a způsob přenosu úlevy ke konkrétním domácnostem.,Bývalý primátor přináší zkušenost z vedení města; nový mandát a koaliční podporu z toho nelze odvodit.,Sleva či kompenzace není předem nemožná; dosavadní stabilní tarif však neprokazuje slibovaných 15 %.,"Kalkulace, právně ověřený mechanismus a finanční krytí slevy.",https://prisaha.cz/wp-content/uploads/2026/09/Volebni_program_Prisaha_Brno_TEMATA_CELISTVA-1.pdf,PDF – Energie,162b40e70de36f42;e4f8e48e77fd9841;92070caf8da6904e,,2026-09-20
K12-02,12,Přísaha,"Dokončit třetí kotel; kampaň tvrdí, že opakování soutěže způsobilo značnou škodu.",MOŽNÁ,Starší vedení města nedokazuje dnešní termín kotle a tvrzená škoda není výsledkem našeho auditu.,"Vybrané osobní hlasy dokládají postoj k tajné proceduře, nikoliv následnou tajnou volbu. Vedle toho je doloženo oznámení SAKO o uzavření realizační smlouvy.","Vlastnictví městských společností dává městu vliv, ale nenahrazuje rozhodování společnosti, investiční financování, soutěže ani cenová pravidla.","SAKO oznámilo podepsanou smlouvu za 5,4 mld. Kč a podporu z Modernizačního fondu; dřívější sdělení uvádělo květen 2028. Projekt tedy není jen volební nápad. Zbývá ověřit aktuální plnění harmonogramu a finanční rizika; oznámení firmy není nezávislý audit.",Bývalý primátor přináší zkušenost z vedení města; nový mandát a koaliční podporu z toho nelze odvodit.,"Tajné hlasování v roce 2023 nelze připsat Vokřálovi, který tehdy neměl mandát.",Aktuální milníky provádění podepsané smlouvy a finanční bilance; u tvrzené škody také porovnání obou zadání a alternativ.,https://prisaha.cz/wp-content/uploads/2026/09/Volebni_program_Prisaha_Brno_TEMATA_CELISTVA-1.pdf,PDF – Preambule a Energie,cad8eb04b0609826;88da08b32dbbccce;e4f8e48e77fd9841;92070caf8da6904e,Z9-11-007,2026-09-20
K12-03,12,Přísaha,Směřovat nájemné v městských bytech do pásma 20–35 % příjmů domácnosti.,MOŽNÁ,"Vokřál má doloženou zkušenost se sociálním bydlením, nikoliv se zavedením tohoto plošného příjmového pravidla.",Za Vokřálova primátorství se uskutečnil pilot Rapid Re-Housing pro 50 rodin; městská zpráva uvádí prodloužení smlouvy čtyřicáté rodině.,"Město může investovat do vlastního bydlení, rozhodovat o majetku a pravidlech; u svěřených bytů musí zapojit městské části. Soukromou výstavbu nemůže jednoduše nařídit.","Pásmo 20–35 % vyžaduje definici příjmu, pravidelnou kontrolu, postup při jeho změně a dohodu s městskými částmi. Financování oprav musí fungovat i při nižším nájemném.",Bývalý primátor přináší zkušenost z vedení města; nový mandát a koaliční podporu z toho nelze odvodit.,"Šlo o práci koalice, úřadu a partnerů, ne výlučný osobní výsledek primátora; jiný mechanismus neověřuje dnešní procenta.",Pravidla příjmového testu a model dopadu na bytový fond.,https://prisaha.cz/wp-content/uploads/2026/09/Volebni_program_Prisaha_Brno_TEMATA_CELISTVA-1.pdf,PDF – Bytová politika,2cb30b541c6fc59f;92070caf8da6904e;e4f8e48e77fd9841,,2026-09-20
K12-04,12,Přísaha,Investovat do rozvoje zoo alespoň 150 milionů Kč ročně.,MOŽNÁ,"Částka je měřitelná, ale není doloženo její víceleté krytí vedle dalších slibů.",Přímý osobní návrh nebo realizovaný výsledek odpovídající tomuto slibu nebyl v ověřeném výběru doložen; nejde o důkaz nečinnosti.,Městské zastupitelstvo může změnit rozpočet a financovat městské služby. Konkrétní výdaj potřebuje schválení a opakované krytí v dalších letech.,"Při čtyřech celých letech jde minimálně o 600 mil. Kč investic. To je prostý součin slibu, nikoliv nezávislý stavební rozpočet; provoz a parkování jsou další otázky.",Bývalý primátor přináší zkušenost z vedení města; nový mandát a koaliční podporu z toho nelze odvodit.,"Město může o podpoře své zoo rozhodovat; problém je doložení krytí a realizace, ne chybějící pravomoc.","Seznam investic, rozpočet a jejich soulad s celkovým finančním plánem.",https://prisaha.cz/wp-content/uploads/2026/09/Volebni_program_Prisaha_Brno_TEMATA_CELISTVA-1.pdf,PDF – ZOO,e4f8e48e77fd9841,,2026-09-20
K12-05,12,Přísaha,Financovat školní prevenci a na požádání školy dva poloviční úvazky pro sportovní a dva pro ostatní kroužky.,MOŽNÁ,"Financovat školní aktivity lze, slib ale musí určit počet škol a dlouhodobé mzdové náklady.",Odpovídající zavedený celoměstský nárok nebyl doložen.,Městské zastupitelstvo může změnit rozpočet a financovat městské služby. Konkrétní výdaj potřebuje schválení a opakované krytí v dalších letech.,"Program zmiňuje 1,5–2 mil. ročně na preventivní programy a pro každou žádající školu čtyři poloviční úvazky pro kroužky. Čtyři poloviční úvazky odpovídají dvěma plným na školu; celková cena není doložena.",Bývalý primátor přináší zkušenost z vedení města; nový mandát a koaliční podporu z toho nelze odvodit.,Město a městské části mají se školními programy zkušenost; automaticky však nevzniknou potřební pracovníci.,"Vyjasnění rozsahu preventivních grantů, počtu škol a ceny úvazků.",https://prisaha.cz/wp-content/uploads/2026/09/Volebni_program_Prisaha_Brno_TEMATA_CELISTVA-1.pdf,PDF s. 3 – Bezpečnost,e4f8e48e77fd9841,,2026-09-20
K13-01,13,BRNO NAPLNO,Zrušit poplatek za první rezidentní parkovací oprávnění.,MOŽNÁ,"Město může cenu změnit, ale bezplatné oprávnění nevytvoří parkovací místo.",Text upřesňuje první rezidentní oprávnění. Nelze jej rozšířit na parkování zdarma pro každého všude.,"Město ovlivňuje vlastní dopravu a její financování. Změny integrovaného tarifu, regionálních spojů a státních staveb vyžadují další partnery.","Rozhodující je výpadek příjmů a další financování systému. Slib se týká prvního rezidentního oprávnění, nikoliv návštěvnického parkování nebo zrušení zón.",Klára Liptáková dříve působila jako náměstkyně; letošní kandidátce nepřipisujeme hlasy celé bývalé koalice SPD a Trikolory.,Není správné rozšiřovat slib na parkování zdarma pro každého všude.,Finanční dopad a přesně schválený ceník.,https://brnonaplno.cz/assets/index-BE4L-4Vz.js,JS obsah stránky /parkovani,92070caf8da6904e;0f370d838d2a82a6,,2026-09-20
K13-02,13,BRNO NAPLNO,"Zrušit samostatný poplatek za komunální odpad; krýt službu rozpočtem, úsporami a městskými firmami.",MOŽNÁ,"Zrušení poplatku je politicky možné, náklady svozu ale musí přejít na jiný zdroj.",Nikdo ze současné listiny neměl v období 2022–2026 městský mandát. Hlasování tehdejší společné listiny SPD a Trikolory se sem nepřevádí.,Městské zastupitelstvo může změnit rozpočet a financovat městské služby. Konkrétní výdaj potřebuje schválení a opakované krytí v dalších letech.,Současná sazba je 900 Kč za rok s výjimkami. Nelze ji násobit všemi obyvateli bez zohlednění osvobození; příjem městské firmy také není automaticky volnou hotovostí města.,Klára Liptáková dříve působila jako náměstkyně; letošní kandidátce nepřipisujeme hlasy celé bývalé koalice SPD a Trikolory.,Služba může být financována z obecného rozpočtu; absence poplatku ji nedělá ekonomicky bezplatnou.,Vyčíslení skutečného výpadku a opakovaného krytí bez dvojího započítání úspor.,https://brnonaplno.cz/assets/index-BE4L-4Vz.js,JS obsah /odpady,ebf1698caaa4b1ce;e4f8e48e77fd9841,Z9-22-034,2026-09-20
K13-03,13,BRNO NAPLNO,"Veřejně prověřovat cenu, provoz, alternativy a přínos velkých investic.",MOŽNÁ,"Liptáková má starší doloženou zkušenost s expertizami, ale dnešní standard hodnocení investic není zavedený výsledek.",Jako první náměstkyně v roce 2015 Liptáková představovala závěry dvou objednaných právně-ekonomických expertiz privatizace.,"Zastupitel může přímo ovlivnit vlastní hlas. Změna městských pravidel, zadání auditu nebo zveřejňování dalších údajů potřebuje podporu příslušného orgánu.","Je potřeba vymezit práh investice, nezávislost posouzení, zveřejnění a práci s alternativami i provozními náklady.",Klára Liptáková dříve působila jako náměstkyně; letošní kandidátce nepřipisujeme hlasy celé bývalé koalice SPD a Trikolory.,Zakázka na expertizu k jinému problému není důkaz pravidelné kontroly všech velkých investic.,Závazná pravidla a první zveřejněná posouzení.,https://brnonaplno.cz/assets/index-BE4L-4Vz.js,JS obsah /finance,181504cb3366bfe7;e4f8e48e77fd9841,Z9-08-094;Z9-35-010,2026-09-20
K14-01,14,Nové Brno,Stavět 500 nových městských bytů ročně a neprodávat městské byty ani strategické pozemky.,MOŽNÁ,Odborná příprava území není doklad schopnosti každoročně dokončit tento objem bytů.,Přímý osobní návrh nebo realizovaný výsledek odpovídající tomuto slibu nebyl v ověřeném výběru doložen; nejde o důkaz nečinnosti.,"Město může investovat do vlastního bydlení, rozhodovat o majetku a pravidlech; u svěřených bytů musí zapojit městské části. Soukromou výstavbu nemůže jednoduše nařídit.","500 bytů za každý celý rok znamená za čtyři roky 2 000 bytů; jde o přepočet slibu, ne potvrzenou kapacitu. Je nutné určit projekty, cenu, povolení a dodavatele.","Působení v Kanceláři architekta města dokládá odbornou roli, nikoliv zkušenost se získáváním většiny v zastupitelstvu.",KAM zajišťuje odbornou přípravu; vydání územního plánu ani zkušenost architekta nejsou samy stavebním výsledkem.,"Roční plán dokončování, financování a rozlišení nových bytů od oprav.",https://www.nove-brno.cz/_files/ugd/fd2507_5c7431fbbc7840eea9ba1c5e9938068b.pdf,program PDF,bcabc7c6ac31af4e;92070caf8da6904e;e4f8e48e77fd9841,Z9-25-057;Z9-32-036,2026-09-20
K14-02,14,Nové Brno,Zahájit nové hlavní nádraží a přestavbu uzlu; rozvíjet tramvaje a připravit stavbu podzemní dráhy.,MOŽNÁ,"Zahájení odpovídá předpokládanému období státního projektu, jeho termín však město samo nezaručí.",Sedláček vedl Kancelář architekta města; doložená profesní role není osobní hlas v zastupitelstvu.,"Město připravuje své pozemky, území a návaznou MHD; železniční uzel připravuje Správa železnic. Samotná brněnská koalice nerozhodne o celé státní investici.",Program rozlišuje zahájení nádraží a přípravu podzemní dráhy; neslibuje hotové metro do roku 2030. U okruhu a železnice jsou nezbytní státní partneři.,"Působení v Kanceláři architekta města dokládá odbornou roli, nikoliv zkušenost se získáváním většiny v zastupitelstvu.",Spolupráce města se státem je skutečná kompetence; závislost na partnerovi není sama důvod pro NE.,Společné milníky investorů a městské financování návazných staveb.,https://www.nove-brno.cz/_files/ugd/fd2507_5c7431fbbc7840eea9ba1c5e9938068b.pdf,program PDF,950f39946cb6bdf8;1cde5a071f4d126b;950f39946cb6bdf8,Z9-18-088,2026-09-20
K14-03,14,Nové Brno,Během období dosáhnout ročního tempa výstavby 1 200 nových míst v bydlení pro seniory.,MOŽNÁ,"Číslo je výrazné, ale program neprokazuje souběžnou stavební a personální kapacitu.",Realizace této kapacity dnešními kandidáty nebyla doložena.,Městské zastupitelstvo může změnit rozpočet a financovat městské služby. Konkrétní výdaj potřebuje schválení a opakované krytí v dalších letech.,Tempa chce program dosáhnout během období. Bydlení pro seniory není automaticky lůžko pobytové sociální služby; tyto kapacity nelze míchat.,"Působení v Kanceláři architekta města dokládá odbornou roli, nikoliv zkušenost se získáváním většiny v zastupitelstvu.",Není slíbeno 1 200 dokončených míst hned v prvním roce.,"Rozdělení typů míst, seznam lokalit, financování a plán pracovníků.",https://www.nove-brno.cz/_files/ugd/fd2507_5c7431fbbc7840eea9ba1c5e9938068b.pdf,PDF s. 2 – Senioři a sociální péče,e4f8e48e77fd9841,,2026-09-20
K14-04,14,Nové Brno,"Postavit tři základní školy: Sadová, Trnitá a Zbrojovka.",MOŽNÁ,"Lokality jsou konkrétní, dokončení však vyžaduje projekty, peníze a spolupráci se zřizovateli.",Sedláček jako městský architekt veřejně podporoval soutěž na Sadovou už v roce 2022. Projekt tedy má starší přípravu; tento podklad nepotvrzuje dnešní stav povolení ani dokončení všech tří škol.,Městské zastupitelstvo může změnit rozpočet a financovat městské služby. Konkrétní výdaj potřebuje schválení a opakované krytí v dalších letech.,"Sadová, Trnitá a Zbrojovka jsou tři různé investice s vlastní připraveností. Je třeba oddělit otevření školy od zahájení stavby.","Působení v Kanceláři architekta města dokládá odbornou roli, nikoliv zkušenost se získáváním většiny v zastupitelstvu.",Konkrétní lokality umožňují budoucí kontrolu lépe než obecný slib více škol.,"Aktuální stav každé školy, termín otevření a smluvní financování.",https://www.nove-brno.cz/_files/ugd/fd2507_5c7431fbbc7840eea9ba1c5e9938068b.pdf,PDF s. 2 – Školství,6dee5553d4c4aded;e4f8e48e77fd9841,,2026-09-20
K14-05,14,Nové Brno,"Vytvořit podmínky pro 10 000 vysoce kvalifikovaných pracovních míst a přivést dva high-tech investory, každého s alespoň 500 místy.",MOŽNÁ,"Město může připravit podmínky, zaměstnání však vytvářejí také soukromí investoři.",Odpovídající zajištěné investice nejsou v tomto posouzení doložené.,Městské zastupitelstvo může změnit rozpočet a financovat městské služby. Konkrétní výdaj potřebuje schválení a opakované krytí v dalších letech.,Program požaduje i dva high-tech investory po nejméně 500 místech. Nová místa je třeba odlišit od přesunů firem; plnění závisí na ekonomice a náboru.,"Působení v Kanceláři architekta města dokládá odbornou roli, nikoliv zkušenost se získáváním většiny v zastupitelstvu.",Slib zní vytvořit podmínky; nepřepisujeme jej na zaměstnat 10 000 lidí přímo magistrátem.,"Dohody investorů, definice nového místa a městské kroky s termíny.",https://www.nove-brno.cz/_files/ugd/fd2507_5c7431fbbc7840eea9ba1c5e9938068b.pdf,PDF s. 1 – Ekonomika a inovace,e4f8e48e77fd9841,,2026-09-20
K15-01,15,TU! Piráti a Fakt Brno,Odmítnout lanovku do kampusu.,MOŽNÁ,"Podpora veřejného projednání ukazuje kontrolu projektu, nikoliv jeho zastavení.",Všichni tři nynější kandidáti s mandátem podpořili veřejné projednání analýz.,"Město ovlivňuje vlastní dopravu a její financování. Změny integrovaného tarifu, regionálních spojů a státních staveb vyžadují další partnery.","Vlastní nesouhlas mohou zastupitelé vyjádřit, zastavení projektu ale závisí na většině a existujících závazcích.","Zemek odmítá koalici s ANO, SPD a Motoristy; počet mandátů zbývajících partnerů není doložený.",Všichni tři podpořili veřejné projednání; tím se ale nerozhodovalo o výstavbě.,Přímý návrh a hlasování o dalším osudu projektu včetně nákladů změny.,https://www.tubrno.cz/aktuality/plan-jak-posunout-brno/,Doprava,92070caf8da6904e;0f370d838d2a82a6,Z9-19-005;Z9-19-006,2026-09-20
K15-02,15,TU! Piráti a Fakt Brno,Zastavit prodeje městských bytů a podporovat obecní i družstevní výstavbu.,MOŽNÁ,"Odpor k prodeji je doložený, výstavbu však nelze potvrdit jen hlasováním proti převodům.","Tři kandidáti byli proti prodeji Dornychu. U červnového výběru banky dva pro, jeden nepřítomen; u Mostecké 16 dva proti, jeden nepřítomen. V rozpravě Zemek odmítal vložení stávajícího domu jako skrytou privatizaci.","Město může investovat do vlastního bydlení, rozhodovat o majetku a pravidlech; u svěřených bytů musí zapojit městské části. Soukromou výstavbu nemůže jednoduše nařídit.","Podpora banky pro Kamenný vrch a odpor k vložení stávajícího domu Mostecká 16 do družstva jsou rozdílné postoje ke dvěma projektům, nikoliv nutně rozpor.","Zemek odmítá koalici s ANO, SPD a Motoristy; počet mandátů zbývajících partnerů není doložený.",U dvou červnových hlasování byl jeden ze tří kandidátů nepřítomen; jeho hlas nevymýšlíme.,Pravidla majetkové ochrany a financovaný plán výstavby.,https://www.tubrno.cz/aktuality/plan-jak-posunout-brno/,Bydlení,92070caf8da6904e;e4f8e48e77fd9841,Z9-25-057;Z9-32-036;Z9-36-071;Z9-36-073,2026-09-20
K15-03,15,TU! Piráti a Fakt Brno,Podporovat další kotel brněnské spalovny.,MOŽNÁ,Projekt už má podepsanou smlouvu; dokončení není nový nápad kampaně a samotné osobní zásluhy z tajné volby nepoznáme.,"Vybrané osobní hlasy dokládají postoj k tajné proceduře, nikoliv následnou tajnou volbu. Vedle toho je doloženo oznámení SAKO o uzavření realizační smlouvy.","Vlastnictví městských společností dává městu vliv, ale nenahrazuje rozhodování společnosti, investiční financování, soutěže ani cenová pravidla.","SAKO oznámilo podepsanou smlouvu za 5,4 mld. Kč a podporu z Modernizačního fondu; dřívější sdělení uvádělo květen 2028. Projekt tedy není jen volební nápad. Zbývá ověřit aktuální plnění harmonogramu a finanční rizika; oznámení firmy není nezávislý audit.","Zemek odmítá koalici s ANO, SPD a Motoristy; počet mandátů zbývajících partnerů není doložený.","Dva kandidáti hlasovali proti tajné proceduře, jeden nebyl přítomen; nejde o tři veřejné hlasy pro kotel.",Aktuální milníky provádění podepsané smlouvy a finanční bilance; u tvrzené škody také porovnání obou zadání a alternativ.,https://www.tubrno.cz/aktuality/plan-jak-posunout-brno/,Energetika a životní prostředí,cad8eb04b0609826;88da08b32dbbccce;e4f8e48e77fd9841;92070caf8da6904e,Z9-11-007,2026-09-20
K15-04,15,TU! Piráti a Fakt Brno,Stadion za Lužánkami má financovat soukromý investor; město má zajistit průhledný a právně čistý postup.,MOŽNÁ,"Podmíněná podpora a požadavek právně čistého postupu navazují na rozhodování, finální smluvní řešení ale není doloženo.",Přímý osobní návrh nebo realizovaný výsledek odpovídající tomuto slibu nebyl v ověřeném výběru doložen; nejde o důkaz nečinnosti.,Městské zastupitelstvo může změnit rozpočet a financovat městské služby. Konkrétní výdaj potřebuje schválení a opakované krytí v dalších letech.,"Soukromý investor neznamená nulové městské náklady; záleží na pozemcích, infrastruktuře a závazcích smluv.","Zemek odmítá koalici s ANO, SPD a Motoristy; počet mandátů zbývajících partnerů není doložený.",Podpora zjištění podmínek není automaticky souhlas s každou pozdější nabídkou.,Ověřené usnesení a konečná smlouva včetně rizik pro město.,https://www.tubrno.cz/aktuality/plan-jak-posunout-brno/,Sport,5097c0bac5a5fffc;e4f8e48e77fd9841,Z9-28-030;Z9-36-009,2026-09-20
K15-05,15,TU! Piráti a Fakt Brno,"Část příjmů z parkování vracet do lokalit, kde byly vybrány.",MOŽNÁ,"Rozpočtové pravidlo lze přijmout, ale nejsou určeny podíl a započítávané náklady.",Samostatný nový finanční mechanismus; z hlasu o celém rozpočtu jej nelze odvodit.,Městské zastupitelstvo může změnit rozpočet a financovat městské služby. Konkrétní výdaj potřebuje schválení a opakované krytí v dalších letech.,"Hrubé příjmy parkování nejsou částka volná po úhradě provozu. Mechanismus musí být slučitelný s výdaji, které dnes tyto peníze financují.","Zemek odmítá koalici s ANO, SPD a Motoristy; počet mandátů zbývajících partnerů není doložený.",Nejde o automatický zákonný nárok lokality; město však takové pravidlo může politicky prosadit.,"Jasný podíl, základ výpočtu a schválené rozdělení prostředků.",https://www.tubrno.cz/aktuality/plan-jak-posunout-brno/,Doprava – parkování,e4f8e48e77fd9841,,2026-09-20
K16-01,16,SPD a nezávislí,Zvýšit počet strážníků v brněnských ulicích.,MOŽNÁ,"Město může policii financovat, ale kampaň nedoložila počet nových lidí a plán náboru.",Mediálně zachycené vyjádření kandidáta. Celkový rozpočtový hlas není přímý hlas o tomto slibu.,Městské zastupitelstvo může změnit rozpočet a financovat městské služby. Konkrétní výdaj potřebuje schválení a opakované krytí v dalších letech.,"Personální kapacitu tvoří nábor, výcvik a udržení pracovníků, nejen schválená tabulková místa.",Kment a Prokeš mají osobní hlasovací historii; bez návrhu personálu a provozu nelze z jejich rozpočtových hlasů potvrdit tyto nové služby.,Celkový hlas o rozpočtu není hlas o tomto konkrétním navýšení.,"Počet strážníků ve směnách, mzdové krytí a harmonogram.",https://www.metro.cz/kraje/jihomoravsky-kraj/spd-se-chce-v-brne-zamerit-na-bezpecnost-ci-reseni-bezdomovectvi.A260831_181618_metro-brno-zpravy_air,zpráva o zahájení kampaně 31. 8. 2026,e4f8e48e77fd9841,,2026-09-20
K16-02,16,SPD a nezávislí,Postavit stacionář pro lidi bez domova podle inspirace ze Svitav.,MOŽNÁ,Inspirace jiným městem není hotový brněnský projekt ani financovaná služba.,Přímý osobní návrh nebo realizovaný výsledek odpovídající tomuto slibu nebyl v ověřeném výběru doložen; nejde o důkaz nečinnosti.,Městské zastupitelstvo může změnit rozpočet a financovat městské služby. Konkrétní výdaj potřebuje schválení a opakované krytí v dalších letech.,"Vedle stavby je třeba stanovit klienty, kapacitu, dobrovolnost služby, provozovatele a sociální pracovníky.",Kment a Prokeš mají osobní hlasovací historii; bez návrhu personálu a provozu nelze z jejich rozpočtových hlasů potvrdit tyto nové služby.,Město může sociální službu zřídit či podpořit; chybějící detaily nejsou důkaz její nemožnosti.,"Lokalita, kapacita, provozní pravidla a dlouhodobé financování.",https://www.metro.cz/kraje/jihomoravsky-kraj/spd-se-chce-v-brne-zamerit-na-bezpecnost-ci-reseni-bezdomovectvi.A260831_181618_metro-brno-zpravy_air,zpráva o zahájení kampaně 31. 8. 2026,e4f8e48e77fd9841,,2026-09-20
K16-03,16,SPD a nezávislí,Zřídit nepřetržité úklidové čety pro pořádek a čistotu města.,MOŽNÁ,"Nepřetržitý provoz je konkrétní závazek, ale chybí rozsah služby a směnový rozpočet.",Odpovídající osobní návrh či uskutečněný nepřetržitý provoz nebyl v podkladech ověřen.,Městské zastupitelstvo může změnit rozpočet a financovat městské služby. Konkrétní výdaj potřebuje schválení a opakované krytí v dalších letech.,"Je nutné určit území, počet čet, smluvního provozovatele a vztah ke stávajícímu úklidu města a částí.",Kment a Prokeš mají osobní hlasovací historii; bez návrhu personálu a provozu nelze z jejich rozpočtových hlasů potvrdit tyto nové služby.,Vyjádření zachytil zpravodajský zdroj; nejde o detailní vlastní program.,"Provozní model na 24 hodin, financování a pravidla dostupnosti.",https://www.metro.cz/kraje/jihomoravsky-kraj/spd-se-chce-v-brne-zamerit-na-bezpecnost-ci-reseni-bezdomovectvi.A260831_181618_metro-brno-zpravy_air,zahájení kampaně 31. 8. 2026 – vyjádření Jiřího Kmenta,e4f8e48e77fd9841,,2026-09-20
