id,url,kategorie,nazev,stazeno_utc,http_status,konecna_url,content_type,soubor,sha256,bajtu,stav,text,role_v_analyze,extrakce,pozadavkove_hlavicky
08614cda1a445d8c,https://tymbrno.cz/program/,kampan_2026,Volební program pro Brno 2026 | Tým pro Brno,2026-09-19T19:00:12Z,200,https://tymbrno.cz/program/,text/html,zdroje/08614cda1a445d8c.html,04257da451fe696880820c7c38deba09f51384ff73315f5e2332bc018ade7ce7,56730,ok,texty/08614cda1a445d8c.txt,Dohledaný zdroj; použití konkrétního tvrzení určuje kampane_2026_tvrzeni.csv,,
7a6b0de97db9da61,https://www.zelenebrno.cz/program/,kampan_2026,Zelené Brno – Program,2026-09-19T19:00:12Z,200,https://www.zelenebrno.cz/program/,text/html; charset=utf-8,zdroje/7a6b0de97db9da61.html,a0592d595868bf21cf681af2ef0fada39cf621af0ba1cc3252d9cacc06b5fa02,28472,ok,texty/7a6b0de97db9da61.txt,Dohledaný zdroj; použití konkrétního tvrzení určuje kampane_2026_tvrzeni.csv,,
efe3592adc38d279,https://www.tubrno.cz/aktuality/plan-jak-posunout-brno/,kampan_2026,"Plán, jak posunout Brno! - TU! Piráti a Fakt Brno",2026-09-19T19:00:12Z,200,https://www.tubrno.cz/aktuality/plan-jak-posunout-brno/,text/html; charset=UTF-8,zdroje/efe3592adc38d279.html,c8e6166a570a437fb68d74f1d9411d3a1560639c6c0ad52f57a751d49ee52eff,165466,ok,texty/efe3592adc38d279.txt,Dohledaný zdroj; použití konkrétního tvrzení určuje kampane_2026_tvrzeni.csv,,
82d11afa9ec6ce14,https://prisaha.cz/komunalni-volby/,kampan_2026,Přísaha – občanské hnutí,2026-09-19T19:00:13Z,200,https://prisaha.cz/komunalni-volby/,text/html; charset=UTF-8,zdroje/82d11afa9ec6ce14.html,3d83aacab3e1ae54e33d8fc2045a13d366ddf931fddb8f554518f630b67e216e,219718,ok,texty/82d11afa9ec6ce14.txt,Dohledaný zdroj; použití konkrétního tvrzení určuje kampane_2026_tvrzeni.csv,,
6e66f7dd268e0cd4,https://www.novinky.cz/p/vysledky-voleb/2026/komunalni-volby/obec/582786-brno/kandidati,kampan_2026,Volby 2026 a Brno - Kandidáti v komunálních volbách,2026-09-19T19:00:13Z,200,https://www.novinky.cz/p/vysledky-voleb/2026/komunalni-volby/obec/582786-brno/kandidati,text/html; charset=utf-8,zdroje/6e66f7dd268e0cd4.html,8a7e8006f9d873b7293354b89fb77780833f4b7d3e1971090f3a95453e6aa100,654597,ok,texty/6e66f7dd268e0cd4.txt,Dohledaný zdroj; použití konkrétního tvrzení určuje kampane_2026_tvrzeni.csv,,
663d7c0cd66ce1cc,https://www.ods.cz/os.brno-mesto/volby2026/komunalni,kampan_2026,Volby 2026 / Komunální volby – ODS – Občanská demokratická strana,2026-09-19T19:00:13Z,200,https://www.ods.cz/os.brno-mesto/volby2026/komunalni,text/html; charset=UTF-8,zdroje/663d7c0cd66ce1cc.html,203ed8f2f1e8c075ef3c57ab38d1b0b7ef512271402c955ec859ec171152105a,353932,ok,texty/663d7c0cd66ce1cc.txt,Dohledaný zdroj; použití konkrétního tvrzení určuje kampane_2026_tvrzeni.csv,,
2eee1ebacd8eddf1,https://www.volby.cz/opendata/kv2026/kv2026_opendata.htm,kampan_2026,Volby.gov.cz - Otevřená data pro volby do zastupitestev obcí 2026 - Český statistický úřad | ČSÚ,2026-09-19T19:00:13Z,200,https://volby.gov.cz/opendata/kv2026/kv2026_opendata.htm,text/html,zdroje/2eee1ebacd8eddf1.html,64416c94638260fcc90c5d47c87bcea71e6fcbc9384c0afa0e0cd0c56e1a0c6f,16410,ok,texty/2eee1ebacd8eddf1.txt,Dohledaný zdroj; použití konkrétního tvrzení určuje kampane_2026_tvrzeni.csv,,
385043a0f54904bb,https://www.nove-brno.cz/,kampan_2026,Nové Brno | komunální volby Brno 2026,2026-09-19T19:00:31Z,200,https://www.nove-brno.cz/,text/html; charset=UTF-8,zdroje/385043a0f54904bb.html,2cacd0d6c604663afa59d59b5a638a9dca1fe584ec90a54d63480b6a00493305,1098639,ok,texty/385043a0f54904bb.txt,Dohledaný zdroj; použití konkrétního tvrzení určuje kampane_2026_tvrzeni.csv,,
6440193d87ad61b9,https://www.starostove.cz/zastupitelstvo-mesta-brna,kampan_2026,Komunální volby do Zastupitelstva města Brna,2026-09-19T19:00:31Z,200,https://www.starostove.cz/zastupitelstvo-mesta-brna,text/html; charset=utf-8,zdroje/6440193d87ad61b9.html,b53953f84cdac6c35988ae0c3c6b9fcc500ff34a62c9adc7ee37978340024602,140913,ok,texty/6440193d87ad61b9.txt,Dohledaný zdroj; použití konkrétního tvrzení určuje kampane_2026_tvrzeni.csv,,
bf7e09132af473ae,https://volby.gov.cz/app/kv2026/cs/20261009/name-lists/%21_0_1_6200_6202_582786,kampan_2026,Volby do zastupitelstev obcí České republiky | volby.cz,2026-09-19T19:00:32Z,200,https://volby.gov.cz/app/kv2026/cs/20261009/name-lists/%21_0_1_6200_6202_582786,text/html,zdroje/bf7e09132af473ae.html,31c2eba20b01577ea741dda4cb58ea643cef956898d9e02ecbd4d78fc5d70caf,584,ok,texty/bf7e09132af473ae.txt,Dohledaný zdroj; použití konkrétního tvrzení určuje kampane_2026_tvrzeni.csv,,
dd3eda99a0a699f0,https://www.brno.cz/documents/20121/15138286/Losovani-do-ZMB-2026.pdf/cf92fcb2-3f91-e34f-b188-50e53115951d,kampan_2026,,2026-09-19T19:00:32Z,200,https://www.brno.cz/documents/20121/15138286/Losovani-do-ZMB-2026.pdf/cf92fcb2-3f91-e34f-b188-50e53115951d,application/pdf,zdroje/dd3eda99a0a699f0.pdf,b44b088ec6f029c1145d0bd3514566524c9b9bf48de0f905060d00536d66ccc3,165132,ok,texty/dd3eda99a0a699f0.txt,Dohledaný zdroj; použití konkrétního tvrzení určuje kampane_2026_tvrzeni.csv,ok,
bc367294a3a2b4cb,https://www.brnoklidem.cz/program/,kampan_2026,Program - Brnoklidem,2026-09-19T19:00:31Z,200,https://www.brnoklidem.cz/program/,text/html; charset=UTF-8,zdroje/bc367294a3a2b4cb.html,0a126cc70af2b3782664c69264e2027e3a4721513f7e4ffe03717b20d0ac7351,104683,ok,texty/bc367294a3a2b4cb.txt,Dohledaný zdroj; použití konkrétního tvrzení určuje kampane_2026_tvrzeni.csv,,
ac3bdecd898a2937,https://www.brnonejlepsiadresa.cz/,kampan_2026,Brno - nejlepší adresa,2026-09-19T19:01:26Z,200,https://www.brnonejlepsiadresa.cz/,text/html; charset=UTF-8,zdroje/ac3bdecd898a2937.html,a939b62d88217a89c90a87ecf3a66d1ad22ba8c6550a3be3d2d4ec9a574e0019,158910,ok,texty/ac3bdecd898a2937.txt,Dohledaný zdroj; použití konkrétního tvrzení určuje kampane_2026_tvrzeni.csv,,
bf1d45a61931b218,https://www.za-luzanky.cz/program,kampan_2026,Program | Za Lužánky,2026-09-19T19:01:27Z,200,https://www.za-luzanky.cz/program,text/html,zdroje/bf1d45a61931b218.html,eb9ce44da6ae2e74d7d4a361718003382973d53d80cd8ac34ae033c988841f04,168767,ok,texty/bf1d45a61931b218.txt,Dohledaný zdroj; použití konkrétního tvrzení určuje kampane_2026_tvrzeni.csv,,
73b68b4ff9d559e8,https://volby.gov.cz/opendata/kv2026/KV2026reg20260915_csv.zip,kampan_2026,,2026-09-19T19:01:26Z,200,https://volby.gov.cz/opendata/kv2026/KV2026reg20260915_csv.zip,application/zip,zdroje/73b68b4ff9d559e8.bin,cc1860670dfdcbc58a62492329510104e32a9abb3f5bc7238e0291948708e4b0,9313487,ok,,"Oficiální kandidátní registr ČSÚ, nikoliv sdělení kampaně",,
6f121ba1a42ad3a4,https://brnonaplno.cz/,kampan_2026,BRNO NAPLNO | Rozumné Brno bez zbytečných poplatků,2026-09-19T19:01:28Z,200,https://brnonaplno.cz/,text/html; charset=utf-8,zdroje/6f121ba1a42ad3a4.html,caeed4fa34fd9f0e2a8bbe48516f48795381a27378979413dcf24e21d1a7d137,1977,ok,texty/6f121ba1a42ad3a4.txt,Dohledaný zdroj; použití konkrétního tvrzení určuje kampane_2026_tvrzeni.csv,,
14cbab67c39146ed,https://www.spdbrno.cz/,kampan_2026,SPD Brno,2026-09-19T19:01:28Z,200,https://www.spdbrno.cz/,text/html,zdroje/14cbab67c39146ed.html,7a8c2a36af6ee67b68d49855c4f3e57544066b238bb5803956f9d7aebd25a2e5,68539,ok,texty/14cbab67c39146ed.txt,Starý obsah SPD 2022; nepoužit pro tvrzení 2026,,
b31cfa08ef916f6b,https://prisaha.cz/wp-content/uploads/2026/09/Volebni_program_Prisaha_Brno_TEMATA_CELISTVA-1.pdf,kampan_2026,,2026-09-19T19:01:28Z,200,https://prisaha.cz/wp-content/uploads/2026/09/Volebni_program_Prisaha_Brno_TEMATA_CELISTVA-1.pdf,application/pdf,zdroje/b31cfa08ef916f6b.pdf,dc01c5407935956c3e50f11dd3576e943eb72323742cbae00fe0ef7f6477c79b,246552,ok,texty/b31cfa08ef916f6b.txt,Dohledaný zdroj; použití konkrétního tvrzení určuje kampane_2026_tvrzeni.csv,ok,
3ec3abcabfe4cc6e,https://prisaha.cz/wp-content/uploads/2026/09/Tiskova_zprava_Prisaha_Brno_13_8_2026.pdf,kampan_2026,,2026-09-19T19:01:29Z,200,https://prisaha.cz/wp-content/uploads/2026/09/Tiskova_zprava_Prisaha_Brno_13_8_2026.pdf,application/pdf,zdroje/3ec3abcabfe4cc6e.pdf,7b09c3996f980e17078ceb392b90366f87d47653cc75c65f7603ba7dd2e7b989,255996,ok,texty/3ec3abcabfe4cc6e.txt,Dohledaný zdroj; použití konkrétního tvrzení určuje kampane_2026_tvrzeni.csv,ok,
a5c21a6ba96acdd7,https://www.brnoblizlidem.cz/plan-pro-brno/,kampan_2026,Plán pro Brno - brnoblizlidem.cz,2026-09-19T19:01:26Z,200,https://www.brnoblizlidem.cz/plan-pro-brno/,text/html; charset=UTF-8,zdroje/a5c21a6ba96acdd7.html,333f8aade577c59c3f8f9a9524421f2fab707c6b9a8023c4825a5df7385ff6cb,374307,ok,texty/a5c21a6ba96acdd7.txt,Dohledaný zdroj; použití konkrétního tvrzení určuje kampane_2026_tvrzeni.csv,,
10ee956abb50aa0e,https://www.restartprobrno.cz/,kampan_2026,RESTART PRO BRNO,2026-09-19T19:01:27Z,200,https://www.restartprobrno.cz/,text/html; charset=UTF-8,zdroje/10ee956abb50aa0e.html,fce60548e98bfba112c42f1d5c36abbe30f731e3b5bf82be4bb614b327fe56c0,172247,ok,texty/10ee956abb50aa0e.txt,Dohledaný zdroj; použití konkrétního tvrzení určuje kampane_2026_tvrzeni.csv,,
5e55775a11100fa9,https://www.zelenebrno.cz/wp-content/uploads/sites/123/2026/09/program/brno-do-detailu.pdf,kampan_2026,,2026-09-19T19:01:29Z,200,https://www.zelenebrno.cz/wp-content/uploads/sites/123/2026/09/program/brno-do-detailu.pdf,application/pdf,zdroje/5e55775a11100fa9.pdf,77d6d98de33b6f5038688eb087947ddfde1f269153a42eaad8b517256aa427a7,1199123,ok,texty/5e55775a11100fa9.txt,Dohledaný zdroj; použití konkrétního tvrzení určuje kampane_2026_tvrzeni.csv,ok,
46b0b1680eaf247b,https://www.nove-brno.cz/_files/ugd/fd2507_5c7431fbbc7840eea9ba1c5e9938068b.pdf,kampan_2026,,2026-09-19T19:01:30Z,200,https://adc29cde-4151-4858-ba28-07df6956ec36.filesusr.com/ugd/fd2507_5c7431fbbc7840eea9ba1c5e9938068b.pdf,application/pdf,zdroje/46b0b1680eaf247b.pdf,ace2f33471a19ae9c0c52175e214d7560f7ddc23bae846679bcff75a9e64d093,171068,ok,texty/46b0b1680eaf247b.txt,Dohledaný zdroj; použití konkrétního tvrzení určuje kampane_2026_tvrzeni.csv,ok,
745504fac9517dc9,https://motoristesobe.cz/motoriste-sobe-predstavili-lidry-pro-prahu-brno-a-ostravu-9573,kampan_2026,"Motoristé sobě představili lídry pro Prahu, Brno a Ostravu - Motoristé sobě",2026-09-19T19:02:41Z,200,https://motoristesobe.cz/motoriste-sobe-predstavili-lidry-pro-prahu-brno-a-ostravu-9573,text/html; charset=UTF-8,zdroje/745504fac9517dc9.html,c7e89a3f8de938a1b3926fbe75d53c2d3b5e27e89621085865689b42bac38af1,109216,ok,texty/745504fac9517dc9.txt,Dohledaný zdroj; použití konkrétního tvrzení určuje kampane_2026_tvrzeni.csv,,
35b44e8f185e7ebb,https://motoristesobe.cz/komunalni-volby,kampan_2026,Motoristé sobě,2026-09-19T19:02:41Z,200,https://motoristesobe.cz/komunalni-volby,text/html; charset=UTF-8,zdroje/35b44e8f185e7ebb.html,030ccf5b8adca05277ed16a700cec7c0d2e0611e0b58d91499cb65d6d7a93533,226689,ok,texty/35b44e8f185e7ebb.txt,Dohledaný zdroj; použití konkrétního tvrzení určuje kampane_2026_tvrzeni.csv,,
b52e58d8ce08ab8d,https://www.brno-b3.cz/,kampan_2026,B3! – Brno Brňankám a Brňanům,2026-09-19T19:02:41Z,200,https://www.brno-b3.cz/,text/html; charset=UTF-8,zdroje/b52e58d8ce08ab8d.html,f608a46db93444233cee2b5a70fd0f726dd7296bfa90728420b2edf182b8ed1e,133034,ok,texty/b52e58d8ce08ab8d.txt,Údržbová stránka B3!,,
57e6c35f1709e632,https://www.brno-b3.cz/program-pro-brno/,kampan_2026,Program pro Brno – B3! – Brno Brňankám a Brňanům,2026-09-19T19:02:42Z,200,https://www.brno-b3.cz/program-pro-brno/,text/html; charset=UTF-8,zdroje/57e6c35f1709e632.html,04bfeec2210a5e8a54f7cbfae9f774b09fa2d0531a12acfb4b8b72e697919cf0,131272,ok,texty/57e6c35f1709e632.txt,Stáří programu B3! neověřeno; nepoužit jako závazek 2026,,
f830a925cdc78ffe,https://www.brno-b3.cz/o-nas/,kampan_2026,O nás – B3! – Brno Brňankám a Brňanům,2026-09-19T19:02:42Z,200,https://www.brno-b3.cz/o-nas/,text/html; charset=UTF-8,zdroje/f830a925cdc78ffe.html,a032f5b1b60649367003280eedc858bb23c644cd2964ef435f006e90bd166396,147427,ok,texty/f830a925cdc78ffe.txt,Starší archiv B3!; pouze orientační,,
b0b7232944a526b8,https://www.metro.cz/kraje/jihomoravsky-kraj/spd-se-chce-v-brne-zamerit-na-bezpecnost-ci-reseni-bezdomovectvi.A260831_181618_metro-brno-zpravy_air,kampan_2026,SPD se chce v Brně zaměřit na bezpečnost či řešení bezdomovectví - Metro.cz,2026-09-19T19:02:43Z,200,https://www.metro.cz/kraje/jihomoravsky-kraj/spd-se-chce-v-brne-zamerit-na-bezpecnost-ci-reseni-bezdomovectvi.A260831_181618_metro-brno-zpravy_air,text/html; charset=windows-1250,zdroje/b0b7232944a526b8.html,96a0a6c961884b6264db152c4f0b5d10d6e8a787000eeda96af9ea3b59cc9d39,115404,ok,texty/b0b7232944a526b8.txt,Dohledaný zdroj; použití konkrétního tvrzení určuje kampane_2026_tvrzeni.csv,,
2f2cd4e0729b1211,https://socdem.cz/en/akt-aktuality/socialni-demokracie-jde-v-brne-znovu-do-boje/,kampan_2026,Sociální demokracie jde v Brně znovu do boje - Sociální demokracie,2026-09-19T19:02:43Z,200,https://socdem.cz/en/akt-aktuality/socialni-demokracie-jde-v-brne-znovu-do-boje/,text/html; charset=UTF-8,zdroje/2f2cd4e0729b1211.html,35052caaf3ac85d80d6774fcb8d1ff66d45c87771cc25d8fa7ba12d603197f79,115824,ok,texty/2f2cd4e0729b1211.txt,Dohledaný zdroj; použití konkrétního tvrzení určuje kampane_2026_tvrzeni.csv,,
911b21fa5dc6974d,https://www.restartprobrno.cz/volebni-program-doprava/,kampan_2026,Volební program – DOPRAVA – RESTART PRO BRNO,2026-09-19T19:02:44Z,200,https://www.restartprobrno.cz/volebni-program-doprava/,text/html; charset=UTF-8,zdroje/911b21fa5dc6974d.html,5230026e11e36fbea57f71ce8da28a40ab470ba10e6a976400b303dba95c4ee0,112791,ok,texty/911b21fa5dc6974d.txt,Dohledaný zdroj; použití konkrétního tvrzení určuje kampane_2026_tvrzeni.csv,,
7cd532f76333c653,https://www.restartprobrno.cz/volebni-program-bezpecnost/,kampan_2026,Volební program – BEZPEČNOST – RESTART PRO BRNO,2026-09-19T19:02:43Z,200,https://www.restartprobrno.cz/volebni-program-bezpecnost/,text/html; charset=UTF-8,zdroje/7cd532f76333c653.html,7ab1510fba877abe375340f74b862e55836879d64d196fefd98dbc1344b2a4e0,113344,ok,texty/7cd532f76333c653.txt,Dohledaný zdroj; použití konkrétního tvrzení určuje kampane_2026_tvrzeni.csv,,
2a6a7030b56079c9,https://www.restartprobrno.cz/volebni-program-bydleni/,kampan_2026,Volební program – BYDLENÍ – RESTART PRO BRNO,2026-09-19T19:02:43Z,200,https://www.restartprobrno.cz/volebni-program-bydleni/,text/html; charset=UTF-8,zdroje/2a6a7030b56079c9.html,9dadf0c9b68b68edf882a82c530bdf1fd3a2eaff3760c75a8f43918dd1819467,113164,ok,texty/2a6a7030b56079c9.txt,Dohledaný zdroj; použití konkrétního tvrzení určuje kampane_2026_tvrzeni.csv,,
0fad0c91e46486cb,https://www.restartprobrno.cz/volebni-program-socialni-oblast/,kampan_2026,Volební program – SOCIÁLNÍ OBLAST – RESTART PRO BRNO,2026-09-19T19:02:45Z,200,https://www.restartprobrno.cz/volebni-program-socialni-oblast/,text/html; charset=UTF-8,zdroje/0fad0c91e46486cb.html,376b9488c8da644dfd937da198f11489dccb1b5fe41ba4f69191d469e4880114,114153,ok,texty/0fad0c91e46486cb.txt,Dohledaný zdroj; použití konkrétního tvrzení určuje kampane_2026_tvrzeni.csv,,
82a03d7ea98dc49e,https://www.restartprobrno.cz/volebni-program-zdravotnictvi/,kampan_2026,Volební program – ZDRAVOTNICTVÍ – RESTART PRO BRNO,2026-09-19T19:02:45Z,200,https://www.restartprobrno.cz/volebni-program-zdravotnictvi/,text/html; charset=UTF-8,zdroje/82a03d7ea98dc49e.html,0c00b36ee9c0ba120e6629f507db27ad4be1059453ae745d5a8e0bb198c196a9,114295,ok,texty/82a03d7ea98dc49e.txt,Dohledaný zdroj; použití konkrétního tvrzení určuje kampane_2026_tvrzeni.csv,,
65c7f50b3ef3b543,https://www.restartprobrno.cz/volebni-program-skolstvi/,kampan_2026,Volební program – ŠKOLSTVÍ – RESTART PRO BRNO,2026-09-19T19:02:45Z,200,https://www.restartprobrno.cz/volebni-program-skolstvi/,text/html; charset=UTF-8,zdroje/65c7f50b3ef3b543.html,f72df50b898a3d47f04b3adddf647efee48a84d8fddec5400bab24bda0e1a573,113904,ok,texty/65c7f50b3ef3b543.txt,Dohledaný zdroj; použití konkrétního tvrzení určuje kampane_2026_tvrzeni.csv,,
b58121e5aab42833,https://www.restartprobrno.cz/volebni-program-kultura/,kampan_2026,Volební program – KULTURA – RESTART PRO BRNO,2026-09-19T19:02:46Z,200,https://www.restartprobrno.cz/volebni-program-kultura/,text/html; charset=UTF-8,zdroje/b58121e5aab42833.html,051e22d79b829bf6442337743e577e5c29c65ff00b54ed4fa31588403ffc18af,113464,ok,texty/b58121e5aab42833.txt,Dohledaný zdroj; použití konkrétního tvrzení určuje kampane_2026_tvrzeni.csv,,
dded86047c3a5efd,https://www.restartprobrno.cz/volebni-program-zivotni-prostredi/,kampan_2026,Volební program – ŽIVOTNÍ PROSTŘEDÍ – RESTART PRO BRNO,2026-09-19T19:02:46Z,200,https://www.restartprobrno.cz/volebni-program-zivotni-prostredi/,text/html; charset=UTF-8,zdroje/dded86047c3a5efd.html,c3caf798855da9f1c6caee49e2f01cc80aa45451ba567b3459cfd58bb0fe97de,113121,ok,texty/dded86047c3a5efd.txt,Dohledaný zdroj; použití konkrétního tvrzení určuje kampane_2026_tvrzeni.csv,,
70d6a4c7a2415dca,https://www.brnonejlepsiadresa.cz/cs/sbrnos-jako-krizovatka-ne-konecna,kampan_2026,"Program ODS, TOP 09 a nezávislí – kapitola",2026-09-19T19:04:20Z,200,https://www.brnonejlepsiadresa.cz/cs/sbrnos-jako-krizovatka-ne-konecna,text/html; charset=UTF-8,zdroje/70d6a4c7a2415dca.html,a67ddfad585502b671690cbbc904d4c3be5a2f10cbddeaf41805d18d07d53647,10083,ok,texty/70d6a4c7a2415dca.txt,Dohledaný zdroj; použití konkrétního tvrzení určuje kampane_2026_tvrzeni.csv,,{'X-Requested-With': 'XMLHttpRequest'}
1347ec23e98d4593,https://www.brnonejlepsiadresa.cz/cs/kultura-neni-tresnicka,kampan_2026,"Program ODS, TOP 09 a nezávislí – kapitola",2026-09-19T19:04:20Z,200,https://www.brnonejlepsiadresa.cz/cs/kultura-neni-tresnicka,text/html; charset=UTF-8,zdroje/1347ec23e98d4593.html,0c920714400247ded76c4c4d8ed399d90142c9a60c9cfa94b1d09f59e17d4c8b,4101,ok,texty/1347ec23e98d4593.txt,Dohledaný zdroj; použití konkrétního tvrzení určuje kampane_2026_tvrzeni.csv,,{'X-Requested-With': 'XMLHttpRequest'}
5c5302858902999b,https://www.brnonejlepsiadresa.cz/cs/bydlet-v-sbrnes-bez-dedictvi-po-tete,kampan_2026,"Program ODS, TOP 09 a nezávislí – kapitola",2026-09-19T19:04:21Z,200,https://www.brnonejlepsiadresa.cz/cs/bydlet-v-sbrnes-bez-dedictvi-po-tete,text/html; charset=UTF-8,zdroje/5c5302858902999b.html,a66834127ec4c01a378c9b8facb653de033cfded76e261ee1594d4081a39c262,9187,ok,texty/5c5302858902999b.txt,Dohledaný zdroj; použití konkrétního tvrzení určuje kampane_2026_tvrzeni.csv,,{'X-Requested-With': 'XMLHttpRequest'}
f1d03ce2b043c8d4,https://www.brnonejlepsiadresa.cz/cs/strom-neni-ideologie,kampan_2026,"Program ODS, TOP 09 a nezávislí – kapitola",2026-09-19T19:04:21Z,200,https://www.brnonejlepsiadresa.cz/cs/strom-neni-ideologie,text/html; charset=UTF-8,zdroje/f1d03ce2b043c8d4.html,10a54de84a02c0f2301f38c2be22ab988579c715ec31c909ac176429ef43d9fa,2316,ok,texty/f1d03ce2b043c8d4.txt,Dohledaný zdroj; použití konkrétního tvrzení určuje kampane_2026_tvrzeni.csv,,{'X-Requested-With': 'XMLHttpRequest'}
13445743a580864a,https://www.brnonejlepsiadresa.cz/cs/narodit-se-v-sbrnes,kampan_2026,"Program ODS, TOP 09 a nezávislí – kapitola",2026-09-19T19:04:22Z,200,https://www.brnonejlepsiadresa.cz/cs/narodit-se-v-sbrnes,text/html; charset=UTF-8,zdroje/13445743a580864a.html,81b64453ac4877df56ba178c818b6942e786f41d8dea3122e2bf72ba95eeaf35,8682,ok,texty/13445743a580864a.txt,Dohledaný zdroj; použití konkrétního tvrzení určuje kampane_2026_tvrzeni.csv,,{'X-Requested-With': 'XMLHttpRequest'}
423619bcb4b77436,https://www.brnonejlepsiadresa.cz/cs/dojet-zaparkovat-a-nezblaznit-se,kampan_2026,"Program ODS, TOP 09 a nezávislí – kapitola",2026-09-19T19:04:23Z,200,https://www.brnonejlepsiadresa.cz/cs/dojet-zaparkovat-a-nezblaznit-se,text/html; charset=UTF-8,zdroje/423619bcb4b77436.html,e63810cbf80bbcd8d410c8e6953cae5e5daa6706cd689bc95b427f59d2d37945,2628,ok,texty/423619bcb4b77436.txt,Dohledaný zdroj; použití konkrétního tvrzení určuje kampane_2026_tvrzeni.csv,,{'X-Requested-With': 'XMLHttpRequest'}
8019bbbb86943738,https://www.brnonejlepsiadresa.cz/cs/kdyz-mesto-boli,kampan_2026,"Program ODS, TOP 09 a nezávislí – kapitola",2026-09-19T19:04:23Z,200,https://www.brnonejlepsiadresa.cz/cs/kdyz-mesto-boli,text/html; charset=UTF-8,zdroje/8019bbbb86943738.html,01d4173e87067bc7271c374b9f7887e7f375d9c7966069d08af06204728709c7,2393,ok,texty/8019bbbb86943738.txt,Dohledaný zdroj; použití konkrétního tvrzení určuje kampane_2026_tvrzeni.csv,,{'X-Requested-With': 'XMLHttpRequest'}
e86b900dd8d395d8,https://www.brnonejlepsiadresa.cz/cs/ssports-neni-jen-stadion,kampan_2026,"Program ODS, TOP 09 a nezávislí – kapitola",2026-09-19T19:04:24Z,200,https://www.brnonejlepsiadresa.cz/cs/ssports-neni-jen-stadion,text/html; charset=UTF-8,zdroje/e86b900dd8d395d8.html,03b4e23774830314cc8e6ab3c8c164d6bd21c9fca8d84f59afe186bed064be11,3259,ok,texty/e86b900dd8d395d8.txt,Dohledaný zdroj; použití konkrétního tvrzení určuje kampane_2026_tvrzeni.csv,,{'X-Requested-With': 'XMLHttpRequest'}
22653cbda64ee511,https://www.brnonejlepsiadresa.cz/cs/skola-pro-vsechny,kampan_2026,"Program ODS, TOP 09 a nezávislí – kapitola",2026-09-19T19:04:25Z,200,https://www.brnonejlepsiadresa.cz/cs/skola-pro-vsechny,text/html; charset=UTF-8,zdroje/22653cbda64ee511.html,68370627f892abf13faeebd59a6545f8fef069c0508bace0924f671a69376c81,8831,ok,texty/22653cbda64ee511.txt,Dohledaný zdroj; použití konkrétního tvrzení určuje kampane_2026_tvrzeni.csv,,{'X-Requested-With': 'XMLHttpRequest'}
4f574281466bc799,https://www.brnonejlepsiadresa.cz/cs/sbrnos-mesto-inovaci,kampan_2026,"Program ODS, TOP 09 a nezávislí – kapitola",2026-09-19T19:04:25Z,200,https://www.brnonejlepsiadresa.cz/cs/sbrnos-mesto-inovaci,text/html; charset=UTF-8,zdroje/4f574281466bc799.html,3b07adcb5a96347e6f4304191315253edaac94eb322d98f21cb12ef013ae0eca,8773,ok,texty/4f574281466bc799.txt,Dohledaný zdroj; použití konkrétního tvrzení určuje kampane_2026_tvrzeni.csv,,{'X-Requested-With': 'XMLHttpRequest'}
3a2a930a5e7aa98f,https://www.brnonejlepsiadresa.cz/cs/zpracovani-a-ochrana-osobnich-udaju,kampan_2026,Zpracování a ochrana osobních údajů | Brno - nejlepší adresa,2026-09-19T19:03:00Z,200,https://www.brnonejlepsiadresa.cz/cs/zpracovani-a-ochrana-osobnich-udaju,text/html; charset=UTF-8,zdroje/3a2a930a5e7aa98f.html,14e4059f5700980cecc6ac337107dd2740efc122abb2cd98418cf09ed85d9c81,36825,ok,texty/3a2a930a5e7aa98f.txt,Dohledaný zdroj; použití konkrétního tvrzení určuje kampane_2026_tvrzeni.csv,,
21e4512b441a968a,https://www.zelenebrno.cz/program/dostupne-bydleni-a-vystavba/,kampan_2026,Zelené Brno – Dostupné bydlení a výstavba,2026-09-19T19:03:00Z,200,https://www.zelenebrno.cz/program/dostupne-bydleni-a-vystavba/,text/html; charset=utf-8,zdroje/21e4512b441a968a.html,79aa0d64fce373095a777ff74f414e9c56d1d82796d2ca037e0fabef107b98b6,54709,ok,texty/21e4512b441a968a.txt,Dohledaný zdroj; použití konkrétního tvrzení určuje kampane_2026_tvrzeni.csv,,
f7aebf9e211b72be,https://www.zelenebrno.cz/wp-content/uploads/sites/123/2026/09/program/brno-do-detailu.epub,kampan_2026,,2026-09-19T19:03:00Z,200,https://www.zelenebrno.cz/wp-content/uploads/sites/123/2026/09/program/brno-do-detailu.epub,application/epub+zip,zdroje/f7aebf9e211b72be.bin,174559a4ab89e990c1b0c7b14f9cc28b798f5c10c2d96511d23b1c395b2e0a91,2838431,ok,,Dohledaný zdroj; použití konkrétního tvrzení určuje kampane_2026_tvrzeni.csv,,
9d37f12bf9c84ce4,https://www.zelenebrno.cz/program/bezpecna-doprava/,kampan_2026,Zelené Brno – Bezpečná doprava,2026-09-19T19:03:00Z,200,https://www.zelenebrno.cz/program/bezpecna-doprava/,text/html; charset=utf-8,zdroje/9d37f12bf9c84ce4.html,03e55efac4ea29d0efe5042b49e7d903ee2571ae49555f148ce9febb3518c8d3,59241,ok,texty/9d37f12bf9c84ce4.txt,Dohledaný zdroj; použití konkrétního tvrzení určuje kampane_2026_tvrzeni.csv,,
45c9d8bbb1afe153,https://www.zelenebrno.cz/program/verejny-prostor-pro-lidi/,kampan_2026,Zelené Brno – Veřejný prostor pro lidi,2026-09-19T19:03:00Z,200,https://www.zelenebrno.cz/program/verejny-prostor-pro-lidi/,text/html; charset=utf-8,zdroje/45c9d8bbb1afe153.html,4ab38b9432cdd09a70941469ae3dd127079a85fad10fdc74c4dd0e58fef63f62,41908,ok,texty/45c9d8bbb1afe153.txt,Dohledaný zdroj; použití konkrétního tvrzení určuje kampane_2026_tvrzeni.csv,,
28a86e3bbad9c9b2,https://www.zelenebrno.cz/program/zelen-voda-a-stin-ve-meste/,kampan_2026,"Zelené Brno – Zeleň, voda a stín ve městě",2026-09-19T19:03:01Z,200,https://www.zelenebrno.cz/program/zelen-voda-a-stin-ve-meste/,text/html; charset=utf-8,zdroje/28a86e3bbad9c9b2.html,4b5a26d905b24b0da91f1d468660ae35014347ef2d382157ef4128b279b6b9aa,40312,ok,texty/28a86e3bbad9c9b2.txt,Dohledaný zdroj; použití konkrétního tvrzení určuje kampane_2026_tvrzeni.csv,,
fbddaf41882f1e43,https://www.zelenebrno.cz/program/energie-odpady-a-ciste-mesto/,kampan_2026,"Zelené Brno – Energie, odpady a čisté město",2026-09-19T19:03:01Z,200,https://www.zelenebrno.cz/program/energie-odpady-a-ciste-mesto/,text/html; charset=utf-8,zdroje/fbddaf41882f1e43.html,e8274a43368b076f7eca3375c55ff4ab37de9517fe9ec52ed6e1d24d6378304b,43953,ok,texty/fbddaf41882f1e43.txt,Dohledaný zdroj; použití konkrétního tvrzení určuje kampane_2026_tvrzeni.csv,,
39a75326c9bcf317,https://www.zelenebrno.cz/program/skoly-deti-rodiny-a-sport/,kampan_2026,"Zelené Brno – Školy, děti, rodiny a sport",2026-09-19T19:03:01Z,200,https://www.zelenebrno.cz/program/skoly-deti-rodiny-a-sport/,text/html; charset=utf-8,zdroje/39a75326c9bcf317.html,96c6bbe107c1713983f59f5e009605cb246d70262a157a3a00db17424d3b32ed,55736,ok,texty/39a75326c9bcf317.txt,Dohledaný zdroj; použití konkrétního tvrzení určuje kampane_2026_tvrzeni.csv,,
420fb78a30843361,https://www.zelenebrno.cz/program/pece-o-seniory-a-lidi-v-nouzi/,kampan_2026,Zelené Brno – Péče o seniory a lidi v nouzi,2026-09-19T19:03:01Z,200,https://www.zelenebrno.cz/program/pece-o-seniory-a-lidi-v-nouzi/,text/html; charset=utf-8,zdroje/420fb78a30843361.html,0678ed093a5d9d0e6d4720e9d19a7397ed4e81da8a600456ff5a376f4ffe4798,45345,ok,texty/420fb78a30843361.txt,Dohledaný zdroj; použití konkrétního tvrzení určuje kampane_2026_tvrzeni.csv,,
5b7bd9b9d69d90db,https://www.zelenebrno.cz/program/zdravi-bezpeci-a-krizova-pripravenost/,kampan_2026,"Zelené Brno – Zdraví, bezpečí a krizová připravenost",2026-09-19T19:03:01Z,200,https://www.zelenebrno.cz/program/zdravi-bezpeci-a-krizova-pripravenost/,text/html; charset=utf-8,zdroje/5b7bd9b9d69d90db.html,f50c41138cb41b1f75f836e17ef2065c2de57fe9ee8c356bbb6889e0a3010f95,39403,ok,texty/5b7bd9b9d69d90db.txt,Dohledaný zdroj; použití konkrétního tvrzení určuje kampane_2026_tvrzeni.csv,,
b1601a4c78eb08d6,https://www.zelenebrno.cz/program/otevrena-radnice-a-dobre-hospodareni/,kampan_2026,Zelené Brno – Otevřená radnice a dobré hospodaření,2026-09-19T19:03:01Z,200,https://www.zelenebrno.cz/program/otevrena-radnice-a-dobre-hospodareni/,text/html; charset=utf-8,zdroje/b1601a4c78eb08d6.html,4d65e7deea8c7433800185083f9fcaa7104f3c20fca85af6a9cd5de4616b40b6,44849,ok,texty/b1601a4c78eb08d6.txt,Dohledaný zdroj; použití konkrétního tvrzení určuje kampane_2026_tvrzeni.csv,,
52832ed3aa6702f0,https://www.zelenebrno.cz/program/mistni-ekonomika-a-zive-centrum/,kampan_2026,Zelené Brno – Místní ekonomika a živé centrum,2026-09-19T19:03:02Z,200,https://www.zelenebrno.cz/program/mistni-ekonomika-a-zive-centrum/,text/html; charset=utf-8,zdroje/52832ed3aa6702f0.html,2cac3706233226031b9a3e9c61acb96f34eb2173104012a8d8413e773a6dcc86,45655,ok,texty/52832ed3aa6702f0.txt,Dohledaný zdroj; použití konkrétního tvrzení určuje kampane_2026_tvrzeni.csv,,
ccd4efd6f84633c6,https://www.zelenebrno.cz/program/kultura-a-komunitni-zivot/,kampan_2026,Zelené Brno – Kultura a komunitní život,2026-09-19T19:03:02Z,200,https://www.zelenebrno.cz/program/kultura-a-komunitni-zivot/,text/html; charset=utf-8,zdroje/ccd4efd6f84633c6.html,92a6509dedc3a84dda1712ca80fd6d5677b384e88a365454411601687f502b36,43715,ok,texty/ccd4efd6f84633c6.txt,Dohledaný zdroj; použití konkrétního tvrzení určuje kampane_2026_tvrzeni.csv,,
75e78575bcb4f7b3,https://brnonaplno.cz/assets/index-BE4L-4Vz.js,kampan_2026,,2026-09-19T19:03:02Z,200,https://brnonaplno.cz/assets/index-BE4L-4Vz.js,application/javascript,zdroje/75e78575bcb4f7b3.bin,cfe3381f07ee14cf4adabbbde064ae948710000d1d78b3c74edba03107f480b0,538926,ok,,Program BRNO NAPLNO v JavaScriptu; pomocné řetězce v kampane-2026/brno_naplno_retezce.txt,,
e874095f7a61e95a,https://brnonaplno.cz/parkovani,kampan_2026,BRNO NAPLNO | Rozumné Brno bez zbytečných poplatků,2026-09-19T19:06:11Z,200,https://brnonaplno.cz/parkovani,text/html; charset=utf-8,zdroje/e874095f7a61e95a.html,caeed4fa34fd9f0e2a8bbe48516f48795381a27378979413dcf24e21d1a7d137,1977,ok,texty/e874095f7a61e95a.txt,Dohledaný zdroj; použití konkrétního tvrzení určuje kampane_2026_tvrzeni.csv,,
38f7f833c6fa3bf4,https://brnonaplno.cz/program,kampan_2026,BRNO NAPLNO | Rozumné Brno bez zbytečných poplatků,2026-09-19T19:06:11Z,200,https://brnonaplno.cz/program,text/html; charset=utf-8,zdroje/38f7f833c6fa3bf4.html,caeed4fa34fd9f0e2a8bbe48516f48795381a27378979413dcf24e21d1a7d137,1977,ok,texty/38f7f833c6fa3bf4.txt,Dohledaný zdroj; použití konkrétního tvrzení určuje kampane_2026_tvrzeni.csv,,
4892090c5cd130a8,https://www.idnes.cz/brno/zpravy/hlavni-nadrazi-poloha-brno-treti-referendum-sber-podpisu.A260831_095247_brno-zpravy_mos1,kampan_2026,Uskupení B3! chce třetí referendum o poloze nádraží v Brně - iDNES.cz,2026-09-19T19:06:11Z,200,https://www.idnes.cz/nastaveni-souhlasu?url=https%3A%2F%2Fwww.idnes.cz%2Fbrno%2Fzpravy%2Fhlavni-nadrazi-poloha-brno-treti-referendum-sber-podpisu.A260831_095247_brno-zpravy_mos1,text/html; charset=windows-1250,zdroje/4892090c5cd130a8.html,a5db57d8d9c5cfd5a7996338b90e8a8a59e5b8c07d790e4bdc162acfb9bd0174,23198,ok,texty/4892090c5cd130a8.txt,Souhlasová brána; článek není lokálně čitelný,,
74d75b52143b8ea7,https://brnonaplno.cz/odpady,kampan_2026,BRNO NAPLNO | Rozumné Brno bez zbytečných poplatků,2026-09-19T19:06:11Z,200,https://brnonaplno.cz/odpady,text/html; charset=utf-8,zdroje/74d75b52143b8ea7.html,caeed4fa34fd9f0e2a8bbe48516f48795381a27378979413dcf24e21d1a7d137,1977,ok,texty/74d75b52143b8ea7.txt,Dohledaný zdroj; použití konkrétního tvrzení určuje kampane_2026_tvrzeni.csv,,
99d31365e42a0c88,https://brnonaplno.cz/finance,kampan_2026,BRNO NAPLNO | Rozumné Brno bez zbytečných poplatků,2026-09-19T19:06:11Z,200,https://brnonaplno.cz/finance,text/html; charset=utf-8,zdroje/99d31365e42a0c88.html,caeed4fa34fd9f0e2a8bbe48516f48795381a27378979413dcf24e21d1a7d137,1977,ok,texty/99d31365e42a0c88.txt,Dohledaný zdroj; použití konkrétního tvrzení určuje kampane_2026_tvrzeni.csv,,
d719a868b3bfdf9b,https://dsz321.webnode.cz/news/prohlaseni-dsz-za-prava-zvirat-k-volbam-do-zastupitelstev-obci-se-seznamem-mist-na-kterych-podala-kandidatky/,kampan_2026,"Prohlášení DSZ - ZA PRÁVA ZVÍŘAT k volbám do zastupitelstev obcí - se seznamem míst, na kterých podala kandidátky :: DSZ",2026-09-19T19:07:28Z,200,https://dsz321.webnode.cz/news/prohlaseni-dsz-za-prava-zvirat-k-volbam-do-zastupitelstev-obci-se-seznamem-mist-na-kterych-podala-kandidatky/,text/html; charset=UTF-8,zdroje/d719a868b3bfdf9b.html,da9c8316d3e26083e3f9c91b04d0e5264ffb2f2e2a28ab9308f5dbe2db9aac8f,31674,ok,texty/d719a868b3bfdf9b.txt,Dohledaný zdroj; použití konkrétního tvrzení určuje kampane_2026_tvrzeni.csv,,
4c041d7221ac93e4,https://nasregion.cz/brnensky-spolek-chce-treti-referendum-o-poloze-nadrazi-zatim-ma-jen-zlomek-potrebnych-podpisu-445830/,kampan_2026,B3! referendum – Náš REGION / ČTK 3. 9. 2026,2026-09-19T19:17:42Z,200,https://nasregion.cz/brnensky-spolek-chce-treti-referendum-o-poloze-nadrazi-zatim-ma-jen-zlomek-potrebnych-podpisu-445830/,text/html; charset=UTF-8,zdroje/4c041d7221ac93e4.html,dd7278c786e3104820fa6a30e35c7bae543a5d86295d49c494cd7e06d56f20d0,284376,ok,texty/4c041d7221ac93e4.txt,Dohledaný zdroj; použití konkrétního tvrzení určuje kampane_2026_tvrzeni.csv,,
