osoba_id,jmeno,jmeno_2022,tituly_2022,nyni_zastupitel,kandidatka_2022,cislo_listiny_2022,poradi_na_listine,osobni_hlasy_2022,zvolen_2022,poradi_nahradnika_2022,mandat_od,mandat_do,zdroj_nastupu,zdroj_odchodu,funkce_nyni,klub_web_2026_09_18,profil_url,poznamka
jiri-oliva,Jiří Oliva,Jiří Oliva,JUDr.,ano,ČSSD VAŠI STAROSTOVÉ,1,1,8407,ano,0,2022-09-24,,1372236db3bb163f,,uvolněný člen RMB pro majetek,,https://www.brno.cz/w/jiri-oliva,
marek-viskot,Marek Viskot,Marek Viskot,Mgr.,ano,ČSSD VAŠI STAROSTOVÉ,1,3,7988,ano,0,2022-09-24,,1372236db3bb163f,,neuvolnění členové ZMB,,https://www.brno.cz/w/marek-viskot,
bretislav-stefan,Břetislav Štefan,Břetislav Štefan,Mgr.,ano,ČSSD VAŠI STAROSTOVÉ,1,6,8028,ano,0,2022-09-24,,1372236db3bb163f,,neuvolnění členové ZMB,,https://www.brno.cz/w/bretislav-stefan,
marek-lahoda,Marek Lahoda,Marek Lahoda,Mgr.,ano,Česká pirátská strana,3,1,9578,ano,0,2022-09-24,,1372236db3bb163f,,neuvolnění členové ZMB,Česká pirátská strana,https://www.brno.cz/w/marek-lahoda,
monika-lukasova-spilkova,Monika Lukášová Spilková,Monika Lukášová Spilková,Mgr. Ph.D.,ano,Česká pirátská strana,3,2,8981,ano,0,2022-09-24,,1372236db3bb163f,,neuvolnění členové ZMB,Česká pirátská strana,https://www.brno.cz/w/monika-lukasova-spilkova,
adam-zemek,Adam Zemek,Adam Zemek,Mgr.,ano,Česká pirátská strana,3,3,8849,ano,0,2022-09-24,,1372236db3bb163f,,neuvolnění členové ZMB,Česká pirátská strana,https://www.brno.cz/w/adam-zemek,
tomas-kolacny,Tomáš Koláčný,Tomáš Koláčný,Bc.,ano,Česká pirátská strana,3,4,8843,ano,0,2022-09-24,,1372236db3bb163f,,neuvolnění členové ZMB,,https://www.brno.cz/w/tomas-kolacny,
jana-drapalova,Jana Drápalová,Jana Drápalová,Ing.,ano,Zelení a Žít Brno s podporou Idealistů,4,1,9149,ano,0,2022-09-24,,1372236db3bb163f,,neuvolnění členové ZMB,Zelení a Žít Brno s podpor. Id,https://www.brno.cz/w/jana-drapalova,
matej-hollan,Matěj Hollan,Matěj Hollan,Bc.,ne,Zelení a Žít Brno s podporou Idealistů,4,2,7728,ano,0,2022-09-24,2026-01-06,1372236db3bb163f,f2d978b02f87f5fa,Mandát ukončen,,,
matous-vencalek,Matouš Vencálek,Matouš Vencálek,Mgr.,ano,Zelení a Žít Brno s podporou Idealistů,4,3,7348,ne,1,2026-01-07,,f2d978b02f87f5fa,,neuvolnění členové ZMB,Zelení a Žít Brno s podpor. Id,https://www.brno.cz/w/matous-vencalek,
jasna-flamikova,Jasna Flamiková,Jasna Flamiková,Mgr.,ano,Zelení a Žít Brno s podporou Idealistů,4,4,7670,ano,0,2022-09-24,,1372236db3bb163f,,neuvolnění členové ZMB,Zelení a Žít Brno s podpor. Id,https://www.brno.cz/w/jasna-flamikova,
petr-hladik,Petr Hladík,Petr Hladík,Mgr.,ano,Lidovci a Starostové (KDU-ČSL + Starostové a nezávislí),5,1,23091,ano,0,2022-09-24,,1372236db3bb163f,,neuvolnění členové ZMB,Lidovci a Starostové,https://www.brno.cz/w/petr-hladik,
irena-matonohova,Irena Matonohová,Irena Matonohová,JUDr.,ano,Lidovci a Starostové (KDU-ČSL + Starostové a nezávislí),5,2,20307,ano,0,2022-09-24,,1372236db3bb163f,,uvolněná členka RMB pro školství,Lidovci a Starostové,https://www.brno.cz/w/irena-matonohova,
filip-leder,Filip Leder,Filip Leder,Mgr.,ano,Lidovci a Starostové (KDU-ČSL + Starostové a nezávislí),5,3,20393,ano,0,2022-09-24,,1372236db3bb163f,,neuvolnění členové ZMB,Lidovci a Starostové,https://www.brno.cz/w/filip-leder,
michal-marek,Michal Marek,Michal Marek,JUDr.,ano,Lidovci a Starostové (KDU-ČSL + Starostové a nezávislí),5,4,20361,ano,0,2022-09-24,,1372236db3bb163f,,neuvolnění členové ZMB,Lidovci a Starostové,https://www.brno.cz/w/michal-marek,
jakub-hruska,Jakub Hruška,Jakub Hruška,Bc.,ano,Lidovci a Starostové (KDU-ČSL + Starostové a nezávislí),5,5,20189,ano,0,2022-09-24,,1372236db3bb163f,,neuvolnění členové ZMB,Lidovci a Starostové,https://www.brno.cz/w/jakub-hruska,
radomir-vondra,Radomír Vondra,Radomír Vondra,,ano,Lidovci a Starostové (KDU-ČSL + Starostové a nezávislí),5,6,19859,ano,0,2022-09-24,,1372236db3bb163f,,neuvolnění členové ZMB,Lidovci a Starostové,https://www.brno.cz/w/radomir-vondra,
filip-chvatal,Filip Chvátal,Filip Chvátal,RNDr. Ph.D.,ano,Lidovci a Starostové (KDU-ČSL + Starostové a nezávislí),5,7,20117,ano,0,2022-09-24,,1372236db3bb163f,,náměstek primátorky,Lidovci a Starostové,https://www.brno.cz/w/filip-chvatal,
petra-quittova,Petra Quittová,Petra Quittová,Bc.,ne,Lidovci a Starostové (KDU-ČSL + Starostové a nezávislí),5,8,19868,ano,0,2022-09-24,2022-10-19,1372236db3bb163f,36036d38da50510d,Mandát ukončen,,,
jitka-ivicicova,Jitka Ivičičová,Jitka Ivičičová,Mgr.,ne,Lidovci a Starostové (KDU-ČSL + Starostové a nezávislí),5,9,19978,ano,0,2022-09-24,2024-01-24,1372236db3bb163f,5a74db678622bb0b,Mandát ukončen,,,
martin-malecek,Martin Maleček,Martin Maleček,Mgr.,ano,Lidovci a Starostové (KDU-ČSL + Starostové a nezávislí),5,10,20292,ano,0,2022-09-24,,1372236db3bb163f,,neuvolnění členové ZMB,Lidovci a Starostové,https://www.brno.cz/w/martin-malecek,
jaroslav-suchy,Jaroslav Suchý,Jaroslav Suchý,Mgr.,ano,Lidovci a Starostové (KDU-ČSL + Starostové a nezávislí),5,11,19895,ne,1,2022-10-20,,36036d38da50510d,,neuvolnění členové ZMB,Lidovci a Starostové,https://www.brno.cz/w/jaroslav-suchy,
petr-borecky-1,Petr Bořecký,Petr Bořecký,,ano,Lidovci a Starostové (KDU-ČSL + Starostové a nezávislí),5,15,19647,ne,5,2024-01-25,,198b605f95c9e2a9,,uvolněný člen RMB pro participaci,Lidovci a Starostové,https://www.brno.cz/w/petr-borecky-1,Odlišná osoba od druhého Petra Bořeckého; rozlišuje se kandidátkou a titulem.
tomas-skricka,Tomáš Skřička,Tomáš Skřička,doc. MUDr. CSc.,ano,"SPD, TRIKOLORA, MORAVANÉ a nezávislí",7,1,11892,ano,0,2022-09-24,,1372236db3bb163f,,"uvolněný člen ZMB, předseda KV ZMB","SPD, TRIKOLORA, MORAVANÉ a NK",https://www.brno.cz/w/tomas-skricka,
tomas-anderle,Tomáš Anderle,Tomáš Anderle,"Mgr. Bc. MBA, LL.M.",ano,"SPD, TRIKOLORA, MORAVANÉ a nezávislí",7,2,11569,ano,0,2022-09-24,,1372236db3bb163f,,neuvolnění členové ZMB,"SPD, TRIKOLORA, MORAVANÉ a NK",https://www.brno.cz/w/tomas-anderle,
jiri-kment,Jiří Kment,Jiří Kment,Bc.,ano,"SPD, TRIKOLORA, MORAVANÉ a nezávislí",7,3,11443,ano,0,2022-09-24,,1372236db3bb163f,,neuvolnění členové ZMB,"SPD, TRIKOLORA, MORAVANÉ a NK",https://www.brno.cz/w/jiri-kment,
petr-levicek,Petr Levíček,Petr Levíček,MBA,ano,"SPD, TRIKOLORA, MORAVANÉ a nezávislí",7,4,11295,ano,0,2022-09-24,,1372236db3bb163f,,neuvolnění členové ZMB,Brnoklidem a nezávislí zastupitelé,https://www.brno.cz/w/petr-levicek,
leos-prokes,Leoš Prokeš,Leoš Prokeš,MBA,ano,"SPD, TRIKOLORA, MORAVANÉ a nezávislí",7,5,11265,ano,0,2022-09-24,,1372236db3bb163f,,neuvolnění členové ZMB,"SPD, TRIKOLORA, MORAVANÉ a NK",https://www.brno.cz/w/leos-prokes,
blanka-borovska,Blanka Borovská,Blanka Borovská,Mgr. Bc.,ano,"SPD, TRIKOLORA, MORAVANÉ a nezávislí",7,6,11264,ano,0,2022-09-24,,1372236db3bb163f,,neuvolnění členové ZMB,"SPD, TRIKOLORA, MORAVANÉ a NK",https://www.brno.cz/w/blanka-borovska,
rene-cerny,René Černý,René Černý,Mgr.,ano,ANO 2011,8,1,23785,ano,0,2022-09-24,,1372236db3bb163f,,I. náměstek primátorky,Brnoklidem a nezávislí zastupitelé,https://www.brno.cz/w/rene-cerny,
karin-podivinska-karasova,Karin Podivinská Karasová,Karin Karasová,Ing.,ano,ANO 2011,8,2,23835,ano,0,2022-09-24,,1372236db3bb163f,,náměstkyně primátorky,Brnoklidem a nezávislí zastupitelé,https://www.brno.cz/w/karin-podivinska-karasova,V roce 2022 kandidovala pod příjmením Karasová.
petr-borecky,Petr Bořecký,Petr Bořecký,Ing. arch.,ano,ANO 2011,8,3,23832,ano,0,2022-09-24,,1372236db3bb163f,,uvolněný člen RMB pro územní plánování,Brnoklidem a nezávislí zastupitelé,https://www.brno.cz/w/petr-borecky,Odlišná osoba od druhého Petra Bořeckého; rozlišuje se kandidátkou a titulem.
katerina-jarosova,Kateřina Jarošová,Kateřina Jarošová,Bc. MBA,ano,ANO 2011,8,4,23714,ano,0,2022-09-24,,1372236db3bb163f,,uv. členka ZMB pro oblast marketingu a PR,Brnoklidem a nezávislí zastupitelé,https://www.brno.cz/w/katerina-jarosova,
vit-prygl,Vít Prýgl,Vít Prýgl,,ano,ANO 2011,8,5,23488,ano,0,2022-09-24,,1372236db3bb163f,,neuvolnění členové ZMB,Brnoklidem a nezávislí zastupitelé,https://www.brno.cz/w/vit-prygl,
rene-novotny,René Novotný,René Novotný,Mgr.,ano,ANO 2011,8,6,23684,ano,0,2022-09-24,,1372236db3bb163f,,neuvolnění členové ZMB,ANO 2011,https://www.brno.cz/w/rene-novotny,
pavel-kriz,Pavel Kříž,Pavel Kříž,Ing. Ph.D.,ano,ANO 2011,8,7,23444,ano,0,2022-09-24,,1372236db3bb163f,,neuvolnění členové ZMB,Brnoklidem a nezávislí zastupitelé,https://www.brno.cz/w/pavel-kriz,
miroslav-kubasek,Miroslav Kubásek,Miroslav Kubásek,RNDr. Ph.D.,ano,ANO 2011,8,8,23365,ano,0,2022-09-24,,1372236db3bb163f,,neuvolnění členové ZMB,ANO 2011,https://www.brno.cz/w/miroslav-kubasek,
petr-bauer,Petr Bauer,Petr Bauer,,ne,ANO 2011,8,9,23228,ano,0,2022-09-24,2024-09-04,1372236db3bb163f,d463791875738ed0,Mandát ukončen,,,
karel-kalivoda,Karel Kalivoda,Karel Kalivoda,Ing.,ano,ANO 2011,8,10,23301,ano,0,2022-09-24,,1372236db3bb163f,,neuvolnění členové ZMB,Brnoklidem a nezávislí zastupitelé,https://www.brno.cz/w/karel-kalivoda,
daniel-struz,Daniel Struž,Daniel Struž,Ing. MBA,ano,ANO 2011,8,11,23234,ano,0,2022-09-24,,1372236db3bb163f,,neuvolnění členové ZMB,Brnoklidem a nezávislí zastupitelé,https://www.brno.cz/w/daniel-struz,
alena-gruberova,Alena Gruberová,Alena Gruberová,MUDr.,ano,ANO 2011,8,12,23309,ano,0,2022-09-24,,1372236db3bb163f,,neuvolnění členové ZMB,Brnoklidem a nezávislí zastupitelé,https://www.brno.cz/w/alena-gruberova,
pavel-outrata,Pavel Outrata,Pavel Outrata,Mgr.,ano,ANO 2011,8,13,23233,ano,0,2022-09-24,,1372236db3bb163f,,neuvolnění členové ZMB,ANO 2011,https://www.brno.cz/w/pavel-outrata,
tomas-hejl,Tomáš Hejl,Tomáš Hejl,,ne,ANO 2011,8,16,23192,ne,3,2024-09-05,2025-05-26,7a2e7987609bcbd0,1ac7d00d7789f14d,Mandát ukončen,,,
sabina-benesova,Sabina Benešová,Sabina Benešová,"Bc. DiS., LL.M.",ano,ANO 2011,8,17,23148,ne,4,2025-05-27,,1ac7d00d7789f14d,,neuvolnění členové ZMB,Brnoklidem a nezávislí zastupitelé,https://www.brno.cz/w/sabina-benesova,
marketa-vankova,Markéta Vaňková,Markéta Vaňková,JUDr.,ano,SPOLEČNĚ - ODS a TOP 09,11,1,31167,ano,0,2022-09-24,,1372236db3bb163f,,Primátorka města Brna,SPOLEČNĚ - ODS a TOP 09,https://www.brno.cz/w/marketa-vankova,
anna-putnova,Anna Putnová,Anna Putnová,"doc. RNDr. Ph.D., MBA",ano,SPOLEČNĚ - ODS a TOP 09,11,2,29339,ano,0,2022-09-24,,1372236db3bb163f,,uv. členka ZMB pro oblast inovací a spolupráce s výzk. organizacemi,SPOLEČNĚ - ODS a TOP 09,https://www.brno.cz/w/anna-putnova,
robert-kerndl,Robert Kerndl,Robert Kerndl,JUDr.,ano,SPOLEČNĚ - ODS a TOP 09,11,3,29026,ano,0,2022-09-24,,1372236db3bb163f,,náměstek primátorky,SPOLEČNĚ - ODS a TOP 09,https://www.brno.cz/w/robert-kerndl,
libor-zabransky-1,Libor Zábranský,Libor Zábranský,,ano,SPOLEČNĚ - ODS a TOP 09,11,4,29716,ano,0,2022-09-24,,1372236db3bb163f,,neuvolnění členové ZMB,SPOLEČNĚ - ODS a TOP 09,https://www.brno.cz/w/libor-zabransky-1,
petr-kratochvil,Petr Kratochvíl,Petr Kratochvíl,Ing.,ano,SPOLEČNĚ - ODS a TOP 09,11,5,28905,ano,0,2022-09-24,,1372236db3bb163f,,uvolněný člen RMB pro dopravu a městských účastí,SPOLEČNĚ - ODS a TOP 09,https://www.brno.cz/w/petr-kratochvil,
jiri-herman,Jiří Herman,Jiří Herman,RNDr. Ph.D.,ano,SPOLEČNĚ - ODS a TOP 09,11,6,29185,ano,0,2022-09-24,,1372236db3bb163f,,neuvolnění členové ZMB,SPOLEČNĚ - ODS a TOP 09,https://www.brno.cz/w/jiri-herman,
tomas-aberl,Tomáš Aberl,Tomáš Aberl,Bc.,ano,SPOLEČNĚ - ODS a TOP 09,11,7,28701,ano,0,2022-09-24,,1372236db3bb163f,,uvolněný člen RMB pro sport a informační technologie,SPOLEČNĚ - ODS a TOP 09,https://www.brno.cz/w/tomas-aberl,
andrea-pazderova,Andrea Pazderová,Andrea Pazderová,Ing.,ano,SPOLEČNĚ - ODS a TOP 09,11,8,28750,ano,0,2022-09-24,,1372236db3bb163f,,neuvolnění členové ZMB,SPOLEČNĚ - ODS a TOP 09,https://www.brno.cz/w/andrea-pazderova,
david-grund,David Grund,David Grund,Ing.,ano,SPOLEČNĚ - ODS a TOP 09,11,9,28718,ano,0,2022-09-24,,1372236db3bb163f,,neuvolnění členové ZMB,SPOLEČNĚ - ODS a TOP 09,https://www.brno.cz/w/david-grund,
vladan-krasny,Vladan Krásný,Vladan Krásný,Mgr.,ano,SPOLEČNĚ - ODS a TOP 09,11,10,28651,ano,0,2022-09-24,,1372236db3bb163f,,neuvolnění členové ZMB,SPOLEČNĚ - ODS a TOP 09,https://www.brno.cz/w/vladan-krasny,
david-trllo,David Trllo,David Trllo,Ing.,ano,SPOLEČNĚ - ODS a TOP 09,11,11,28515,ano,0,2022-09-24,,1372236db3bb163f,,neuvolnění členové ZMB,SPOLEČNĚ - ODS a TOP 09,https://www.brno.cz/w/david-trllo,
pavel-urubek,Pavel Urubek,Pavel Urubek,Ing.,ano,SPOLEČNĚ - ODS a TOP 09,11,12,28519,ano,0,2022-09-24,,1372236db3bb163f,,neuvolnění členové ZMB,SPOLEČNĚ - ODS a TOP 09,https://www.brno.cz/w/pavel-urubek,
michal-chladek,Michal Chládek,Michal Chládek,JUDr. MBA,ano,SPOLEČNĚ - ODS a TOP 09,11,13,28434,ano,0,2022-09-24,,1372236db3bb163f,,neuvolnění členové ZMB,SPOLEČNĚ - ODS a TOP 09,https://www.brno.cz/w/michal-chladek,
martin-priborsky,Martin Příborský,Martin Příborský,JUDr. PhDr. EMLE,ano,SPOLEČNĚ - ODS a TOP 09,11,14,28597,ano,0,2022-09-24,,1372236db3bb163f,,"uv. člen ZMB pro oblast strateg. rozvoje, metropolitní spolupráce a ITI",SPOLEČNĚ - ODS a TOP 09,https://www.brno.cz/w/martin-priborsky,
kristyna-cerna,Kristýna Černá,Kristýna Černá,,ne,SPOLEČNĚ - ODS a TOP 09,11,15,28466,ano,0,2022-09-24,2026-03-31,1372236db3bb163f,75ba75c42ae44f62,Mandát ukončen,,,
dagmar-seidlova,Dagmar Seidlová,Dagmar Seidlová,MUDr. Ph.D.,ano,SPOLEČNĚ - ODS a TOP 09,11,16,28652,ano,0,2022-09-24,,1372236db3bb163f,,neuvolněná členka ZMB pro plnění úkolů v oblasti zdravotnictví,SPOLEČNĚ - ODS a TOP 09,https://www.brno.cz/w/dagmar-seidlova,
pavel-jankuj,Pavel Jankůj,Pavel Jankůj,Ing.,ano,SPOLEČNĚ - ODS a TOP 09,11,17,28302,ne,1,2026-04-01,,75ba75c42ae44f62,,neuvolnění členové ZMB,SPOLEČNĚ - ODS a TOP 09,https://www.brno.cz/w/pavel-jankuj,
