projekt_url,datum,nazev,url
https://cobude.brno.cz/projekt/bytova-vystavba-kamenny-vrch/,2026-07-15,Zástupci města podepsali smlouvu se zhotovitelem 353 bytů na Kamenném vrchu,https://cobude.brno.cz/zastupci-mesta-podepsali-smlouvu-se-zhotovitelem-353-bytu-na-kamennem-vrchu/
https://cobude.brno.cz/projekt/bytova-vystavba-kamenny-vrch/,2026-06-19,Máme zhotovitele pro první družstevní bydlení! S výstavbou nové čtvrti na Kamenném vrchu začne na…,https://cobude.brno.cz/mame-zhotovitele-pro-prvni-druzstevni-bydleni-s-vystavbou-nove-ctvrti-na-kamennem-vrchu-zacne-na-podzim/
https://cobude.brno.cz/projekt/bytova-vystavba-kamenny-vrch/,2026-05-26,Mladým singles se otevřela širší nabídka družstevního bydlení,https://cobude.brno.cz/mladym-singles-se-otevrela-sirsi-nabidka-druzstevniho-bydleni/
https://cobude.brno.cz/projekt/bytova-vystavba-kamenny-vrch/,2026-02-25,Hledá se zhotovitel družstevních bytů na Kamenném vrchu,https://cobude.brno.cz/hleda-se-zhotovitel-druzstevnich-bytu-na-kamennem-vrchu/
https://cobude.brno.cz/projekt/bytova-vystavba-kamenny-vrch/,2025-11-21,O dostupné družstevní byty se nově budou moct přihlásit i singles,https://cobude.brno.cz/o-dostupne-druzstevni-byty-se-nove-budou-moct-prihlasit-i-singles/
https://cobude.brno.cz/projekt/bytova-vystavba-kamenny-vrch/,2025-09-25,"Výstavba na Kamenném vrchu začne příští rok, teď je potřeba lokalitu připravit. Pro kácení hledá…",https://cobude.brno.cz/vystavba-na-kamennem-vrchu-zacne-pristi-rok-ted-je-potreba-lokalitu-pripravit-pro-kaceni-hleda-mesto-zhotovitele/
https://cobude.brno.cz/projekt/bytova-vystavba-kamenny-vrch/,2025-05-05,Družstevní bydlení umožní lidem koupit byt za cenu nákladů. Aktuálně se mohou hlásit o Kamenný vrch,https://cobude.brno.cz/druzstevni-bydleni-umozni-lidem-koupit-byt-za-cenu-nakladu-aktualne-se-mohou-hlasit-o-kamenny-vrch/
https://cobude.brno.cz/projekt/bytova-vystavba-kamenny-vrch/,2023-11-01,Ze zájemců o bydlení město vylosovalo budoucí družstevníky,https://cobude.brno.cz/ze-zajemcu-o-bydleni-mesto-vylosovalo-budouci-druzstevniky/
https://cobude.brno.cz/projekt/dostavba-kanalizacni-site/,2026-02-25,"Nové retenční nádrže v Brně: Královky znají svého zhotovitele, Červený mlýn se začne projektovat",https://cobude.brno.cz/nove-retencni-nadrze-v-brne-kralovky-znaji-sveho-zhotovitele-cerveny-mlyn-se-zacne-projektovat/
https://cobude.brno.cz/projekt/dostavba-kanalizacni-site/,2025-07-30,Hledá se zhotovitel retenční nádrže Královky,https://cobude.brno.cz/hleda-se-zhotovitel-retencni-nadrze-kralovky/
https://cobude.brno.cz/projekt/dostavba-kanalizacni-site/,2022-10-11,Kanalizace v pěti městských částech je téměř hotová,https://cobude.brno.cz/kanalizace-v-peti-mestskych-castech-je-temer-hotova/
https://cobude.brno.cz/projekt/janackovo-kulturni-centrum/,2026-08-10,Co se stalo s nalezeným torzem středověkého domu?,https://cobude.brno.cz/co-se-stalo-s-nalezenym-torzem-stredovekeho-domu/
https://cobude.brno.cz/projekt/janackovo-kulturni-centrum/,2026-07-17,Výběr zhotovitele varhan pro Janáčkovo kulturní centrum jde do finále. Trojice uchazečů má zaslat…,https://cobude.brno.cz/vyber-zhotovitele-varhan-pro-janackovo-kulturni-centrum-jde-do-finale-trojice-uchazecu-ma-zaslat-finalni-nabidky/
https://cobude.brno.cz/projekt/janackovo-kulturni-centrum/,2026-03-18,Torzo domu ze 13. století chce město zachránit. Plánuje jeho umístění do budoucího vnitrobloku…,https://cobude.brno.cz/torzo-domu-ze-13-stoleti-chce-mesto-zachranit-planuje-jeho-umisteni-do-budouciho-vnitrobloku-janackova-kulturniho-centra/
https://cobude.brno.cz/projekt/janackovo-kulturni-centrum/,2026-03-06,Jak to aktuálně vypadá na staveništi Janáčkova kulturního centra?,https://cobude.brno.cz/jak-to-aktualne-vypada-na-stavenisti-janackova-kulturniho-centra/
https://cobude.brno.cz/projekt/janackovo-kulturni-centrum/,2025-11-25,"Pod Janáčkovým kulturním centrem našli archeologové dům ze 13. století. Je unikátní tím, jak je…",https://cobude.brno.cz/pod-janackovym-kulturnim-centrem-nasli-archeologove-dum-ze-13-stoleti-je-unikatni-tim-jak-je-dochovany-rikaji/
https://cobude.brno.cz/projekt/janackovo-kulturni-centrum/,2025-11-10,Přednáška přiblíží archeologický výzkum na stavbě Janáčkova kulturního centra,https://cobude.brno.cz/prednaska-priblizi-archeologicky-vyzkum-na-stavbe-janackova-kulturniho-centra/
https://cobude.brno.cz/projekt/janackovo-kulturni-centrum/,2025-10-07,"Pazourek, keramické figurky či pozůstatky středověkých domů. I to přináší vykopávky v místě…",https://cobude.brno.cz/pazourek-keramicke-figurky-ci-pozustatky-stredovekych-domu-i-to-prinasi-vykopavky-v-miste-budouciho-janackova-kulturniho-centra/
https://cobude.brno.cz/projekt/janackovo-kulturni-centrum/,2025-08-01,Do zadávacího řízení na výběr budoucího dodavatele varhan pro JKC se přihlásili 4 zájemci,https://cobude.brno.cz/do-zadavaciho-rizeni-na-vyber-budouciho-dodavatele-varhan-pro-jkc-se-prihlasili-4-zajemci/
https://cobude.brno.cz/projekt/janackovo-kulturni-centrum/,2025-07-30,Výběr dodavatele varhan pro Janáčkovo kulturní centrum má začít během léta. Uchazeče i jejich…,https://cobude.brno.cz/vyber-dodavatele-varhan-pro-janackovo-kulturni-centrum-ma-zacit-behem-leta-uchazece-i-jejich-nabidky-budou-posuzovat-dve-komise/
https://cobude.brno.cz/projekt/janackovo-kulturni-centrum/,2025-06-18,Zakázka na nové varhany pro Janáčkovo kulturní centrum je vypsaná,https://cobude.brno.cz/zakazka-na-nove-varhany-je-vypsana/
https://cobude.brno.cz/projekt/janackovo-kulturni-centrum/,2025-05-28,Město hledá zhotovitele varhan pro Janáčkovo kulturní centrum. Chce nástroj světového kalibru,https://cobude.brno.cz/mesto-hleda-zhotovitele-varhan-pro-janackovo-kulturni-centrum-chce-nastroj-svetoveho-kalibru/
https://cobude.brno.cz/projekt/janackovo-kulturni-centrum/,2025-02-25,Kalendárium aneb Zásadní milníky Janáčkova kulturního centra,https://cobude.brno.cz/kalendarium-aneb-zasadni-milniky-janackova-kulturniho-centra/
https://cobude.brno.cz/projekt/janackovo-kulturni-centrum/,2025-02-24,Bezmála stoleté čekání je téměř u konce. Poklepání základního kamene symbolicky odstartovalo…,https://cobude.brno.cz/bezmala-stolete-cekani-je-temer-u-konce-poklepani-zakladniho-kamene-symbolicky-odstartovalo-vystavbu-janackova-kulturniho-centra/
https://cobude.brno.cz/projekt/janackovo-kulturni-centrum/,2024-12-12,Jak pokračuje výstavba JKC?,https://cobude.brno.cz/jak-pokracuje-vystavba-jkc/
https://cobude.brno.cz/projekt/janackovo-kulturni-centrum/,2024-10-09,S výběrem varhan pro Janáčkovo kulturní centrum pomůže mezinárodní expertní tým,https://cobude.brno.cz/s-vyberem-varhan-pro-janackovo-kulturni-centrum-pomuze-mezinarodni-expertni-tym/
https://cobude.brno.cz/projekt/janackovo-kulturni-centrum/,2024-08-28,Janáčkovo kulturní centrum: podpisem smlouvy končí administrativa a může se začít stavět,https://cobude.brno.cz/janackovo-kulturni-centrum-podpisem-smlouvy-konci-administrativa-a-muze-se-zacit-stavet/
https://cobude.brno.cz/projekt/janackovo-kulturni-centrum/,2024-08-23,Zadávací řízení na zhotovitele Janáčkova kulturního centra je dle Úřadu pro ochranu hospodářské…,https://cobude.brno.cz/zadavaci-rizeni-na-zhotovitele-janackova-kulturniho-centra-je-dle-uradu-pro-ochranu-hospodarske-souteze-v-poradku/
https://cobude.brno.cz/projekt/janackovo-kulturni-centrum/,2024-08-07,Radní vybrali zhotovitele Janáčkova kulturního centra,https://cobude.brno.cz/radni-vybrali-zhotovitele-janackova-kulturniho-centra/
https://cobude.brno.cz/projekt/janackovo-kulturni-centrum/,2024-07-08,Vůči červnovému prvoinstančnímu rozhodnutí ÚOHS podala společnost Gardenline rozklad,https://cobude.brno.cz/vuci-cervnovemu-prvoinstancnimu-rozhodnuti-uohs-podala-spolecnost-gardenline-rozklad/
https://cobude.brno.cz/projekt/janackovo-kulturni-centrum/,2024-06-20,Nové prvostupňové rozhodnutí ÚOHS: zadavatelé zakázky na zhotovitele Janáčkova kulturního centra…,https://cobude.brno.cz/nove-prvostupnove-rozhodnuti-uohs-zadavatele-zakazky-na-zhotovitele-janackova-kulturniho-centra-nepostupovali-v-rozporu-se-zakonem/
https://cobude.brno.cz/projekt/janackovo-kulturni-centrum/,2024-05-13,Janáčkovo kulturní centrum bude Úřad pro ochranu hospodářské soutěže řešit znovu. Prvostupňové…,https://cobude.brno.cz/janackovo-kulturni-centrum-bude-urad-pro-ochranu-hospodarske-souteze-resit-znovu-prvostupnove-rozhodnuti-uradu-predseda-zrusil/
https://cobude.brno.cz/projekt/janackovo-kulturni-centrum/,2024-03-13,Socha Pohostinnosti se přesunula,https://cobude.brno.cz/socha-pohostinnosti-se-presunula/
https://cobude.brno.cz/projekt/janackovo-kulturni-centrum/,2024-02-29,Janáčkovo kulturní centrum: město podá vůči rozhodnutí antimonopolního úřadu rozklad,https://cobude.brno.cz/janackovo-kulturni-centrum-mesto-poda-vuci-rozhodnuti-antimonopolniho-uradu-rozklad/
https://cobude.brno.cz/projekt/janackovo-kulturni-centrum/,2024-01-24,Lhůta pro podání nabídek na zhotovitele Janáčkova kulturního centra se prodlužuje,https://cobude.brno.cz/lhuta-pro-podani-nabidek-na-zhotovitele-janackova-kulturniho-centra-se-prodluzuje/
https://cobude.brno.cz/projekt/janackovo-kulturni-centrum/,2023-11-14,V jaké fázi je příprava JKC?,https://cobude.brno.cz/v-jake-fazi-je-priprava-jkc/
https://cobude.brno.cz/projekt/janackovo-kulturni-centrum/,2023-08-09,Zadávací řízení na stavbu Janáčkova kulturního centra bylo prodlouženo,https://cobude.brno.cz/zadavaci-rizeni-na-stavbu-janackova-kulturniho-centra-bylo-prodlouzeno/
https://cobude.brno.cz/projekt/janackovo-kulturni-centrum/,2023-06-14,Upravené zadávací podmínky veřejné zakázky na stavbu Janáčkova kulturního centra jsou schváleny,https://cobude.brno.cz/upravene-zadavaci-podminky-verejne-zakazky-na-stavbu-janackova-kulturniho-centra-jsou-schvaleny/
https://cobude.brno.cz/projekt/janackovo-kulturni-centrum/,2022-10-05,Hledání zhotovitele stavby Janáčkova kulturního centra začíná,https://cobude.brno.cz/hledani-zhotovitele-stavby-janackova-kulturniho-centra-zacina/
https://cobude.brno.cz/projekt/kolektor-ceska-stredova/,2026-09-10,Horníci pracují v hloubce až osmi metrů. Na jejich práci se podívali i zástupci médií,https://cobude.brno.cz/hornici-pracuji-v-hloubce-az-osmi-metru-na-jejich-praci-se-podivali-i-zastupci-medii/
https://cobude.brno.cz/projekt/kolektor-ceska-stredova/,2026-09-01,Stavbaři se z České přesunuli do podzemí. Ražba nového kolektoru je v plném proudu,https://cobude.brno.cz/stavbari-se-z-ceske-presunuli-do-podzemi-razba-noveho-kolektoru-je-v-plnem-proudu/
https://cobude.brno.cz/projekt/kolektor-ceska-stredova/,2026-08-14,Informace pro obyvatele z ulice Skrytá,https://cobude.brno.cz/informace-pro-obyvatele-z-ulice-skryta/
https://cobude.brno.cz/projekt/kolektor-ceska-stredova/,2026-06-25,Na horníky při ražbě kolektoru pod ulicí Českou dohlédnou sošky sv. Barbory,https://cobude.brno.cz/na-horniky-pri-razbe-kolektoru-pod-ulici-ceskou-dohlednou-sosky-sv-barbory/
https://cobude.brno.cz/projekt/kolektor-ceska-stredova/,2026-06-04,Na části Jakubské se pracuje. Na Českou tudy neprojdete,https://cobude.brno.cz/na-casti-jakubske-se-pracuje-na-ceskou-tudy-neprojdete/
https://cobude.brno.cz/projekt/kolektor-ceska-stredova/,2026-05-07,Připravuje se soutěž o podobu nového uměleckého díla v prostoru před konvalárií,https://cobude.brno.cz/pripravuje-se-soutez-o-podobu-noveho-umeleckeho-dila-v-prostoru-pred-konvalarii/
https://cobude.brno.cz/projekt/kolektor-ceska-stredova/,2026-04-21,"Na České pokračují práce na zajištění budov, začíná se hloubit první i druhá šachta",https://cobude.brno.cz/na-ceske-pokracuji-prace-na-zajisteni-budov-zacina-se-hloubit-prvni-i-druha-sachta/
https://cobude.brno.cz/projekt/kolektor-ceska-stredova/,2026-03-31,Na Veselé se upravuje parkování – na zákaz upozorňuje i nové značení,https://cobude.brno.cz/na-vesele-se-upravuje-parkovani-na-zakaz-upozornuje-i-nove-znaceni/
https://cobude.brno.cz/projekt/kolektor-ceska-stredova/,2026-03-17,Vrtná souprava na České – začalo zajišťování nemovitostí pomocí tryskové injektáže,https://cobude.brno.cz/vrtna-souprava-na-ceske-zacalo-zajistovani-nemovitosti-pomoci-tryskove-injektaze/
https://cobude.brno.cz/projekt/kolektor-ceska-stredova/,2026-02-13,Informace o zajištění nemovitostí na ulici Česká a upozornění na zvýšenou hlučnost,https://cobude.brno.cz/informace-o-zajisteni-nemovitosti-na-ulici-ceska-a-upozorneni-na-zvysenou-hlucnost/
https://cobude.brno.cz/projekt/kolektor-ceska-stredova/,2026-02-06,Dům na České 4 projde rekonstrukcí,https://cobude.brno.cz/dum-na-ceske-4-projde-rekonstrukci/
https://cobude.brno.cz/projekt/kolektor-ceska-stredova/,2026-01-30,Prodej květin na České zůstává. Stánek se přesune na náhradní místo,https://cobude.brno.cz/prodej-kvetin-na-ceske-zustava-stanek-se-presune-na-nahradni-misto/
https://cobude.brno.cz/projekt/kolektor-ceska-stredova/,2026-01-02,Kolektor Česká–Středova: po skončení prací ulici oživí nové stromy,https://cobude.brno.cz/kolektor-ceska-stredova-po-skonceni-praci-ulici-ozivi-nove-stromy/
https://cobude.brno.cz/projekt/kolektor-ceska-stredova/,2025-12-23,Stavbaři začnou na České opět naplno pracovat od 5. ledna 2026,https://cobude.brno.cz/stavbari-zacnou-na-ceske-opet-naplno-pracovat-od-5-ledna/
https://cobude.brno.cz/projekt/kolektor-ceska-stredova/,2025-10-16,Práce na České pokračují. Vánoční trhy ale ohroženy nebudou,https://cobude.brno.cz/prace-na-ceske-pokracuji-vanocni-trhy-ale-ohrozeny-nebudou/
https://cobude.brno.cz/projekt/kolektor-ceska-stredova/,2025-09-19,Část ulice Veselé bude od pondělí 22. září obousměrná,https://cobude.brno.cz/cast-ulice-vesele-bude-od-pondeli-22-zari-obousmerna/
https://cobude.brno.cz/projekt/kolektor-ceska-stredova/,2025-09-09,Stavbaři během září provizorně přeloží vodovod. Zázemí zhotovitele se v polovině měsíce přesune na…,https://cobude.brno.cz/stavbari-behem-zari-provizorne-prelozi-vodovod-zazemi-zhotovitele-se-v-polovine-mesice-presune-na-ulici-veselou/
https://cobude.brno.cz/projekt/kolektor-ceska-stredova/,2025-08-18,Práce na České začaly. Nejdříve se zjistí polohy inženýrských sítí,https://cobude.brno.cz/prace-na-ceske-zacaly-nejdrive-se-zjisti-polohy-inzenyrskych-siti/
https://cobude.brno.cz/projekt/kolektor-ceska-stredova/,2025-07-22,Začíná stavba kolektoru Česká–Středova. Nejdříve se zajistí statika domů a instaluje provizorní…,https://cobude.brno.cz/zacina-stavba-kolektoru-ceska-stredova-nejdrive-se-zajisti-statika-domu-a-instaluje-provizorni-vedeni-parovodu-a-vodovodu/
https://cobude.brno.cz/projekt/kolektor-ceska-stredova/,2025-06-11,Kolektor Česká–Středova postaví sdružení tří firem. Nejdříve navrhne harmonogram prací,https://cobude.brno.cz/kolektor-ceska-stredova-postavi-sdruzeni-tri-firem-nejdrive-navrhne-harmonogram-praci/
https://cobude.brno.cz/projekt/kolektor-ceska-stredova/,2025-03-12,Pod Českou vznikne nový kolektor. Město hledá zhotovitele,https://cobude.brno.cz/pod-ceskou-vznikne-novy-kolektor-mesto-hleda-zhotovitele/
https://cobude.brno.cz/projekt/kreativni-centrum-brno/,2026-09-17,"Káznice se na čtyři dny otevře současnému umění. Faktor K nabídne divadlo, hudbu i neobvyklá setkání",https://cobude.brno.cz/kaznice-se-na-ctyri-dny-otevre-soucasnemu-umeni-faktor-k-nabidne-divadlo-hudbu-i-neobvykla-setkani/
https://cobude.brno.cz/projekt/kreativni-centrum-brno/,2026-04-29,V jaké fázi je příprava rekonstrukce Káznice?,https://cobude.brno.cz/v-jake-fazi-je-priprava-rekonstrukce-kaznice/
https://cobude.brno.cz/projekt/kreativni-centrum-brno/,2024-09-30,Káznice znovu ožije. Nabídne debaty o architektuře a využití bývalého vězení,https://cobude.brno.cz/kaznice-znovu-ozije-nabidne-debaty-o-architekture-a-vyuziti-byvaleho-vezeni/
https://cobude.brno.cz/projekt/kreativni-centrum-brno/,2024-08-30,Přípravy kreativního centra dál pokračují. Čeká se na stavební povolení,https://cobude.brno.cz/pripravy-kreativniho-centra-dal-pokracuji-ceka-se-na-stavebni-povoleni/
https://cobude.brno.cz/projekt/kreativni-centrum-brno/,2022-10-03,Káznice si připomene 250 let své existence. Ukáže historii i budoucnost objektu,https://cobude.brno.cz/kaznice-si-pripomene-250-let-sve-existence-ukaze-historii-i-budoucnost-objektu/
https://cobude.brno.cz/projekt/modernizace-mestskeho-fotbaloveho-stadionu-srbska/,2026-07-22,ShipEx Aréna je připravena na ligové boje,https://cobude.brno.cz/shipex-arena-je-pripravena-na-ligove-boje/
https://cobude.brno.cz/projekt/modernizace-mestskeho-fotbaloveho-stadionu-srbska/,2026-06-24,Moderní stadion pro dnešní dobu. Vznikne projektová dokumentace na částečnou rekonstrukci Srbské,https://cobude.brno.cz/moderni-stadion-pro-dnesni-dobu-vznikne-projektova-dokumentace-na-castecnou-rekonstrukci-srbske/
https://cobude.brno.cz/projekt/modernizace-mestskeho-fotbaloveho-stadionu-srbska/,2026-06-10,"Co čeká stadion Srbská? Nové osvětlení, novinářské lávky i LED obrazovky",https://cobude.brno.cz/co-ceka-stadion-srbska-nove-osvetleni-novinarske-lavky-i-led-obrazovky/
https://cobude.brno.cz/projekt/modernizace-mestskeho-fotbaloveho-stadionu-srbska/,2026-05-06,Sportovní dotace podpoří provoz Srbské,https://cobude.brno.cz/sportovni-dotace-podpori-provoz-srbske/
https://cobude.brno.cz/projekt/modernizace-mestskeho-fotbaloveho-stadionu-srbska/,2026-04-02,Nové sedačky i řada dalších úprav. Srbská se chystá na první ligu,https://cobude.brno.cz/nove-sedacky-i-rada-dalsich-uprav-srbska-se-chysta-na-prvni-ligu/
https://cobude.brno.cz/projekt/europoint-nove-nadrazi/,2026-07-02,Podepsána smlouva se zpracovatelem projektové dokumentace na etapu Černovice v rámci modernizace ŽUB,https://cobude.brno.cz/podepsana-smlouva-se-zpracovatelem-projektove-dokumentace-na-etapu-cernovice-v-ramci-modernizace-zub/
https://cobude.brno.cz/projekt/europoint-nove-nadrazi/,2026-02-26,Z centra na nové nádraží bulvárem. Stavba jeho severní části začíná,https://cobude.brno.cz/z-centra-na-nove-nadrazi-bulvarem-stavba-jeho-severni-casti-zacina/
https://cobude.brno.cz/projekt/europoint-nove-nadrazi/,2026-01-20,Zajímají vás vysokorychlostní tratě a nové nádraží? Přijďte na přednášky v Urban centru,https://cobude.brno.cz/zajimaji-vas-vysokorychlostni-trate-a-nove-nadrazi-prijdte-na-prednasky-v-urban-centru/
https://cobude.brno.cz/projekt/europoint-nove-nadrazi/,2026-01-14,Nádraží virtuálně! Pokračují prohlídky virtuální reality nového nádraží na BVV v pavilonu E,https://cobude.brno.cz/nadrazi-virtualne-pokracuji-prohlidky-virtualni-reality-noveho-nadrazi-na-bvv-v-pavilonu-e/
https://cobude.brno.cz/projekt/europoint-nove-nadrazi/,2025-12-04,"Severní část bulváru, který propojí centrum s novým nádražím, začne zhotovitel stavět v lednu",https://cobude.brno.cz/severni-cast-bulvaru-ktery-propoji-centrum-s-novym-nadrazim-zacne-zhotovitel-stavet-v-lednu-2/
https://cobude.brno.cz/projekt/europoint-nove-nadrazi/,2025-12-01,Nové brněnské nádraží získalo prestižní ocenění BLT Built Design Awards 2025,https://cobude.brno.cz/nove-brnenske-nadrazi-ziskalo-prestizni-oceneni-blt-built-design-awards-2025/
https://cobude.brno.cz/projekt/europoint-nove-nadrazi/,2025-10-15,Jak bude vypadat nový železniční uzel Brno? (videozáznam),https://cobude.brno.cz/jak-bude-vypadat-novy-zeleznicni-uzel-brno-videozaznam/
https://cobude.brno.cz/projekt/europoint-nove-nadrazi/,2025-10-02,"Z Brna do Vídně vysokorychlostním vlakem? Jsme o krok blíž, projekt získal kladné stanovisko EIA",https://cobude.brno.cz/z-brna-do-vidne-vysokorychlostnim-vlakem-jsme-o-krok-bliz-projekt-ziskal-kladne-stanovisko-eia/
https://cobude.brno.cz/projekt/europoint-nove-nadrazi/,2025-10-01,Nádražní budova v Králově Poli už slouží cestujícím,https://cobude.brno.cz/nadrazni-budova-v-kralove-poli-uz-slouzi-cestujicim/
https://cobude.brno.cz/projekt/europoint-nove-nadrazi/,2025-09-05,Na procházku na nové hlavní nádraží? Rezervační systém na virtuální model Virtuplex byl spuštěn,https://cobude.brno.cz/na-prochazku-na-nove-hlavni-nadrazi-rezervacni-system-na-virtualni-model-virtuplex-byl-spusten/
https://cobude.brno.cz/projekt/europoint-nove-nadrazi/,2025-08-27,"Stavba nového bulváru, který propojí centrum s novým nádražím, se blíží. Firmy mohou předkládat…",https://cobude.brno.cz/stavba-noveho-bulvaru-ktery-propoji-centrum-s-novym-nadrazim-se-blizi-firmy-mohou-predkladat-nabidky-na-verejnou-zakazku/
https://cobude.brno.cz/projekt/europoint-nove-nadrazi/,2025-08-27,Díky virtuálnímu modelu se veřejnost na výstavišti projde novým brněnským hlavním nádražím v reálné…,https://cobude.brno.cz/diky-virtualnimu-modelu-se-verejnost-na-vystavisti-projde-novym-brnenskym-hlavnim-nadrazim-v-realne-velikosti/
https://cobude.brno.cz/projekt/europoint-nove-nadrazi/,2025-01-06,Nové hlavní nádraží v otázkách a odpovědích,https://cobude.brno.cz/nove-hlavni-nadrazi-v-otazkach-a-odpovedich/
https://cobude.brno.cz/projekt/europoint-nove-nadrazi/,2024-12-04,VIDEO: Projděte se novým nádražím,https://cobude.brno.cz/video-projdete-se-novym-nadrazim/
https://cobude.brno.cz/projekt/europoint-nove-nadrazi/,2024-11-26,Virtuální model nového nádraží v měřítku 1:1 je hotový. Poslouží k prověření prostorových vztahů i…,https://cobude.brno.cz/virtualni-model-noveho-nadrazi-v-meritku-11-je-hotovy-poslouzi-k-provereni-prostorovych-vztahu-i-k-propagaci/
https://cobude.brno.cz/projekt/europoint-nove-nadrazi/,2024-06-27,Nové hlavní nádraží v Brně má schválený záměr projektu,https://cobude.brno.cz/nove-hlavni-nadrazi-v-brne-ma-schvaleny-zamer-projektu/
https://cobude.brno.cz/projekt/europoint-nove-nadrazi/,2024-05-29,Velký městský okruh překoná železniční tratě nového nádraží mostní estakádou,https://cobude.brno.cz/velky-mestsky-okruh-prekona-zeleznicni-trate-noveho-nadrazi-mostni-estakadou/
https://cobude.brno.cz/projekt/europoint-nove-nadrazi/,2024-04-17,Pozemky pro nové hlavní nádraží a jeho okolí se postupně scelují. Nyní díky směně se společností…,https://cobude.brno.cz/pozemky-pro-nove-hlavni-nadrazi-a-jeho-okoli-se-postupne-sceluji-nyni-diky-smene-se-spolecnosti-shell/
https://cobude.brno.cz/projekt/europoint-nove-nadrazi/,2024-03-18,Posuny v projektu hlavního nádraží: Jak to bude s vysokorychlostními tratěmi a s diametrem?,https://cobude.brno.cz/posuny-v-projektu-hlavniho-nadrazi-jak-to-bude-s-vysokorychlostnimi-tratemi-a-s-diametrem/
https://cobude.brno.cz/projekt/europoint-nove-nadrazi/,2024-03-13,Druhá stanice vysokorychlostní železniční trati bude na Vídeňské,https://cobude.brno.cz/druha-stanice-vysokorychlostni-zeleznicni-trati-bude-na-videnske/
https://cobude.brno.cz/projekt/europoint-nove-nadrazi/,2024-03-13,Konference na hvězdárně představí budoucnost železničního uzlu Brno a vysokorychlostních tratí v…,https://cobude.brno.cz/konference-na-hvezdarne-predstavi-budoucnost-zeleznicniho-uzlu-brno-a-vysokorychlostnich-trati-v-ceske-republice/
https://cobude.brno.cz/projekt/europoint-nove-nadrazi/,2023-10-26,Nová ulice propojí Opuštěnou a Rosickou. V budoucnu se díky ní cestující dostanou z nového nádraží…,https://cobude.brno.cz/nova-ulice-propoji-opustenou-a-rosickou-v-budoucnu-se-diky-ni-cestujici-dostanou-z-noveho-nadrazi-do-mesta/
https://cobude.brno.cz/projekt/europoint-nove-nadrazi/,2023-05-04,Přestavbu brněnského železničního uzlu zajistí stát ve spolupráci s Jihomoravským krajem a městem…,https://cobude.brno.cz/prestavbu-brnenskeho-zeleznicniho-uzlu-zajisti-stat-ve-spolupraci-s-jihomoravskym-krajem-a-mestem-brnem/
https://cobude.brno.cz/projekt/nova-ctvrt-trnita/,2026-02-26,Z centra na nové nádraží bulvárem. Stavba jeho severní části začíná Brno,https://cobude.brno.cz/z-centra-na-nove-nadrazi-bulvarem-stavba-jeho-severni-casti-zacina-brno/
https://cobude.brno.cz/projekt/nova-ctvrt-trnita/,2025-12-04,"Severní část bulváru, který propojí centrum s novým nádražím, začne zhotovitel stavět v lednu",https://cobude.brno.cz/severni-cast-bulvaru-ktery-propoji-centrum-s-novym-nadrazim-zacne-zhotovitel-stavet-v-lednu/
https://cobude.brno.cz/projekt/nova-ctvrt-trnita/,2025-08-27,"Stavba nového bulváru, který propojí centrum s novým nádražím, se blíží. Firmy mohou předkládat…",https://cobude.brno.cz/stavba-noveho-bulvaru-ktery-propoji-centrum-s-novym-nadrazim-se-blizi-firmy-mohou-predkladat-nabidky-na-verejnou-zakazku-2/
https://cobude.brno.cz/projekt/nova-ctvrt-trnita/,2024-12-12,Jak se rozvíjí Trnitá? To ukáže model v Urban centru,https://cobude.brno.cz/jak-se-rozviji-trnita-to-ukaze-model-v-urban-centru/
https://cobude.brno.cz/projekt/nova-ctvrt-trnita/,2023-10-26,Nová ulice propojí Opuštěnou a Rosickou. V budoucnu se díky ní cestující dostanou z nového nádraží…,https://cobude.brno.cz/nova-ulice-propoji-opustenou-a-rosickou-v-budoucnu-se-diky-ni-cestujici-dostanou-z-noveho-nadrazi-do-mesta-2/
https://cobude.brno.cz/projekt/odpadove-hospodarstvi/,2025-12-02,SAKO Brno uzavřelo smlouvu na projekt „Modernizace ZEVO společnosti SAKO Brno“,https://cobude.brno.cz/sako-brno-uzavrelo-smlouvu-na-projekt-modernizace-zevo-spolecnosti-sako-brno/
https://cobude.brno.cz/projekt/odpadove-hospodarstvi/,2025-06-16,SAKO Brno vybírá zhotovitele modernizace ZEVO. Nové zařízení sníží emise a využije železniční…,https://cobude.brno.cz/sako-brno-vybira-zhotovitele-modernizace-zevo-nove-zarizeni-snizi-emise-a-vyuzije-zeleznicni-dopravu/
https://cobude.brno.cz/projekt/odpadove-hospodarstvi/,2025-03-05,"Energetickou krizi Brno úspěšně zvládlo, teď se zbavuje závislosti na plynu a sází na obnovitelné a…",https://cobude.brno.cz/energetickou-krizi-brno-uspesne-zvladlo-ted-se-zbavuje-zavislosti-na-plynu-a-sazi-na-obnovitelne-a-druhotne-zdroje-energie-a-na-teplo-z-dukovan-2/
https://cobude.brno.cz/projekt/odpadove-hospodarstvi/,2023-01-16,Aby Brno nezavalily odpadky. Jaký je plán?,https://cobude.brno.cz/aby-brno-nezavalily-odpadky-jaky-je-plan/
https://cobude.brno.cz/projekt/tramvajova-trat-kamechy/,2026-06-09,Celkem 105 odstřelů a 40 tisíc tun vyvezeného materiálu. Tunel tramvajové trati na Kamechy je…,https://cobude.brno.cz/celkem-105-odstrelu-a-40-tisic-tun-vyvezeneho-materialu-tunel-tramvajove-trati-na-kamechy-je-prorazeny/
https://cobude.brno.cz/projekt/tramvajova-trat-kamechy/,2026-02-12,Slavnostní mše zahájila ražbu tramvajového tunelu na Kamechy,https://cobude.brno.cz/slavnostni-mse-zahajila-razbu-tramvajoveho-tunelu-na-kamechy/
https://cobude.brno.cz/projekt/tramvajova-trat-kamechy/,2025-09-30,V Bystrci začíná stavba nové tramvajové trati za dvě miliardy korun,https://cobude.brno.cz/v-bystrci-zacina-stavba-nove-tramvajove-trati-za-dve-miliardy-korun/
https://cobude.brno.cz/projekt/tramvajova-trat-kamechy/,2025-02-26,Začala stavba tramvajové trati na Kamechy,https://cobude.brno.cz/zacala-stavba-tramvajove-trati-na-kamechy/
https://cobude.brno.cz/projekt/tramvajova-trat-kamechy/,2024-12-19,Brno spolu s Dopravním podnikem města Brna vybralo zhotovitele prodloužení tramvajové trati do…,https://cobude.brno.cz/brno-spolu-s-dopravnim-podnikem-mesta-brna-vybralo-zhotovitele-prodlouzeni-tramvajove-trati-do-sidliste-kamechy/
https://cobude.brno.cz/projekt/tramvajova-trat-kamechy/,2024-06-21,Dopravní podnik města Brna hledá zhotovitele tramvajové trati na Kamechy,https://cobude.brno.cz/dopravni-podnik-mesta-brna-hleda-zhotovitele-tramvajove-trati-na-kamechy/
https://cobude.brno.cz/projekt/tramvajova-trat-kamechy/,2023-12-13,Tramvajová trať na Kamechy získala územní rozhodnutí,https://cobude.brno.cz/tramvajova-trat-na-kamechy-ziskala-uzemni-rozhodnuti/
https://cobude.brno.cz/projekt/tramvajova-trat-kamechy/,2022-10-19,Na stavbě tramvajové trati na Kamechy bude město spolupracovat s dopravním podnikem,https://cobude.brno.cz/na-stavbe-tramvajove-trati-na-kamechy-bude-mesto-spolupracovat-s-dopravnim-podnikem/
https://cobude.brno.cz/projekt/prechod-na-horkovody/,2026-05-26,Jak pokračuje výměna parovodů za horkovody? Blížíme se do finále,https://cobude.brno.cz/jak-pokracuje-vymena-parovodu-za-horkovody-blizime-se-do-finale/
https://cobude.brno.cz/projekt/prechod-na-horkovody/,2022-12-06,Brněnské období páry má skončit v roce 2027,https://cobude.brno.cz/brnenske-obdobi-pary-ma-skoncit-v-roce-2027/
https://cobude.brno.cz/projekt/protipovodnova-opatreni/,2026-06-02,Na další etapy protipovodňových opatření usiluje město o dotační podporu,https://cobude.brno.cz/na-dalsi-etapy-protipovodnovych-opatreni-usiluje-mesto-o-dotacni-podporu/
https://cobude.brno.cz/projekt/protipovodnova-opatreni/,2026-01-22,Namísto chátrající budovy park. Železniční poliklinika jde k zemi,https://cobude.brno.cz/namisto-chatrajici-budovy-park-zeleznicni-poliklinika-jde-k-zemi/
https://cobude.brno.cz/projekt/protipovodnova-opatreni/,2025-12-01,Začíná vyklízení železniční polikliniky. Stavbaři zahájí demolicí v lednu příštího roku,https://cobude.brno.cz/zacina-vyklizeni-zeleznicni-polikliniky-stavbari-zahaji-demolici-v-lednu-pristiho-roku/
https://cobude.brno.cz/projekt/protipovodnova-opatreni/,2025-10-24,Na náplavce vznikl 250metrový mural. Zbylé zdi pokryjí popínavky,https://cobude.brno.cz/na-naplavce-vznikl-250metrovy-mural-zbyle-zdi-pokryji-popinavky/
https://cobude.brno.cz/projekt/protipovodnova-opatreni/,2025-09-25,Další náplavka? Navazující část protipovodňových opatření získala pravomocné stavební povolení,https://cobude.brno.cz/dalsi-naplavka-navazujici-cast-protipovodnovych-opatreni-ziskala-pravomocne-stavebni-povoleni/
https://cobude.brno.cz/projekt/protipovodnova-opatreni/,2025-09-19,Železniční poliklinika ustoupí povodňovému parku. Její demolice začne ještě letos,https://cobude.brno.cz/zeleznicni-poliklinika-ustoupi-povodnovemu-parku-jeji-demolice-zacne-jeste-letos/
https://cobude.brno.cz/projekt/protipovodnova-opatreni/,2025-09-09,Město nabude poslední pozemky potřebné pro výstavbu protipovodňových opatření v lokalitě Trnitá,https://cobude.brno.cz/mesto-nabude-posledni-pozemky-potrebne-pro-vystavbu-protipovodnovych-opatreni-v-lokalite-trnita/
https://cobude.brno.cz/projekt/protipovodnova-opatreni/,2025-07-18,Protipovodňová opatření na Poříčí jsou hotová,https://cobude.brno.cz/protipovodnova-opatreni-na-porici-jsou-hotova/
https://cobude.brno.cz/projekt/protipovodnova-opatreni/,2025-07-07,"Umělecká díla zkrášlí protipovodňové stěny na Svratce, soutěž o první už je otevřená",https://cobude.brno.cz/umelecka-dila-zkrasli-protipovodnove-steny-na-svratce-soutez-o-prvni-uz-je-otevrena/
https://cobude.brno.cz/projekt/protipovodnova-opatreni/,2025-06-30,"Práce na Poříčí finišují. Pro veřejnost se nábřeží otevře, co nejdříve to půjde",https://cobude.brno.cz/prace-na-porici-finisuji-pro-verejnost-se-nabrezi-otevre-co-nejdrive-to-pujde/
https://cobude.brno.cz/projekt/protipovodnova-opatreni/,2025-03-27,Protipovodňová opatření na Poříčí budou hotová do konce června,https://cobude.brno.cz/protipovodnova-opatreni-na-porici-budou-hotova-do-konce-cervna/
https://cobude.brno.cz/projekt/protipovodnova-opatreni/,2025-01-29,"Na Poříčí se dokončuje kolonáda, pracuje se i v korytu řeky a na březích",https://cobude.brno.cz/na-porici-se-dokoncuje-kolonada-pracuje-se-i-v-korytu-reky-a-na-brezich/
https://cobude.brno.cz/projekt/protipovodnova-opatreni/,2024-11-05,Jak povodně zvládla rozestavěná „brněnská náplavka“?,https://cobude.brno.cz/jak-povodne-zvladla-rozestavena-brnenska-naplavka/
https://cobude.brno.cz/projekt/protipovodnova-opatreni/,2024-11-04,Další etapy protipovodňových opatření jsou v přípravě,https://cobude.brno.cz/dalsi-etapy-protipovodnovych-opatreni-jsou-v-priprave/
https://cobude.brno.cz/projekt/protipovodnova-opatreni/,2024-03-04,Na Poříčí vzniká nová kolonáda. Práce na protipovodňových opatřeních potrvají do konce dubna 2025,https://cobude.brno.cz/na-porici-vznika-nova-kolonada-prace-na-protipovodnovych-opatrenich-potrvaji-do-konce-dubna-2025/
https://cobude.brno.cz/projekt/protipovodnova-opatreni/,2023-08-09,Hledá se projektant dalších etap protipovodňových opatření,https://cobude.brno.cz/hleda-se-projektant-dalsich-etap-protipovodnovych-opatreni/
https://cobude.brno.cz/projekt/protipovodnova-opatreni/,2023-07-26,Nové stezky a zelené břehy. Stavba protipovodňových opatření pokračuje na vícero místech,https://cobude.brno.cz/nove-stezky-a-zelene-brehy-stavba-protipovodnovych-opatreni-pokracuje-na-vicero-mistech/
https://cobude.brno.cz/projekt/protipovodnova-opatreni/,2022-10-05,"Studie napoví, jak nakládat s kontaminovaným územím při stavbě protipovodňových opatření",https://cobude.brno.cz/studie-napovi-jak-nakladat-s-kontaminovanym-uzemim-pri-stavbe-protipovodnovych-opatreni/
https://cobude.brno.cz/projekt/revitalizace-holasecka-jezera/,2026-01-30,Čekáme na vyhodnocení žádosti o dotaci,https://cobude.brno.cz/cekame-na-vyhodnoceni-zadosti-o-dotaci/
https://cobude.brno.cz/projekt/revitalizace-holasecka-jezera/,2024-09-05,Holásecká jezera čeká revitalizace. Dalším krokem je žádost o evropskou dotaci,https://cobude.brno.cz/holasecka-jezera-ceka-revitalizace-dalsim-krokem-je-zadost-o-evropskou-dotaci/
https://cobude.brno.cz/projekt/revitalizace-holasecka-jezera/,2024-07-24,Vypisují se výběrová řízení na zhotovitele pyrotechnického průzkumu a revizi projektové dokumentace…,https://cobude.brno.cz/vypisuji-se-vyberova-rizeni-na-zhotovitele-pyrotechnickeho-pruzkumu-a-revizi-projektove-dokumentace-revitalizace-holaseckych-jezer/
https://cobude.brno.cz/projekt/revitalizace-holasecka-jezera/,2023-06-15,Radní se zabývali Holáseckými jezery a Zamilovaným hájkem,https://cobude.brno.cz/radni-se-zabyvali-holaseckymi-jezery-a-zamilovanym-hajkem/
https://cobude.brno.cz/projekt/komplex-cerveny-kopec/,2026-07-29,Město upravilo zadávací podmínky pro výběr zhotovitele komplexu. Lhůta pro podání nabídek se…,https://cobude.brno.cz/mesto-upravilo-zadavaci-podminky-pro-vyber-zhotovitele-komplexu-lhuta-pro-podani-nabidek-se-prodlouzi-priblizne-do-poloviny-zari/
https://cobude.brno.cz/projekt/komplex-cerveny-kopec/,2025-05-28,Sociální a zdravotní péče se bude snoubit na Červeném kopci. Město hledá zhotovitele,https://cobude.brno.cz/socialni-a-zdravotni-pece-se-bude-snoubit-na-cervenem-kopci-mesto-hleda-zhotovitele/
https://cobude.brno.cz/projekt/rekreacni-areal-pisarky/,2026-09-16,Příprava areálu Anthropos může pokračovat. Pomohou směna i dohoda,https://cobude.brno.cz/priprava-arealu-anthropos-muze-pokracovat-pomohou-smena-i-dohoda/
https://cobude.brno.cz/projekt/rekreacni-areal-pisarky/,2025-06-16,"Areál za Anthroposem je vyklizen, probíhají demolice budov",https://cobude.brno.cz/areal-za-anthroposem-je-vyklizen-probihaji-demolice-budov/
https://cobude.brno.cz/projekt/rekreacni-areal-pisarky/,2024-11-28,"Chystá se stavba areálu Anthropos, vyrůst má do roku 2027",https://cobude.brno.cz/chysta-se-stavba-arealu-anthropos-vyrust-ma-do-roku-2027/
https://cobude.brno.cz/projekt/rekreacni-areal-pisarky/,2023-11-21,Projekt sportoviště za Anthroposem je nutné přepracovat,https://cobude.brno.cz/projekt-sportoviste-za-anthroposem-je-nutne-prepracovat/
https://cobude.brno.cz/projekt/rekreacni-areal-pisarky/,2023-04-19,O první etapu výstavby sportovně-rekreačního areálu u Anthroposu se postará společnost Metrostav DIZ,https://cobude.brno.cz/o-prvni-etapu-vystavby-sportovne-rekreacniho-arealu-u-anthroposu-se-postara-spolecnost-metrostav-diz/
https://cobude.brno.cz/projekt/rekreacni-areal-pisarky/,2022-10-05,Město hledá zhotovitele sportovně-rekreačního areálu v Pisárkách,https://cobude.brno.cz/mesto-hleda-zhotovitele-sportovne-rekreacniho-arealu-v-pisarkach/
https://cobude.brno.cz/projekt/multifunkcni-centrum-arena-brno/,2026-09-17,T ARENA a Starobrno představují novou desítku. O jejím názvu rozhodnou návštěvníci,https://cobude.brno.cz/t-arena-a-starobrno-predstavuji-novou-desitku-o-jejim-nazvu-rozhodnou-navstevnici/
https://cobude.brno.cz/projekt/multifunkcni-centrum-arena-brno/,2026-09-10,T ARENA se poprvé představí veřejnosti. Na konci září nabídne prohlídky i víkendový program,https://cobude.brno.cz/t-arena-se-poprve-predstavi-verejnosti-na-konci-zari-nabidne-prohlidky-i-vikendovy-program/
https://cobude.brno.cz/projekt/multifunkcni-centrum-arena-brno/,2026-07-24,"Stavbaři pokládají v hale podlahy, očišťují konstrukci střechy a instalují orientační systém",https://cobude.brno.cz/stavbari-pokladaji-v-hale-podlahy-ocistuji-konstrukci-strechy-a-instaluji-orientacni-system/
https://cobude.brno.cz/projekt/multifunkcni-centrum-arena-brno/,2026-06-22,HC Kometa Brno a ARENA BRNO podepsaly rámcovou smlouvu o působení v T ARENĚ,https://cobude.brno.cz/hc-kometa-brno-a-arena-brno-podepsaly-ramcovou-smlouvu-o-pusobeni-v-t-arene/
https://cobude.brno.cz/projekt/multifunkcni-centrum-arena-brno/,2026-05-07,V hale i mimo ni se intenzivně pracuje. Otevřít by se měla ke konci října,https://cobude.brno.cz/v-hale-i-mimo-ni-se-intenzivne-pracuje-otevrit-by-se-mela-ke-konci-rijna/
https://cobude.brno.cz/projekt/multifunkcni-centrum-arena-brno/,2026-03-18,V hale vznikají základy nové ledové plochy,https://cobude.brno.cz/v-hale-vznikaji-zaklady-nove-ledove-plochy/
https://cobude.brno.cz/projekt/multifunkcni-centrum-arena-brno/,2026-03-05,T ARENA posiluje tým. Eventový úsek povede Štěpánka Redlichová,https://cobude.brno.cz/t-arena-posiluje-tym-eventovy-usek-povede-stepanka-redlichova/
https://cobude.brno.cz/projekt/multifunkcni-centrum-arena-brno/,2026-03-02,Heineken se stává dodavatelem piva pro T ARENU,https://cobude.brno.cz/heineken-se-stava-dodavatelem-piva-pro-t-arenu/
https://cobude.brno.cz/projekt/multifunkcni-centrum-arena-brno/,2026-02-26,T-ARENA má vybraného dodavatele gastronomických služeb,https://cobude.brno.cz/t-arena-ma-vybraneho-dodavatele-gastronomickych-sluzeb/
https://cobude.brno.cz/projekt/multifunkcni-centrum-arena-brno/,2026-02-17,T-ARENA bude vybavena špičkovým gastro zařízením,https://cobude.brno.cz/t-mobile-arena-bude-vybavena-spickovym-gastro-zarizenim/
https://cobude.brno.cz/projekt/multifunkcni-centrum-arena-brno/,2026-01-09,T-Mobile ARENA už je pod střechou. Práce pokračují uvnitř haly,https://cobude.brno.cz/t-mobile-arena-uz-je-pod-strechou-prace-pokracuji-uvnitr-haly/
https://cobude.brno.cz/projekt/multifunkcni-centrum-arena-brno/,2025-10-22,Nová multifunkční hala v Brně ponese název T-Mobile ARENA,https://cobude.brno.cz/nova-multifunkcni-hala-v-brne-ponese-nazev-t-mobile-arena/
https://cobude.brno.cz/projekt/multifunkcni-centrum-arena-brno/,2025-08-05,Další milník ve stavbě ARENY BRNO. Hrubá stavba je hotová,https://cobude.brno.cz/dalsi-milnik-ve-stavbe-areny-brno-hruba-stavba-je-hotova/
https://cobude.brno.cz/projekt/multifunkcni-centrum-arena-brno/,2025-07-24,Stavbaři pracují na střeše i uvnitř nové haly,https://cobude.brno.cz/stavbari-pracuji-na-strese-i-uvnitr-nove-haly/
https://cobude.brno.cz/projekt/multifunkcni-centrum-arena-brno/,2025-05-12,Největší evropský jeřáb dostane Arenu Brno pod střechu,https://cobude.brno.cz/nejvetsi-evropsky-jerab-dostane-arenu-brno-pod-strechu/
https://cobude.brno.cz/projekt/multifunkcni-centrum-arena-brno/,2025-02-04,Nová hala efektivně využije srážkové vody. Šetrná bude i v oblasti vytápění,https://cobude.brno.cz/nova-hala-efektivne-vyuzije-srazkove-vody-setrna-bude-i-v-oblasti-vytapeni/
https://cobude.brno.cz/projekt/multifunkcni-centrum-arena-brno/,2025-01-21,Arena Brno roste do výšky,https://cobude.brno.cz/arena-brno-roste-do-vysky/
https://cobude.brno.cz/projekt/multifunkcni-centrum-arena-brno/,2024-09-23,Podívejte se na časosběrné video ze stavby ARENY BRNO,https://cobude.brno.cz/podivejte-se-na-casosberne-video-ze-stavby-areny-brno/
https://cobude.brno.cz/projekt/multifunkcni-centrum-arena-brno/,2024-09-03,DPMB dokončil třetí fázi modernizace tramvajové vozovny Pisárky. Během 19 měsíců vybudoval vratnou…,https://cobude.brno.cz/dpmb-dokoncil-treti-fazi-modernizace-tramvajove-vozovny-pisarky-behem-19-mesicu-vybudoval-vratnou-smycku-a-zmodernizoval-odstavnou-plochu-u-vozovny/
https://cobude.brno.cz/projekt/multifunkcni-centrum-arena-brno/,2024-04-22,Brno v záři reflektorů: stane se dějištěm vrcholných šampionátů házené,https://cobude.brno.cz/brno-v-zari-reflektoru-stane-se-dejistem-vrcholnych-sampionatu-hazene/
https://cobude.brno.cz/projekt/multifunkcni-centrum-arena-brno/,2024-04-22,"Jak se staví aréna, se dozvíte na prohlídce přímo od stavbařů",https://cobude.brno.cz/jak-se-stavi-arena-se-dozvite-na-prohlidce-primo-od-stavbaru/
https://cobude.brno.cz/projekt/multifunkcni-centrum-arena-brno/,2024-01-10,Městská společnost ARENA BRNO hledá provozovatele gastronomických služeb ve stejnojmenné…,https://cobude.brno.cz/mestska-spolecnost-arena-brno-hleda-provozovatele-gastronomickych-sluzeb-ve-stejnojmenne-multifunkcni-hale/
https://cobude.brno.cz/projekt/multifunkcni-centrum-arena-brno/,2023-09-18,Výstavba multifunkční haly ARENA BRNO začíná. Práce na největším strategickém projektu města Brna…,https://cobude.brno.cz/vystavba-multifunkcni-haly-arena-brno-zacina-prace-na-nejvetsim-strategickem-projektu-mesta-brna-potrvaji-33-mesicu/
https://cobude.brno.cz/projekt/multifunkcni-centrum-arena-brno/,2023-07-13,Evropská komise schválila notifikaci multifunkční haly,https://cobude.brno.cz/evropska-komise-schvalila-notifikaci-multifunkcni-haly/
https://cobude.brno.cz/projekt/multifunkcni-centrum-arena-brno/,2023-06-21,Zastupitelstvo schválilo úvěrovou a finanční dokumentaci projektu multifunkční haly,https://cobude.brno.cz/zastupitelstvo-schvalilo-uverovou-a-financni-dokumentaci-projektu-multifunkcni-haly/
https://cobude.brno.cz/projekt/multifunkcni-centrum-arena-brno/,2023-03-08,"Stavební práce na Bauerově omezí od 20. března vjezd do Pisáreckých tunelů, změny se dotknou i…",https://cobude.brno.cz/stavebni-prace-na-bauerove-omezi-od-20-brezna-vjezd-do-pisareckych-tunelu-zmeny-se-dotknou-i-parkovani-a-mhd/
https://cobude.brno.cz/projekt/multifunkcni-centrum-arena-brno/,2023-03-08,Schválení veřejné podpory na projekt multifunkční haly od Evropské komise lze očekávat za dva měsíce,https://cobude.brno.cz/schvaleni-verejne-podpory-na-projekt-multifunkcni-haly-od-evropske-komise-lze-ocekavat-za-dva-mesice/
https://cobude.brno.cz/projekt/multifunkcni-centrum-arena-brno/,2023-02-10,Multifunkční hala nabídne až 30 způsobů využití,https://cobude.brno.cz/multifunkcni-hala-nabidne-az-30-zpusobu-vyuziti/
https://cobude.brno.cz/projekt/multifunkcni-centrum-arena-brno/,2023-01-17,Další milník ve výstavbě multifunkční haly: primátorka a zástupci vybraného zhotovitele podepsali…,https://cobude.brno.cz/dalsi-milnik-ve-vystavbe-multifunkcni-haly-primatorka-a-zastupci-vybraneho-zhotovitele-podepsali-smlouvu/
https://cobude.brno.cz/projekt/multifunkcni-centrum-arena-brno/,2022-12-07,Multifunkční halu má provozovat ARENA BRNO. Klíčové je nyní schválení veřejné podpory Evropskou…,https://cobude.brno.cz/multifunkcni-halu-ma-provozovat-arena-brno-klicove-je-nyni-schvaleni-verejne-podpory-evropskou-komisi-koncesionar-se-muze-hledat-pozdeji/
https://cobude.brno.cz/projekt/multifunkcni-centrum-arena-brno/,2022-10-05,Je vybráno. Multifunkční halu postaví společnost HOCHTIEF CZ,https://cobude.brno.cz/je-vybrano-multifunkcni-halu-postavi-spolecnost-hochtief-cz/
https://cobude.brno.cz/projekt/telematika/,2024-01-24,"Dopravní telematika na Tomkově náměstí a Rokytově vyjde o milion levněji, část nákladů by měla…",https://cobude.brno.cz/dopravni-telematika-na-tomkove-namesti-a-rokytove-vyjde-o-milion-levneji-cast-nakladu-by-mela-navic-pokryt-dotace/
https://cobude.brno.cz/projekt/telematika/,2023-11-02,Rekonstrukce stávajících i vybudování nových světelných signalizačních zařízení. Radní vybrali…,https://cobude.brno.cz/rekonstrukce-stavajicich-i-vybudovani-novych-svetelnych-signalizacnich-zarizeni-radni-vybrali-zhotovitele-na-upravy-nekterych-krizovatek/
https://cobude.brno.cz/projekt/telematika/,2022-10-19,Začalo to přednostním průjezdem křižovatkou a končit to může třeba autonomně řízenými vozidly.…,https://cobude.brno.cz/zacalo-to-prednostnim-prujezdem-krizovatkou-a-koncit-to-muze-treba-autonomne-rizenymi-vozidly-mesto-se-zameri-na-rozvoj-c-its/
https://cobude.brno.cz/projekt/tepelny-napajec-dukovany-brno/,2026-06-24,Horkovod Dukovany–Brno míří do další etapy příprav. Teplárny Brno představily aktuální stav projektu,https://cobude.brno.cz/horkovod-dukovany-brno-miri-do-dalsi-etapy-priprav-teplarny-brno-predstavily-aktualni-stav-projektu/
https://cobude.brno.cz/projekt/tepelny-napajec-dukovany-brno/,2026-05-15,Teplárny Brno představily ambasadorům projektu aktuální přípravy Horkovodu z Dukovan. Odborný tým…,https://cobude.brno.cz/teplarny-brno-predstavily-ambasadorum-projektu-aktualni-pripravy-horkovodu-z-dukovan-odborny-tym-ziskal-tri-nove-posily/
https://cobude.brno.cz/projekt/tepelny-napajec-dukovany-brno/,2026-05-13,Ministr Karel Havlíček na Dnech teplárenství a energetiky: Horkovod z Dukovan do Brna musíme dohrát,https://cobude.brno.cz/ministr-karel-havlicek-na-dnech-teplarenstvi-a-energetiky-horkovod-z-dukovan-do-brna-musime-dohrat/
https://cobude.brno.cz/projekt/tepelny-napajec-dukovany-brno/,2026-03-18,Brusel podpořil Horkovod. Europoslanci Knotek a Kubín se stali ambasadory projektu,https://cobude.brno.cz/brusel-podporil-horkovod-europoslanci-knotek-a-kubin-se-stali-ambasadory-projektu/
https://cobude.brno.cz/projekt/tepelny-napajec-dukovany-brno/,2025-12-23,"Teplárny Brno vybraly společnost, která vypracuje projektovou dokumentaci pro horkovod z Dukovan do…",https://cobude.brno.cz/teplarny-brno-vybraly-spolecnost-ktera-vypracuje-projektovou-dokumentaci-pro-horkovod-z-dukovan-do-brna/
https://cobude.brno.cz/projekt/tepelny-napajec-dukovany-brno/,2025-10-01,"Horkovod z Dukovan do Brna má zelenou, získal podporu přes 10 miliard korun z výnosů z emisních…",https://cobude.brno.cz/horkovod-z-dukovan-do-brna-ma-zelenou-ziskal-podporu-pres-10-miliard-korun-z-vynosu-z-emisnich-povolenek/
https://cobude.brno.cz/projekt/tepelny-napajec-dukovany-brno/,2025-09-05,Na Špilberku se sešli ambasadoři horkovodu s vedením města a ministrem životního prostředí,https://cobude.brno.cz/na-spilberku-se-sesli-ambasadori-horkovodu-s-vedenim-mesta-a-ministrem-zivotniho-prostredi/
https://cobude.brno.cz/projekt/tepelny-napajec-dukovany-brno/,2025-03-05,Spolupráce s VUT na poli energetiky posílí partnerství veřejného a soukromého sektoru s akademickou…,https://cobude.brno.cz/spoluprace-s-vut-na-poli-energetiky-posili-partnerstvi-verejneho-a-soukromeho-sektoru-s-akademickou-sferou-prikladem-je-spoluprace-na-vybudovani-horkovodu-z-dukovan-do-brna/
https://cobude.brno.cz/projekt/tepelny-napajec-dukovany-brno/,2025-03-05,"Energetickou krizi Brno úspěšně zvládlo, teď se zbavuje závislosti na plynu a sází na obnovitelné a…",https://cobude.brno.cz/energetickou-krizi-brno-uspesne-zvladlo-ted-se-zbavuje-zavislosti-na-plynu-a-sazi-na-obnovitelne-a-druhotne-zdroje-energie-a-na-teplo-z-dukovan/
https://cobude.brno.cz/projekt/tepelny-napajec-dukovany-brno/,2025-02-05,V otázce energetiky bude město spolupracovat s VUT. Příkladem je projekt vybudování horkovodu z…,https://cobude.brno.cz/v-otazce-energetiky-bude-mesto-spolupracovat-s-vut-prikladem-je-projekt-vybudovani-horkovodu-z-dukovan-do-brna/
https://cobude.brno.cz/projekt/tepelny-napajec-dukovany-brno/,2024-03-25,Společnosti Teplárny Brno a ČEZ podepsaly strategické smlouvy o výstavbě horkovodu z Dukovan do Brna,https://cobude.brno.cz/spolecnosti-teplarny-brno-a-cez-podepsaly-strategicke-smlouvy-o-vystavbe-horkovodu-z-dukovan-do-brna/
https://cobude.brno.cz/projekt/tepelny-napajec-dukovany-brno/,2023-05-29,Teplárny Brno a ČEZ uzavřely smlouvu o spolupráci na projektu „Dodávky tepla z Jaderné elektrárny…,https://cobude.brno.cz/teplarny-brno-a-cez-uzavrely-smlouvu-o-spolupraci-na-projektu-dodavky-tepla-z-jaderne-elektrarny-dukovany-do-brna/
https://cobude.brno.cz/projekt/velky-mestsky-okruh/,2025-04-15,Práce na Žabovřeské definitivně končí. Zlepšení se dočkali nejen řidiči,https://cobude.brno.cz/prace-na-zabovreske-definitivne-konci-zlepseni-se-dockali-nejen-ridici/
https://cobude.brno.cz/projekt/velky-mestsky-okruh/,2024-12-18,"Technická studie napoví, kudy přesně povede VMO na jihu Brna",https://cobude.brno.cz/technicka-studie-napovi-kudy-presne-povede-vmo-na-jihu-brna/
https://cobude.brno.cz/projekt/velky-mestsky-okruh/,2024-12-13,ŘSD kompletně zprovoznilo stavby velkého městského okruhu přes Tomkovo náměstí po Rokytovu,https://cobude.brno.cz/rsd-kompletne-zprovoznilo-stavby-velkeho-mestskeho-okruhu-pres-tomkovo-namesti-po-rokytovu/
https://cobude.brno.cz/projekt/velky-mestsky-okruh/,2024-11-18,ŘSD dnes zprovoznilo důležitou část velkého městského okruhu v ulici Žabovřeská,https://cobude.brno.cz/rsd-dnes-zprovoznilo-dulezitou-cast-velkeho-mestskeho-okruhu-v-ulici-zabovreska/
https://cobude.brno.cz/projekt/velky-mestsky-okruh/,2024-11-08,Je tu měsíc velkého městského okruhu. Otevřou se tři hotové úseky,https://cobude.brno.cz/je-tu-mesic-velkeho-mestskeho-okruhu-otevrou-se-tri-hotove-useky/
https://cobude.brno.cz/projekt/velky-mestsky-okruh/,2024-11-06,Ředitelství silnic a dálnic dnes zprovoznilo stavbu VMO Bauerova v Brně,https://cobude.brno.cz/reditelstvi-silnic-a-dalnic-dnes-zprovoznilo-stavbu-vmo-bauerova-v-brne/
https://cobude.brno.cz/projekt/velky-mestsky-okruh/,2024-08-16,"Třicet metrů pod zemí, dvacet nad ní. Unikátní estakáda velkého městského okruhu přes Tomkovo…",https://cobude.brno.cz/tricet-metru-pod-zemi-dvacet-nad-ni-unikatni-estakada-velkeho-mestskeho-okruhu-pres-tomkovo-namesti-po-rokytovu-je-hotova/
https://cobude.brno.cz/projekt/velky-mestsky-okruh/,2024-08-13,Nejen z výhledu oči přecházejí. Prozkoumejte estakádu nad Tomkovým náměstím,https://cobude.brno.cz/nejen-z-vyhledu-oci-prechazeji-prozkoumejte-estakadu-nad-tomkovym-namestim/
https://cobude.brno.cz/projekt/velky-mestsky-okruh/,2024-05-29,Velký městský okruh překoná železniční tratě nového nádraží mostní estakádou,https://cobude.brno.cz/velky-mestsky-okruh-prekona-zeleznicni-trate-noveho-nadrazi-mostni-estakadou-2/
https://cobude.brno.cz/projekt/velky-mestsky-okruh/,2024-05-20,Velký městský okruh na vlastní oči? Vydejte se v sobotu na Žabovřeskou,https://cobude.brno.cz/velky-mestsky-okruh-na-vlastni-oci-vydejte-se-v-sobotu-na-zabovreskou/
https://cobude.brno.cz/projekt/velky-mestsky-okruh/,2024-04-23,Díky postupu prací na Tomkově náměstí se čtyřka vrací do Maloměřic a Obřan,https://cobude.brno.cz/diky-postupu-praci-na-tomkove-namesti-se-ctyrka-vraci-do-malomeric-a-obran/
https://cobude.brno.cz/projekt/velky-mestsky-okruh/,2024-02-02,Lidé si mohou prohlédnout vizualizaci stavby Ostravské radiály,https://cobude.brno.cz/lide-si-mohou-prohlednout-vizualizaci-stavby-ostravske-radialy/
https://cobude.brno.cz/projekt/velky-mestsky-okruh/,2024-01-24,"Dopravní telematika na Tomkově náměstí a Rokytově vyjde o milion levněji, část nákladů by měla…",https://cobude.brno.cz/dopravni-telematika-na-tomkove-namesti-a-rokytove-vyjde-o-milion-levneji-cast-nakladu-by-mela-navic-pokryt-dotace-2/
https://cobude.brno.cz/projekt/velky-mestsky-okruh/,2023-09-05,Procházka po estakádě? Rozhlédnete se už v sobotu,https://cobude.brno.cz/prochazka-po-estakade-rozhlednete-se-uz-v-sobotu/
https://cobude.brno.cz/projekt/velky-mestsky-okruh/,2023-08-10,"Estakáda nad Maloměřickým nádražím roste, za měsíc se po ní projdou návštěvníci",https://cobude.brno.cz/stavby-pod-lupou-estakada-nad-malomerickym-nadrazim-roste-za-mesic-se-po-ni-projdou-navstevnici/
https://cobude.brno.cz/projekt/velky-mestsky-okruh/,2023-08-02,První milník okruhu na Bauerově bude určen chodcům,https://cobude.brno.cz/stavby-pod-lupou-prvni-milnik-okruhu-na-bauerove-bude-urcen-chodcum/
https://cobude.brno.cz/projekt/velky-mestsky-okruh/,2023-07-28,Zbrusu nová galerie na Žabovřeské už čeká na první kola aut,https://cobude.brno.cz/zbrusu-nova-galerie-na-zabovreske-uz-ceka-na-prvni-kola-aut/
https://cobude.brno.cz/projekt/velky-mestsky-okruh/,2023-04-29,"Tunel je hotový, jednička se vrací na trasu po Žabovřeské",https://cobude.brno.cz/tunel-je-hotovy-jednicka-se-vraci-na-trasu-po-zabovreske/
https://cobude.brno.cz/projekt/velky-mestsky-okruh/,2023-04-11,Ředitelství silnic a dálnic zahajuje stavbu I/42 VMO Bauerova,https://cobude.brno.cz/reditelstvi-silnic-a-dalnic-zahajuje-stavbu-i-42-vmo-bauerova/
https://cobude.brno.cz/projekt/velky-mestsky-okruh/,2023-03-08,"Stavební práce na Bauerově omezí od 20. března vjezd do Pisáreckých tunelů, změny se dotknou i…",https://cobude.brno.cz/stavebni-prace-na-bauerove-omezi-od-20-brezna-vjezd-do-pisareckych-tunelu-zmeny-se-dotknou-i-parkovani-a-mhd-2/
https://cobude.brno.cz/projekt/velky-mestsky-okruh/,2023-02-03,Kaple sv. Antonína Paduánského v Žabovřeskách se utká v soutěži o nejlépe opravenou památku v kraji,https://cobude.brno.cz/kaple-sv-antonina-paduanskeho-v-zabovreskach-se-utka-v-soutezi-o-nejlepe-opravenou-pamatku-v-kraji/
https://cobude.brno.cz/projekt/vozovna-pisarky-lanovka-kampus/,2025-04-25,"Dopravní studie v budoucnu napoví, zda se bude pokračovat v projektu lanovky do kampusu",https://cobude.brno.cz/dopravni-studie-v-budoucnu-napovi-zda-se-bude-pokracovat-v-projektu-lanovky-do-kampusu/
https://cobude.brno.cz/projekt/vozovna-pisarky-lanovka-kampus/,2024-09-26,Městský soud v Praze zrušil stavební povolení k projektu lanovky z Pisárek do bohunického kampusu,https://cobude.brno.cz/mestsky-soud-v-praze-zrusil-stavebni-povoleni-k-projektu-lanovky-z-pisarek-do-bohunickeho-kampusu/
https://cobude.brno.cz/projekt/vozovna-pisarky-lanovka-kampus/,2024-09-06,Základní informace o lanovce z Pisárek do kampusu,https://cobude.brno.cz/zakladni-informace-o-lanovce-z-pisarek-do-kampusu/
https://cobude.brno.cz/projekt/vozovna-pisarky-lanovka-kampus/,2024-09-03,DPMB dokončil třetí fázi modernizace tramvajové vozovny Pisárky. Během 19 měsíců vybudoval vratnou…,https://cobude.brno.cz/dpmb-dokoncil-treti-fazi-modernizace-tramvajove-vozovny-pisarky-behem-19-mesicu-vybudoval-vratnou-smycku-a-zmodernizoval-odstavnou-plochu-u-vozovny-2/
https://cobude.brno.cz/projekt/vozovna-pisarky-lanovka-kampus/,2024-04-09,Na dubnovém zasedání diskutovali zastupitelé i projekt lanovky do kampusu,https://cobude.brno.cz/na-dubnovem-zasedani-zastupitele-diskutovali-i-projekt-lanovky-do-kampusu/
https://cobude.brno.cz/projekt/vozovna-pisarky-lanovka-kampus/,2023-11-07,"I v tramvajové vozovně mají harfu. Nedá se na ni hrát, ale pomůže vyladit zdejší provoz",https://cobude.brno.cz/i-v-tramvajove-vozovne-maji-harfu-neda-se-na-ni-hrat-ale-pomuze-vyladit-zdejsi-provoz/
https://cobude.brno.cz/projekt/vozovna-pisarky-lanovka-kampus/,2023-10-02,Stavba tramvajové smyčky v brněnských Pisárkách bude pokračovat betonáží mostu,https://cobude.brno.cz/stavba-tramvajove-smycky-v-brnenskych-pisarkach-bude-pokracovat-betonazi-mostu/
https://cobude.brno.cz/projekt/vozovna-pisarky-lanovka-kampus/,2023-03-24,V Pisárkách se naplno rozjely práce na stavbě vratné smyčky. První tramvaje po ní do vozovny vjedou…,https://cobude.brno.cz/v-pisarkach-se-naplno-rozjely-prace-na-stavbe-vratne-smycky-prvni-tramvaje-po-ni-do-vozovny-vjedou-pristi-rok-v-lete/
https://cobude.brno.cz/projekt/parkoviste-pr/,2025-07-15,"Academy Park na Veveří se otevírá: nabízí stovky míst pro auta, novou zeleň a vyřídíte tu i…",https://cobude.brno.cz/academy-park-na-veveri-se-otevira-nabizi-stovky-mist-pro-auta-novou-zelen-a-vyridite-tu-i-zalezitosti-tykajici-se-modrych-zon/
https://cobude.brno.cz/projekt/parkoviste-pr/,2025-05-07,Na Šumavské přibudou desítky parkovacích míst v modrých zónách. Další stání vznikají i pro…,https://cobude.brno.cz/na-sumavske-pribudou-desitky-parkovacich-mist-v-modrych-zonach-dalsi-stani-vznikaji-i-pro-elektromobily/
https://cobude.brno.cz/projekt/parkoviste-pr/,2025-03-12,Parkovací dům na Šumavské má schválený ceník,https://cobude.brno.cz/parkovaci-dum-na-sumavske-ma-schvaleny-cenik/
https://cobude.brno.cz/projekt/parkoviste-pr/,2023-08-07,"Parkovací dům na Šumavské zatím roste do hloubky, za rok bude mít čtyři patra",https://cobude.brno.cz/parkovaci-dum-na-sumavske-zatim-roste-do-hloubky-za-rok-bude-mit-ctyri-patra/
https://cobude.brno.cz/projekt/parkoviste-pr/,2023-03-06,"Zástupci města, Brněnských komunikací a zhotovitele poklepali základní kámen parkovacího domu a…",https://cobude.brno.cz/zastupci-mesta-brnenskych-komunikaci-a-zhotovitele-poklepali-zakladni-kamen-parkovaciho-domu-a-parkoviste-na-akademickem-namesti/
https://cobude.brno.cz/projekt/parkoviste-pr/,2023-02-15,Do pondělí je nutné vyklidit parkoviště na Šumavské,https://cobude.brno.cz/do-pondeli-je-nutne-vyklidit-parkoviste-na-sumavske/
https://cobude.brno.cz/projekt/parkoviste-pr/,2022-09-28,Město zná zhotovitele parkovacího domu na Šumavské,https://cobude.brno.cz/mesto-zna-zhotovitele-parkovaciho-domu-na-sumavske/
https://cobude.brno.cz/projekt/centrum-vyuzivani-odpadu/,2023-03-20,Brno: První pravidelný provoz automatické třídicí linky v České republice zahájen. Znamená zásadní…,https://cobude.brno.cz/brno-prvni-pravidelny-provoz-automaticke-tridici-linky-v-ceske-republice-zahajen-znamena-zasadni-posun-v-kvalite-dotridovani-odpadu/
https://cobude.brno.cz/projekt/centrum-vyuzivani-odpadu/,2023-01-16,Aby Brno nezavalily odpadky. Jaký je plán?,https://cobude.brno.cz/aby-brno-nezavalily-odpadky-jaky-je-plan-2/
https://cobude.brno.cz/projekt/plavecky-stadion-luzanky/,2023-11-06,"Nový plavecký komplex v Lužánkách zahajuje provoz pro veřejnost, otevřený bude denně",https://cobude.brno.cz/novy-plavecky-komplex-v-luzankach-zahajuje-provoz-pro-verejnost-otevreny-bude-denne/
https://cobude.brno.cz/projekt/plavecky-stadion-luzanky/,2023-08-15,"Lužánky se na podzim opět otevřou plavcům, nechybí nový bazén",https://cobude.brno.cz/luzanky-se-na-podzim-opet-otevrou-plavcum-nechybi-novy-bazen/
https://cobude.brno.cz/projekt/plavecky-stadion-luzanky/,2023-06-21,Výstavba nového plaveckého komplexu pokračuje. Termín otevření bude na podzim,https://cobude.brno.cz/vystavba-noveho-plaveckeho-komplexu-pokracuje-termin-otevreni-bude-na-podzim/
https://cobude.brno.cz/projekt/plavecky-stadion-luzanky/,2023-02-10,Bazény za Lužánkami: mezinárodní závody i výuka plaváčků,https://cobude.brno.cz/bazeny-za-luzankami-mezinarodni-zavody-i-vyuka-plavacku/
https://cobude.brno.cz/projekt/tramvajova-trat-kampus/,2022-12-08,Novou tramvají po nové trase do kampusu,https://cobude.brno.cz/novou-tramvaji-po-nove-trase-do-kampusu/
https://cobude.brno.cz/projekt/tramvajova-trat-kampus/,2022-10-06,První cestující pojedou tramvají do kampusu v prosinci,https://cobude.brno.cz/prvni-cestujici-pojedou-tramvaji-do-kampusu-v-prosinci/
https://cobude.brno.cz/projekt/rekonstrukce-mendlovo-namesti/,2023-02-21,Socha věnovaná Gregoru Johannu Mendelovi: Hrachovina byla odhalena,https://cobude.brno.cz/socha-venovana-gregoru-johannu-mendelovi-hrachovina-byla-odhalena/
https://cobude.brno.cz/projekt/rekonstrukce-mendlovo-namesti/,2023-02-21,Dopravní uzel v novém. Práce na Mendlově náměstí skončily,https://cobude.brno.cz/dopravni-uzel-v-novem-prace-na-mendlove-namesti-skoncily/
https://cobude.brno.cz/projekt/rekonstrukce-mendlovo-namesti/,2022-11-14,Obnovený Mendelův skleník se slavnostně otevírá,https://cobude.brno.cz/obnoveny-mendeluv-sklenik-se-slavnostne-otevira/
https://cobude.brno.cz/projekt/rozvoj-arealu-vodova/,2025-04-22,STAREZ ARÉNA VODOVA má třetí halu. Provoz začne v polovině května,https://cobude.brno.cz/starez-arena-vodova-ma-treti-halu-provoz-zacne-v-polovine-kvetna/
https://cobude.brno.cz/projekt/rozvoj-arealu-vodova/,2024-07-22,Stavba třetí haly pro míčové sporty ve Vodově ulici zdárně pokračuje. První sportovce přivítá již…,https://cobude.brno.cz/stavba-treti-haly-pro-micove-sporty-ve-vodove-ulici-zdarne-pokracuje-prvni-sportovce-privita-jiz-na-jare/
https://cobude.brno.cz/projekt/rozvoj-arealu-vodova/,2024-03-19,Práce na výstavbě třetí haly na Vodově probíhají podle plánu,https://cobude.brno.cz/prace-na-vystavbe-treti-haly-na-vodove-probihaji-podle-planu/
https://cobude.brno.cz/projekt/rozvoj-arealu-vodova/,2023-09-11,Ve sportovním areálu na Vodově začíná výstavba třetí haly pro míčové sporty. Rozšíří se kapacita…,https://cobude.brno.cz/ve-sportovnim-arealu-na-vodove-zacina-vystavba-treti-haly-pro-micove-sporty-rozsiri-se-kapacita-pro-kluby-vznikne-prostor-pro-velke-akce/
https://cobude.brno.cz/projekt/rozvoj-arealu-vodova/,2023-07-26,Novou halu pro míčové sporty v areálu Vodova postaví zhotovitel za 18 měsíců,https://cobude.brno.cz/novou-halu-pro-micove-sporty-v-arealu-vodova-postavi-zhotovitel-za-18-mesicu/
https://cobude.brno.cz/projekt/rozvoj-arealu-vodova/,2023-02-22,Nová hala pro míčové sporty v areálu Vodova už nebude jen tréninková. Začalo hledání jejího…,https://cobude.brno.cz/nova-hala-pro-micove-sporty-v-arealu-vodova-uz-nebude-jen-treninkova-zacalo-hledani-jejiho-zhotovitele-aby-se-stihla-dve-mistrovstvi-sveta/
https://cobude.brno.cz/projekt/vodojemy-zluty-kopec/,2024-03-21,Brno má novou top památku! Otevřelo Vodojemy Žlutý kopec,https://cobude.brno.cz/brno-ma-novou-top-pamatku-otevrelo-vodojemy-zluty-kopec/
https://cobude.brno.cz/projekt/vodojemy-zluty-kopec/,2024-02-22,Otvíráme! Vodojemy Žlutý kopec plné světla,https://cobude.brno.cz/otvirame-vodojemy-zluty-kopec-plne-svetla/
https://cobude.brno.cz/projekt/vodojemy-zluty-kopec/,2023-08-24,"Svět vodojemů propojily podzemní chodby, areál otevře příští rok",https://cobude.brno.cz/stavby-pod-lupou-svet-vodojemu-propojily-podzemni-chodby-areal-otevre-pristi-rok/
https://cobude.brno.cz/projekt/vodojemy-zluty-kopec/,2023-02-01,Vodojemy se hemží návštěvníky i stavbaři,https://cobude.brno.cz/vodojemy-se-hemzi-navstevniky-i-stavbari/
