tema_id,tema,stav_k_uzaverce,posledni_dolozeny_milnik,zjisteni,gestori_k_provereni,body_programu,zdroje
arena,Multifunkční T ARENA,Stavba; otevření teprve avizováno,2026-09-10,"Stavba začala v září 2023; výběr stavební firmy proběhl už 5. října 2022 před ustavením nové rady. V roce 2026 pokračovalo vybavování, byla sjednána spolupráce s Kometou a na konec září byly ohlášeny první veřejné prohlídky. K 18. září nelze prohlídky ani plný provoz vykazovat jako uskutečněný výsledek. Úvěrovou a finanční dokumentaci podpořilo v červnu 2023 40 zastupitelů, 3 byli proti a 9 se zdrželo. Pro konečný účet je nutné zahrnout vybavení, související infrastrukturu, dotace i dluh společnosti; samotná vysoutěžená stavební cena není celkovým nákladem města.",Markéta Vaňková; René Černý; Petr Kratochvíl; ARENA BRNO,1.8;14.7,https://cobude.brno.cz/projekt/multifunkcni-centrum-arena-brno/ | https://cobude.brno.cz/t-arena-se-poprve-predstavi-verejnosti-na-konci-zari-nabidne-prohlidky-i-vikendovy-program/
jkc,Janáčkovo kulturní centrum,Výstavba; dosud bez dokončeného sálu,2026-07-17,"V období se podařilo přejít od soutěžení k realizaci. Smlouva se zhotovitelem byla podepsána v srpnu 2024; v roce 2026 pokračovala stavba a výběr dodavatele varhan. Archeologické nálezy vyvolaly další rozhodování o zachování torza středověkého domu. Výsledek období je rozestavěný koncertní sál, nikoliv dokončené centrum. Projekt navazuje na dlouhou přípravu a dřívější podzemní etapu.",Markéta Vaňková; René Černý,1.8,https://cobude.brno.cz/projekt/janackovo-kulturni-centrum/ | https://cobude.brno.cz/vyber-zhotovitele-varhan-pro-janackovo-kulturni-centrum-jde-do-finale-trojice-uchazecu-ma-zaslat-finalni-nabidky/
kamechy,Tramvaj na Kamechy,"Zahájeno, tunel proražen; provoz až později",2026-06-09,"Stavba prodloužení tratě začala v roce 2025. V červnu 2026 byl proražen tunel; DPMB uvádí délku tratě přibližně 1,4 km a tři nové zastávky. Zahájení provozu plánuje na konec roku 2027. To dokládá splnění části slibu zahájit stavbu, ale nelze tvrdit, že obyvatelé už nové spojení využívají. Realizátorem je DPMB, městská politická gesce sama neznamená výlučné autorství projektu.",Petr Kratochvíl; René Černý; DPMB,2.8,https://cobude.brno.cz/projekt/tramvajova-trat-kamechy/ | https://www.dpmb.cz/celkem-105-odstrelu-40-tisic-tun-vyvezeneho-materialu-tunel-tramvajove-trati-na-kamechy-je
vmo,Velký městský okruh,Dokončené úseky i další příprava,2025-04-15,"Tomkovo náměstí a Rokytova byly kompletně zprovozněny v prosinci 2024, na Žabovřeské skončily navazující práce na jaře 2025. Jde o výsledky spolupráce se státním ŘSD a o stavby zahájené před nynějším obdobím. Nelze je celé připsat jedné městské straně. Program zahrnoval také tunel Vinohrady a jižní trasu okruhu; dokončení zmíněných úseků samo neprokazuje splnění všech částí bodu 2.1.",Petr Kratochvíl; René Černý; ŘSD,2.1,https://cobude.brno.cz/projekt/velky-mestsky-okruh/ | https://cobude.brno.cz/rsd-kompletne-zprovoznilo-stavby-velkeho-mestskeho-okruhu-pres-tomkovo-namesti-po-rokytovu/ | https://cobude.brno.cz/prace-na-zabovreske-definitivne-konci-zlepseni-se-dockali-nejen-ridici/
kampus,Tramvaj do kampusu,Zprovozněno; převzatá stavba,2022-12-08,"Nová trať do bohunického kampusu vstoupila do provozu v prosinci 2022. Zprovoznění spadá do sledovaného období, příprava a podstatná část stavby však patří předchozímu vedení. Je to vhodný příklad rozdílu mezi datem otevření a politickým autorstvím.",Petr Kratochvíl; DPMB,,https://cobude.brno.cz/projekt/tramvajova-trat-kampus/ | https://cobude.brno.cz/novou-tramvaji-po-nove-trase-do-kampusu/
lanovka,Lanovka Pisárky–kampus,Povolení zrušeno; další příprava podmíněná studií,2025-04-25,"Městský soud v Praze v září 2024 zrušil stavební povolení. Město v dubnu 2025 oznámilo, že rozhodnutí o pokračování bude záviset na dopravní studii rozvojového území. Z doloženého stavu plyne odklad a právní překážka, nikoliv fungující dopravní spojení ani definitivní zánik záměru.",Petr Kratochvíl; René Černý; DPMB,,https://cobude.brno.cz/projekt/vozovna-pisarky-lanovka-kampus/ | https://cobude.brno.cz/dopravni-studie-v-budoucnu-napovi-zda-se-bude-pokracovat-v-projektu-lanovky-do-kampusu/
bydleni_kamenny,Družstevní bydlení Kamenný vrch II,Smlouva a financování schváleny; zahájení avizováno,2026-09-16,"Červencový podpis smlouvy se týká 353 bytů: 280 družstevních, 54 nájemních města a 19 nájemních pro Nový Lískovec. Plná červencová zpráva uvádí dokončení do roku 2030; rok 2029 se v témže textu vztahuje k jiným lokalitám, Mostecké a V Aleji. Zpráva ze 16. září potvrzuje schválení návrhu úvěrové smlouvy s ČSOB na 1,71 mld. Kč a avizuje zahájení stavby v následujícím týdnu. Město má při poklesu obsazenosti převzít úhradu měsíčních splátek, což je důležitý podmíněný závazek. Jde o smluvní a finanční posun, nikoli již předané byty. Jednotlivé kategorie bytů se nesmějí zaměňovat při kontrole číselných slibů.",Karin Podivinská Karasová; René Černý; Realitní společnost města Brna,3.5,https://cobude.brno.cz/projekt/bytova-vystavba-kamenny-vrch/ | https://cobude.brno.cz/zastupci-mesta-podepsali-smlouvu-se-zhotovitelem-353-bytu-na-kamennem-vrchu/ | https://bydleni.brno.cz/news-bydleni/kamenny-vrch-ii/ | https://cosedeje.brno.cz/w/maly-krok-pro-projekt-velky-krok-pro-obecni-druzstevni-bydleni-v-cesku-brno-podepsalo-smlouvu-se-zhotovitelem-353-bytu-na-kamennem-vrchu | https://cosedeje.brno.cz/w/uver-od-banky-schvalen-finance-na-vystavbu-prvniho-brnenskeho-druzstevniho-bydleni-poskytne-csob
bydleni_pristup,Přístup k obecním bytům a byty pro singles,Zavedené nástroje; kvantitativní stavební sliby neuzavřeny,2026-01-01,"Město zavedlo startovací byty pro jednotlivce a od ledna 2026 společný formulář pro žádosti o běžné obecní byty. Formulář usnadňuje podání, nevytváří automatický nárok na byt ani jednotné pořadí ve všech městských částech. Tisková zpráva uvádí k závěru roku 2024 celkem 28 332 městských bytů, z toho 1 209 spravovaných na magistrátní úrovni. Nabídky uvolněných bytů nejsou dokladem nové výstavby; splnění počtu 40 nových startovacích a 150 obecních bytů vyžaduje samostatný soupis zahájených staveb bez duplicit.",Karin Podivinská Karasová,3.3;3.4;3.8,https://cosedeje.brno.cz/w/jeden-formular-pro-temer-30-000-bytu-mesto-zjednodusuje-pristup-k-obecnimu-bydleni | https://cosedeje.brno.cz/w/prihlaste-se-o-obecni-byt-vyzyva-mesto-mlade-lidi-do-40-let
uzemni_plan,Nový územní plán,Vydán a účinný; dílčí změny a přezkum pokračují,2025-01-31,"Zastupitelstvo nový plán vydalo 10. prosince 2024; účinnosti nabyl 31. ledna 2025. Ve veřejném hlasování jej podpořilo 54 zastupitelů, jeden se zdržel. Jde tedy o rozhodnutí s podporou napříč politickými tábory. Schválený plán otevírá pravidla rozvoje, není však sám postavenými byty či dopravou. Při analýze konkrétní parcely je nutné ověřit aktuální změny a soudní zásahy; původně vydaný soubor nemusí vystihovat dnešní právní stav každé plochy.",Ing. arch. Petr Bořecký; ZMB; Kancelář architekta města Brna,4.2,https://upmb.brno.cz/uzemni-plan-mesta-brna/vydany/
stavebni_predpisy,Brněnské stavební předpisy,Přijato v roce 2024,2024-07-01,Město přijalo vlastní stavební předpisy s účinností od 1. července 2024. To je doložený regulatorní výsledek období. Samotné přijetí předpisu neprokazuje zrychlení povolování či zlevnění bydlení; takový závěr by vyžadoval sledování výsledků a zohlednění přechodných pravidel.,Ing. arch. Petr Bořecký; RMB; Kancelář architekta města Brna,4.10,https://www.brno.cz/w/narizeni-4390
sako,SAKO: třetí spalovací linka,Původní projekt zastaven; nová smlouva uzavřena,2025-12-02,"Mimořádné Z9/11 dne 18. října 2023 schválilo ukončení přípravy původního projektu. Konečné rozhodnutí mělo 32 hlasů pro: 31 v tajné volbě a jeden veřejný on-line hlas Miroslava Kubáska. Jmenovitě lze analyzovat veřejné hlasování o zavedení tajné volby, nikoliv rekonstruovat tajné lístky. Nově soutěžená modernizace vyústila v oznámení smlouvy za 5,4 mld. Kč v prosinci 2025. Politickou bilanci je třeba dělat nad oběma projekty, dotačními podmínkami, termíny a rozsahem; nelze prostým odečtením různých cen určit škodu nebo úsporu.",Robert Kerndl; Pavel Urubek; orgány koncernu; ZMB,9.1,https://cobude.brno.cz/projekt/odpadove-hospodarstvi/ | https://www.sako.cz/sako-brno-uzavrelo-smlouvu-na-projekt-modernizace-zevo-spolecnosti-sako-brno | https://www.sako.cz/sites/default/files/docs/2025/06/vz2024.pdf
biomasa,Biomasový zdroj Brno-sever,Ve zkušebním provozu,2026-05-01,"Teplárny v květnu 2026 popisují nový biomasový zdroj již ve zkušebním provozu. To je silnější doklad než dřívější slib zahájit stavbu, ale ještě není vyhodnocením dlouhodobého standardního provozu. Podnik uvádí předpokládané snížení závislosti na plynu; údaje o očekávané roční úspoře emisí jsou modelový či provozovatelem deklarovaný přínos, nikoliv v tomto přehledu nezávisle přeměřený výsledek.",Robert Kerndl; Jiří Herman; Teplárny Brno,9.1,https://www.teplarny.cz/cs/zdroj-brno-sever-ziskal-kristalovy-komin-za-projekt-roku-a-uspel-v-celostatni-konkurenci
energetika_sprava,Městská energetika a dodavatel energií,Institucionální změny doloženy,2025-03-05,"Městský přehled z března 2025 dokládá vznik Oddělení městské energetiky, aktualizaci energetické koncepce a založení společnosti Energie Teplárny Brno. Jsou to konkrétní nástroje k plnění programu. Příznivé hodnocení zvládnutí energetické krize je vlastní hodnocení města; nelze z něj bez cenového srovnání a znalosti nákupní strategie odvodit, že všechny úspory způsobilo vedení magistrátu.",Robert Kerndl; Markéta Vaňková; Teplárny Brno,9.7;9.9,https://cosedeje.brno.cz/w/energetickou-krizi-brno-uspesne-zvladlo-ted-se-zbavuje-zavislosti-na-plynu-a-sazi-na-obnovitelne-a-druhotne-zdroje-energie-a-na-teplo-z-dukovan
dukovany,Horkovod Dukovany–Brno,Příprava a projektování,2026-06-24,"Projekt v roce 2026 pokračuje přípravou. Podepsaná memoranda a smlouvy jsou významné milníky, ale nejde o hotový zdroj dodávající Brnu teplo z Dukovan. Pro budoucí kontrolu jsou rozhodující financování, povolení, trasa, cenové podmínky tepla a skutečný harmonogram stavby.",Robert Kerndl; Jiří Herman; Teplárny Brno; ČEZ,9.1,https://cobude.brno.cz/projekt/tepelny-napajec-dukovany-brno/ | https://cobude.brno.cz/horkovod-dukovany-brno-miri-do-dalsi-etapy-priprav-teplarny-brno-predstavily-aktualni-stav-projektu/
julia,Dům pro Julii,Dokončeno v roce 2024,2024-07,"Dětský hospic je hmatatelný dokončený výsledek. Příprava a zahájení stavby v květnu 2022 předcházejí této radě; dokončení spadá do roku 2024. Městský projektový list uvádí skutečné celkové náklady 232 976 395,46 Kč a dotaci 85 906 610,62 Kč. Tyto hodnoty mají jiný rozsah než samotná cena stavebních prací. Politickou gesci sociálních služeb je třeba odlišit od práce provozovatele hospice a dárců.",Robert Kerndl; René Černý; provozovatel Dům pro Julii,18.4,https://www.brno.cz/documents/20121/1828392/Dum_pro_Julii.pdf/074a5d18-0db0-cf14-cefc-3098cbc34e7f
cerveny_kopec,Sociálně-zdravotní komplex Červený kopec,"Zadávací řízení, nikoliv provoz",2026-07-29,Město hledalo zhotovitele od roku 2025. V červenci 2026 upravilo zadávací podmínky a prodloužilo lhůtu pro nabídky přibližně do poloviny září. V doložených podkladech proto nejde o již poskytovanou novou kapacitu sociální či zdravotní péče.,Robert Kerndl; René Černý; Dagmar Seidlová,18.4,https://cobude.brno.cz/projekt/komplex-cerveny-kopec/ | https://cobude.brno.cz/mesto-upravilo-zadavaci-podminky-pro-vyber-zhotovitele-komplexu-lhuta-pro-podani-nabidek-se-prodlouzi-priblizne-do-poloviny-zari/
vouchery,Rodičovské vouchery,Zavedený a pokračující program,2026,"Projekt spuštěný v listopadu 2023 pokračuje v roce 2026. Rada pro třetí ročník schválila maximální alokaci 40 mil. Kč a podporu 4 000 Kč na dítě při splnění podmínek. Alokace není skutečně vyčerpaná částka ani počet podpořených dětí. Pravidla se měnila, proto historická tisková zpráva nemá sloužit jako aktuální návod k podání žádosti.",Irena Matonohová; Filip Chvátal; Tomáš Aberl,19.2,https://www.brnoid.cz/cs/rodicovske-vouchery | https://www.brno.cz/documents/20121/13022244/R9-144-P.pdf/c4dcb35c-b23e-20be-bd55-d575d2273626
participace,Dáme na vás,Pokračující participativní rozpočet,2025-11,"V listopadu 2025 hlasovalo téměř 14 tisíc lidí a bylo vybráno sedm vítězných projektů. Výběr projektů je doložený výsledek procesu; dokončení všech vítězných projektů tím prokázáno není. Při hodnocení radního pro participaci je vhodné sledovat odděleně počet hlasujících, dodací dobu projektů a realizované výdaje.",Petr Bořecký bez titulu arch. (od ledna 2024),20.1,https://cosedeje.brno.cz/documents/317111/0/Metropolitan_2026-1_web.pdf/6cce0bdd-5853-813f-2ee5-92412bd70b9a
vodova,Třetí hala na Vodově,Dokončena; provoz oznámen od května 2025,2025-04-22,"Město v dubnu 2025 představilo dokončenou třetí halu a oznámilo zahájení provozu v polovině května. Na rozdíl od řady velkých záměrů jde o konkrétní novou sportovní infrastrukturu vybudovanou v období. Samotná existence haly ještě nevypovídá o provozní dotaci, dostupnosti pro školy a veřejnost ani vytížení; tyto ukazatele má sledovat další kontrola.",Tomáš Aberl; René Černý; STAREZ–SPORT,14.7,https://cobude.brno.cz/projekt/rozvoj-arealu-vodova/ | https://cobude.brno.cz/starez-arena-vodova-ma-treti-halu-provoz-zacne-v-polovine-kvetna/
bazeny,Bazény Lužánky,Otevřeno v listopadu 2023,2023-11-06,"Nový plavecký komplex byl otevřen pro veřejnost v listopadu 2023. Projekt má přesah do předchozího období, proto je vhodné zaznamenat jako výsledek nynějšího období dokončení a spuštění provozu, nikoliv připsat mu celou historii investice.",Tomáš Aberl; René Černý; STAREZ–SPORT,14.7,https://cobude.brno.cz/projekt/plavecky-stadion-luzanky/ | https://cobude.brno.cz/novy-plavecky-komplex-v-luzankach-zahajuje-provoz-pro-verejnost-otevreny-bude-denne/
anthropos,Sportovně-rekreační areál Anthropos,Příprava a majetkové kroky pokračují,2026-09-16,Po vyklizení areálu a demolicích v roce 2025 následovaly další majetkové kroky. Zpráva z 16. září 2026 výslovně hovoří o možnosti pokračovat v přípravě díky směně a dohodě. Nelze jej proto k uzávěrce počítat jako hotový areál pro veřejnost.,Tomáš Aberl; Jiří Oliva; René Černý,1.8;14.7,https://cobude.brno.cz/projekt/rekreacni-areal-pisarky/ | https://cobude.brno.cz/priprava-arealu-anthropos-muze-pokracovat-pomohou-smena-i-dohoda/
stadion,Fotbalový stadion za Lužánkami,Zrušení dosavadního řízení podle zprávy z 15. září,2026-09-15,"Červnové zastupitelstvo po dlouhé debatě odložilo rozhodnutí o prodeji a řešilo právní i cenová rizika. Podle reportáže iDNES z 15. září následně město zrušilo dosavadní řízení a má proces zahájit znovu. Zápis zářijového zasedání nebyl při sběru dostupný: aktuální výsledek je proto označen jako mediálně doložený a nejsou k němu domýšleny individuální hlasy. Případ ukazuje spor o způsob majetkové transakce, který nelze zredukovat na prosté pro nebo proti fotbalu.",Jiří Oliva; Tomáš Aberl; Markéta Vaňková; ZMB,14.7,https://www.idnes.cz/brno/zpravy/stadion-luzanky-zbrojovka-brno-prodej-jednani-poruseni-zakon.A260914_133329_brno-zpravy_mos1
vodojemy,Vodojemy Žlutý kopec,Zpřístupněno v březnu 2024,2024-03-21,"Zpřístupnění vodojemů v březnu 2024 je dokončený kulturní a turistický výsledek s přípravou zasahující do předchozího období. Přínos pro návštěvnost či ekonomiku cestovního ruchu je potřeba poměřovat provozními daty, nikoli pouze propagačním označením nové atrakce.",Markéta Vaňková; René Černý; TIC BRNO,,https://cobude.brno.cz/projekt/vodojemy-zluty-kopec/ | https://cobude.brno.cz/brno-ma-novou-top-pamatku-otevrelo-vodojemy-zluty-kopec/
meninska,Měnínská brána,Rekonstrukce probíhá,2026-05,"Květnový Metropolitan 2026 popisuje rekonstrukci přibližně v polovině. Uvádí investici okolo 50 mil. Kč a dokončování stavebních prací v létě následujícího roku, poté vybavení expozice. Je doložena realizace oprav, nikoliv hotová a znovu otevřená expozice.",Markéta Vaňková; René Černý; Muzeum města Brna,15.3,https://cosedeje.brno.cz/documents/317111/14710024/Metropolitan_2026-5_web.pdf/b6b5494d-efc5-c6d9-0f69-3d880485c346?t=1777288173565
ceska,Kolektor Česká–Středova,Stavba zahájena a probíhá,2026-09-10,"V září 2026 probíhá ražba podzemního kolektoru. Je tedy doloženo zahájení stavby, které program požadoval. Obnova povrchu a dokončení celé investice jsou další milníky; při kontrole nákladů a dopadů na centrum je třeba hodnotit celý průběh, ne pouze zahajovací rozhodnutí.",René Černý; Petr Kratochvíl,1.10,https://cobude.brno.cz/projekt/kolektor-ceska-stredova/ | https://cobude.brno.cz/hornici-pracuji-v-hloubce-az-osmi-metru-na-jejich-praci-se-podivali-i-zastupci-medii/
nadrazi,"Nové nádraží, Trnitá a bulvár",Městská infrastruktura zahájena; nádraží v přípravě,2026-02-26,V únoru 2026 město oznámilo zahájení severní části bulváru spojujícího centrum s budoucím nádražím. To je konkrétní posun navazující městské infrastruktury. Samotný železniční uzel je jiný projekt se Správou železnic; zahájení městské komunikace není zahájením či dokončením nového nádraží.,René Černý; Petr Kratochvíl; Martin Příborský; Správa železnic,1.7,https://cobude.brno.cz/projekt/europoint-nove-nadrazi/ | https://cobude.brno.cz/z-centra-na-nove-nadrazi-bulvarem-stavba-jeho-severni-casti-zacina/
