jmeno,hlasovani_id,zasedani,datum,osoba_id,jmeno_v_protokolu,klub_v_protokolu,volba,volba_original,zdroj_id,pouzitelne_pro_statistiky,omezeni_protokolu
Petr Bauer,Z9-08-094,Z9/08,2023-06-20,petr-bauer,Petr Bauer,ANO 2011,Ano,Ano,64a4f89ad9c902ce,ano,
"Petr Bořecký (arch., ANO 2022)",Z9-08-094,Z9/08,2023-06-20,petr-borecky,Petr Bořecký,ANO 2011,Ano,Ano,64a4f89ad9c902ce,ano,
René Černý,Z9-08-094,Z9/08,2023-06-20,rene-cerny,René Černý,ANO 2011,Ano,Ano,64a4f89ad9c902ce,ano,
Alena Gruberová,Z9-08-094,Z9/08,2023-06-20,alena-gruberova,Alena Gruberová,ANO 2011,Ano,Ano,64a4f89ad9c902ce,ano,
Kateřina Jarošová,Z9-08-094,Z9/08,2023-06-20,katerina-jarosova,Kateřina Jarošová,ANO 2011,Ano,Ano,64a4f89ad9c902ce,ano,
Karel Kalivoda,Z9-08-094,Z9/08,2023-06-20,karel-kalivoda,Karel Kalivoda,ANO 2011,Ano,Ano,64a4f89ad9c902ce,ano,
Karin Podivinská Karasová,Z9-08-094,Z9/08,2023-06-20,karin-podivinska-karasova,Karin Podivinská,ANO 2011,Ano,Ano,64a4f89ad9c902ce,ano,
Pavel Kříž,Z9-08-094,Z9/08,2023-06-20,pavel-kriz,Pavel Kříž,ANO 2011,Ano,Ano,64a4f89ad9c902ce,ano,
Miroslav Kubásek,Z9-08-094,Z9/08,2023-06-20,miroslav-kubasek,Miroslav Kubásek,ANO 2011,Ano,Ano,64a4f89ad9c902ce,ano,
René Novotný,Z9-08-094,Z9/08,2023-06-20,rene-novotny,René Novotný,ANO 2011,Ano,Ano,64a4f89ad9c902ce,ano,
Pavel Outrata,Z9-08-094,Z9/08,2023-06-20,pavel-outrata,Pavel Outrata,ANO 2011,Ano,Ano,64a4f89ad9c902ce,ano,
Vít Prýgl,Z9-08-094,Z9/08,2023-06-20,vit-prygl,Vít Prýgl,ANO 2011,Ano,Ano,64a4f89ad9c902ce,ano,
Daniel Struž,Z9-08-094,Z9/08,2023-06-20,daniel-struz,Daniel Struž,ANO 2011,nepřít.,nepřít.,64a4f89ad9c902ce,ano,
Jiří Oliva,Z9-08-094,Z9/08,2023-06-20,jiri-oliva,Jiří Oliva,ČSSD VAŠI STAROSTOVÉ,Ano,Ano,64a4f89ad9c902ce,ano,
Břetislav Štefan,Z9-08-094,Z9/08,2023-06-20,bretislav-stefan,Břetislav Štefan,ČSSD VAŠI STAROSTOVÉ,Ano,Ano,64a4f89ad9c902ce,ano,
Marek Viskot,Z9-08-094,Z9/08,2023-06-20,marek-viskot,Marek Viskot,ČSSD VAŠI STAROSTOVÉ,Ano,Ano,64a4f89ad9c902ce,ano,
Petr Hladík,Z9-08-094,Z9/08,2023-06-20,petr-hladik,Petr Hladík,Lidovci a Starostové,nepřít.,nepřít.,64a4f89ad9c902ce,ano,
Jakub Hruška,Z9-08-094,Z9/08,2023-06-20,jakub-hruska,Jakub Hruška,Lidovci a Starostové,Ano,Ano,64a4f89ad9c902ce,ano,
Filip Chvátal,Z9-08-094,Z9/08,2023-06-20,filip-chvatal,Filip Chvátal,Lidovci a Starostové,Ano,Ano,64a4f89ad9c902ce,ano,
Jitka Ivičičová,Z9-08-094,Z9/08,2023-06-20,jitka-ivicicova,Jitka Ivičičová,Lidovci a Starostové,Ano,Ano,64a4f89ad9c902ce,ano,
Filip Leder,Z9-08-094,Z9/08,2023-06-20,filip-leder,Filip Leder,Lidovci a Starostové,Ano,Ano,64a4f89ad9c902ce,ano,
Martin Maleček,Z9-08-094,Z9/08,2023-06-20,martin-malecek,Martin Maleček,Lidovci a Starostové,Ano,Ano,64a4f89ad9c902ce,ano,
Michal Marek,Z9-08-094,Z9/08,2023-06-20,michal-marek,Michal Marek,Lidovci a Starostové,Ano,Ano,64a4f89ad9c902ce,ano,
Irena Matonohová,Z9-08-094,Z9/08,2023-06-20,irena-matonohova,Irena Matonohová,Lidovci a Starostové,Ano,Ano,64a4f89ad9c902ce,ano,
Jaroslav Suchý,Z9-08-094,Z9/08,2023-06-20,jaroslav-suchy,Jaroslav Suchý,Lidovci a Starostové,Ano,Ano,64a4f89ad9c902ce,ano,
Radomír Vondra,Z9-08-094,Z9/08,2023-06-20,radomir-vondra,Radomír Vondra,Lidovci a Starostové,Ano,Ano,64a4f89ad9c902ce,ano,
Tomáš Aberl,Z9-08-094,Z9/08,2023-06-20,tomas-aberl,Tomáš Aberl,ODS a TOP 09,Ano,Ano,64a4f89ad9c902ce,ano,
Kristýna Černá,Z9-08-094,Z9/08,2023-06-20,kristyna-cerna,Kristýna Černá,ODS a TOP 09,Ano,Ano,64a4f89ad9c902ce,ano,
David Grund,Z9-08-094,Z9/08,2023-06-20,david-grund,David Grund,ODS a TOP 09,Ano,Ano,64a4f89ad9c902ce,ano,
Jiří Herman,Z9-08-094,Z9/08,2023-06-20,jiri-herman,Jiří Herman,ODS a TOP 09,Ano,Ano (VK),64a4f89ad9c902ce,ano,
Michal Chládek,Z9-08-094,Z9/08,2023-06-20,michal-chladek,Michal Chládek,ODS a TOP 09,Ano,Ano,64a4f89ad9c902ce,ano,
Robert Kerndl,Z9-08-094,Z9/08,2023-06-20,robert-kerndl,Robert Kerndl,ODS a TOP 09,Ano,Ano,64a4f89ad9c902ce,ano,
Vladan Krásný,Z9-08-094,Z9/08,2023-06-20,vladan-krasny,Vladan Krásný,ODS a TOP 09,Ano,Ano,64a4f89ad9c902ce,ano,
Petr Kratochvíl,Z9-08-094,Z9/08,2023-06-20,petr-kratochvil,Petr Kratochvíl,ODS a TOP 09,Ano,Ano,64a4f89ad9c902ce,ano,
Andrea Pazderová,Z9-08-094,Z9/08,2023-06-20,andrea-pazderova,Andrea Pazderová,ODS a TOP 09,Ano,Ano,64a4f89ad9c902ce,ano,
Martin Příborský,Z9-08-094,Z9/08,2023-06-20,martin-priborsky,Martin Příborský,ODS a TOP 09,Ano,Ano,64a4f89ad9c902ce,ano,
Anna Putnová,Z9-08-094,Z9/08,2023-06-20,anna-putnova,Anna Putnová,ODS a TOP 09,Ano,Ano,64a4f89ad9c902ce,ano,
Dagmar Seidlová,Z9-08-094,Z9/08,2023-06-20,dagmar-seidlova,Dagmar Seidlová,ODS a TOP 09,Ano,Ano,64a4f89ad9c902ce,ano,
David Trllo,Z9-08-094,Z9/08,2023-06-20,david-trllo,David Trllo,ODS a TOP 09,Ano,Ano,64a4f89ad9c902ce,ano,
Pavel Urubek,Z9-08-094,Z9/08,2023-06-20,pavel-urubek,Pavel Urubek,ODS a TOP 09,Ano,Ano,64a4f89ad9c902ce,ano,
Markéta Vaňková,Z9-08-094,Z9/08,2023-06-20,marketa-vankova,Markéta Vaňková,ODS a TOP 09,Ano,Ano,64a4f89ad9c902ce,ano,
Libor Zábranský,Z9-08-094,Z9/08,2023-06-20,libor-zabransky-1,Libor Zábranský,ODS a TOP 09,Ano,Ano,64a4f89ad9c902ce,ano,
Tomáš Koláčný,Z9-08-094,Z9/08,2023-06-20,tomas-kolacny,Tomáš Koláčný,Piráti,Zdržel se,Zdržel se,64a4f89ad9c902ce,ano,
Marek Lahoda,Z9-08-094,Z9/08,2023-06-20,marek-lahoda,Marek Lahoda,Piráti,Zdržel se,Zdržel se,64a4f89ad9c902ce,ano,
Monika Lukášová Spilková,Z9-08-094,Z9/08,2023-06-20,monika-lukasova-spilkova,Monika Lukášová Spilková,Piráti,Zdržel se,Zdržel se,64a4f89ad9c902ce,ano,
Adam Zemek,Z9-08-094,Z9/08,2023-06-20,adam-zemek,Adam Zemek,Piráti,Zdržel se,Zdržel se,64a4f89ad9c902ce,ano,
Tomáš Anderle,Z9-08-094,Z9/08,2023-06-20,tomas-anderle,Tomáš Anderle,SPD+Trikolora,Ne,Ne,64a4f89ad9c902ce,ano,
Blanka Borovská,Z9-08-094,Z9/08,2023-06-20,blanka-borovska,Blanka Borovská,SPD+Trikolora,Zdržel se,Zdržel se,64a4f89ad9c902ce,ano,
Jiří Kment,Z9-08-094,Z9/08,2023-06-20,jiri-kment,Jiří Kment,SPD+Trikolora,Zdržel se,Zdržel se,64a4f89ad9c902ce,ano,
Petr Levíček,Z9-08-094,Z9/08,2023-06-20,petr-levicek,Petr Levíček,SPD+Trikolora,Zdržel se,Zdržel se,64a4f89ad9c902ce,ano,
Leoš Prokeš,Z9-08-094,Z9/08,2023-06-20,leos-prokes,Leoš Prokeš,SPD+Trikolora,Zdržel se,Zdržel se,64a4f89ad9c902ce,ano,
Tomáš Skřička,Z9-08-094,Z9/08,2023-06-20,tomas-skricka,Tomáš Skřička,SPD+Trikolora,Zdržel se,Zdržel se,64a4f89ad9c902ce,ano,
Jana Drápalová,Z9-08-094,Z9/08,2023-06-20,jana-drapalova,Jana Drápalová,Zelení a Žít Brno,Ne,Ne,64a4f89ad9c902ce,ano,
Jasna Flamiková,Z9-08-094,Z9/08,2023-06-20,jasna-flamikova,Jasna Flamiková,Zelení a Žít Brno,Nehlasoval,Nehlasoval,64a4f89ad9c902ce,ano,
Matěj Hollan,Z9-08-094,Z9/08,2023-06-20,matej-hollan,Matěj Hollan,Zelení a Žít Brno,Ne,Ne,64a4f89ad9c902ce,ano,
Petr Bauer,Z9-11-007,Z9/11,2023-10-18,petr-bauer,Petr Bauer,ANO 2011,Ano,Ano,316596c68d910dc3,ano,
"Petr Bořecký (arch., ANO 2022)",Z9-11-007,Z9/11,2023-10-18,petr-borecky,Petr Bořecký,ANO 2011,Ano,Ano,316596c68d910dc3,ano,
René Černý,Z9-11-007,Z9/11,2023-10-18,rene-cerny,René Černý,ANO 2011,Ano,Ano,316596c68d910dc3,ano,
Alena Gruberová,Z9-11-007,Z9/11,2023-10-18,alena-gruberova,Alena Gruberová,ANO 2011,Ano,Ano,316596c68d910dc3,ano,
Kateřina Jarošová,Z9-11-007,Z9/11,2023-10-18,katerina-jarosova,Kateřina Jarošová,ANO 2011,Ano,Ano,316596c68d910dc3,ano,
Karel Kalivoda,Z9-11-007,Z9/11,2023-10-18,karel-kalivoda,Karel Kalivoda,ANO 2011,Ano,Ano,316596c68d910dc3,ano,
Karin Podivinská Karasová,Z9-11-007,Z9/11,2023-10-18,karin-podivinska-karasova,Karin Podivinská,ANO 2011,Ano,Ano,316596c68d910dc3,ano,
Pavel Kříž,Z9-11-007,Z9/11,2023-10-18,pavel-kriz,Pavel Kříž,ANO 2011,Ano,Ano,316596c68d910dc3,ano,
Miroslav Kubásek,Z9-11-007,Z9/11,2023-10-18,miroslav-kubasek,Miroslav Kubásek,ANO 2011,Ano,Ano (VK),316596c68d910dc3,ano,
René Novotný,Z9-11-007,Z9/11,2023-10-18,rene-novotny,René Novotný,ANO 2011,Ano,Ano,316596c68d910dc3,ano,
Pavel Outrata,Z9-11-007,Z9/11,2023-10-18,pavel-outrata,Pavel Outrata,ANO 2011,Nehlasoval,Nehlasoval,316596c68d910dc3,ano,
Vít Prýgl,Z9-11-007,Z9/11,2023-10-18,vit-prygl,Vít Prýgl,ANO 2011,Ano,Ano,316596c68d910dc3,ano,
Daniel Struž,Z9-11-007,Z9/11,2023-10-18,daniel-struz,Daniel Struž,ANO 2011,Ano,Ano,316596c68d910dc3,ano,
Jiří Oliva,Z9-11-007,Z9/11,2023-10-18,jiri-oliva,Jiří Oliva,SOCDEM,Ano,Ano,316596c68d910dc3,ano,
Břetislav Štefan,Z9-11-007,Z9/11,2023-10-18,bretislav-stefan,Břetislav Štefan,SOCDEM,nepřít.,nepřít.,316596c68d910dc3,ano,
Marek Viskot,Z9-11-007,Z9/11,2023-10-18,marek-viskot,Marek Viskot,SOCDEM,Ano,Ano,316596c68d910dc3,ano,
Petr Hladík,Z9-11-007,Z9/11,2023-10-18,petr-hladik,Petr Hladík,Lidovci a Starostové,nepřít.,nepřít.,316596c68d910dc3,ano,
Jakub Hruška,Z9-11-007,Z9/11,2023-10-18,jakub-hruska,Jakub Hruška,Lidovci a Starostové,Ne,Ne,316596c68d910dc3,ano,
Filip Chvátal,Z9-11-007,Z9/11,2023-10-18,filip-chvatal,Filip Chvátal,Lidovci a Starostové,Ne,Ne,316596c68d910dc3,ano,
Jitka Ivičičová,Z9-11-007,Z9/11,2023-10-18,jitka-ivicicova,Jitka Ivičičová,Lidovci a Starostové,Ne,Ne,316596c68d910dc3,ano,
Filip Leder,Z9-11-007,Z9/11,2023-10-18,filip-leder,Filip Leder,Lidovci a Starostové,Ne,Ne,316596c68d910dc3,ano,
Martin Maleček,Z9-11-007,Z9/11,2023-10-18,martin-malecek,Martin Maleček,Lidovci a Starostové,Ne,Ne,316596c68d910dc3,ano,
Michal Marek,Z9-11-007,Z9/11,2023-10-18,michal-marek,Michal Marek,Lidovci a Starostové,nepřít.,nepřít.,316596c68d910dc3,ano,
Irena Matonohová,Z9-11-007,Z9/11,2023-10-18,irena-matonohova,Irena Matonohová,Lidovci a Starostové,Ne,Ne,316596c68d910dc3,ano,
Jaroslav Suchý,Z9-11-007,Z9/11,2023-10-18,jaroslav-suchy,Jaroslav Suchý,Lidovci a Starostové,Ne,Ne,316596c68d910dc3,ano,
Radomír Vondra,Z9-11-007,Z9/11,2023-10-18,radomir-vondra,Radomír Vondra,Lidovci a Starostové,Ne,Ne,316596c68d910dc3,ano,
Tomáš Aberl,Z9-11-007,Z9/11,2023-10-18,tomas-aberl,Tomáš Aberl,ODS a TOP 09,Ano,Ano,316596c68d910dc3,ano,
Kristýna Černá,Z9-11-007,Z9/11,2023-10-18,kristyna-cerna,Kristýna Černá,ODS a TOP 09,Ano,Ano,316596c68d910dc3,ano,
David Grund,Z9-11-007,Z9/11,2023-10-18,david-grund,David Grund,ODS a TOP 09,Ano,Ano,316596c68d910dc3,ano,
Jiří Herman,Z9-11-007,Z9/11,2023-10-18,jiri-herman,Jiří Herman,ODS a TOP 09,Ano,Ano,316596c68d910dc3,ano,
Michal Chládek,Z9-11-007,Z9/11,2023-10-18,michal-chladek,Michal Chládek,ODS a TOP 09,Ano,Ano,316596c68d910dc3,ano,
Robert Kerndl,Z9-11-007,Z9/11,2023-10-18,robert-kerndl,Robert Kerndl,ODS a TOP 09,Ano,Ano,316596c68d910dc3,ano,
Vladan Krásný,Z9-11-007,Z9/11,2023-10-18,vladan-krasny,Vladan Krásný,ODS a TOP 09,Nehlasoval,Nehlasoval,316596c68d910dc3,ano,
Petr Kratochvíl,Z9-11-007,Z9/11,2023-10-18,petr-kratochvil,Petr Kratochvíl,ODS a TOP 09,Ano,Ano,316596c68d910dc3,ano,
Andrea Pazderová,Z9-11-007,Z9/11,2023-10-18,andrea-pazderova,Andrea Pazderová,ODS a TOP 09,Ano,Ano,316596c68d910dc3,ano,
Martin Příborský,Z9-11-007,Z9/11,2023-10-18,martin-priborsky,Martin Příborský,ODS a TOP 09,Ano,Ano,316596c68d910dc3,ano,
Anna Putnová,Z9-11-007,Z9/11,2023-10-18,anna-putnova,Anna Putnová,ODS a TOP 09,Ano,Ano,316596c68d910dc3,ano,
Dagmar Seidlová,Z9-11-007,Z9/11,2023-10-18,dagmar-seidlova,Dagmar Seidlová,ODS a TOP 09,Ano,Ano,316596c68d910dc3,ano,
David Trllo,Z9-11-007,Z9/11,2023-10-18,david-trllo,David Trllo,ODS a TOP 09,Ano,Ano,316596c68d910dc3,ano,
Pavel Urubek,Z9-11-007,Z9/11,2023-10-18,pavel-urubek,Pavel Urubek,ODS a TOP 09,Ano,Ano,316596c68d910dc3,ano,
Markéta Vaňková,Z9-11-007,Z9/11,2023-10-18,marketa-vankova,Markéta Vaňková,ODS a TOP 09,Nehlasoval,Nehlasoval,316596c68d910dc3,ano,
Libor Zábranský,Z9-11-007,Z9/11,2023-10-18,libor-zabransky-1,Libor Zábranský,ODS a TOP 09,Ano,Ano,316596c68d910dc3,ano,
Tomáš Koláčný,Z9-11-007,Z9/11,2023-10-18,tomas-kolacny,Tomáš Koláčný,Piráti,Ne,Ne (VK),316596c68d910dc3,ano,
Marek Lahoda,Z9-11-007,Z9/11,2023-10-18,marek-lahoda,Marek Lahoda,Piráti,Ne,Ne,316596c68d910dc3,ano,
Monika Lukášová Spilková,Z9-11-007,Z9/11,2023-10-18,monika-lukasova-spilkova,Monika Lukášová Spilková,Piráti,nepřít.,nepřít.,316596c68d910dc3,ano,
Adam Zemek,Z9-11-007,Z9/11,2023-10-18,adam-zemek,Adam Zemek,Piráti,Ne,Ne,316596c68d910dc3,ano,
Tomáš Anderle,Z9-11-007,Z9/11,2023-10-18,tomas-anderle,Tomáš Anderle,SPD+Trikolora,Zdržel se,Zdržel se,316596c68d910dc3,ano,
Blanka Borovská,Z9-11-007,Z9/11,2023-10-18,blanka-borovska,Blanka Borovská,SPD+Trikolora,Zdržel se,Zdržel se,316596c68d910dc3,ano,
Jiří Kment,Z9-11-007,Z9/11,2023-10-18,jiri-kment,Jiří Kment,SPD+Trikolora,Zdržel se,Zdržel se,316596c68d910dc3,ano,
Petr Levíček,Z9-11-007,Z9/11,2023-10-18,petr-levicek,Petr Levíček,SPD+Trikolora,Zdržel se,Zdržel se,316596c68d910dc3,ano,
Leoš Prokeš,Z9-11-007,Z9/11,2023-10-18,leos-prokes,Leoš Prokeš,SPD+Trikolora,Zdržel se,Zdržel se,316596c68d910dc3,ano,
Tomáš Skřička,Z9-11-007,Z9/11,2023-10-18,tomas-skricka,Tomáš Skřička,SPD+Trikolora,Zdržel se,Zdržel se,316596c68d910dc3,ano,
Jana Drápalová,Z9-11-007,Z9/11,2023-10-18,jana-drapalova,Jana Drápalová,Zelení a Žít Brno,Ne,Ne,316596c68d910dc3,ano,
Jasna Flamiková,Z9-11-007,Z9/11,2023-10-18,jasna-flamikova,Jasna Flamiková,Zelení a Žít Brno,Ne,Ne,316596c68d910dc3,ano,
Matěj Hollan,Z9-11-007,Z9/11,2023-10-18,matej-hollan,Matěj Hollan,Zelení a Žít Brno,Ne,Ne (VK),316596c68d910dc3,ano,
Petr Bauer,Z9-13-026,Z9/13,2023-12-12,petr-bauer,Petr Bauer,ANO 2011,Ano,Ano (VK),570defb94e215f28,ano,
"Petr Bořecký (arch., ANO 2022)",Z9-13-026,Z9/13,2023-12-12,petr-borecky,Petr Bořecký,ANO 2011,Ano,Ano,570defb94e215f28,ano,
René Černý,Z9-13-026,Z9/13,2023-12-12,rene-cerny,René Černý,ANO 2011,Ano,Ano,570defb94e215f28,ano,
Alena Gruberová,Z9-13-026,Z9/13,2023-12-12,alena-gruberova,Alena Gruberová,ANO 2011,Ano,Ano,570defb94e215f28,ano,
Kateřina Jarošová,Z9-13-026,Z9/13,2023-12-12,katerina-jarosova,Kateřina Jarošová,ANO 2011,Ano,Ano,570defb94e215f28,ano,
Karel Kalivoda,Z9-13-026,Z9/13,2023-12-12,karel-kalivoda,Karel Kalivoda,ANO 2011,Ano,Ano,570defb94e215f28,ano,
Karin Podivinská Karasová,Z9-13-026,Z9/13,2023-12-12,karin-podivinska-karasova,Karin Podivinská,ANO 2011,Ano,Ano,570defb94e215f28,ano,
Pavel Kříž,Z9-13-026,Z9/13,2023-12-12,pavel-kriz,Pavel Kříž,ANO 2011,Ano,Ano,570defb94e215f28,ano,
Miroslav Kubásek,Z9-13-026,Z9/13,2023-12-12,miroslav-kubasek,Miroslav Kubásek,ANO 2011,Ano,Ano,570defb94e215f28,ano,
René Novotný,Z9-13-026,Z9/13,2023-12-12,rene-novotny,René Novotný,ANO 2011,Ano,Ano (VK),570defb94e215f28,ano,
Pavel Outrata,Z9-13-026,Z9/13,2023-12-12,pavel-outrata,Pavel Outrata,ANO 2011,Ano,Ano,570defb94e215f28,ano,
Vít Prýgl,Z9-13-026,Z9/13,2023-12-12,vit-prygl,Vít Prýgl,ANO 2011,Ano,Ano,570defb94e215f28,ano,
Daniel Struž,Z9-13-026,Z9/13,2023-12-12,daniel-struz,Daniel Struž,ANO 2011,Ano,Ano,570defb94e215f28,ano,
Jiří Oliva,Z9-13-026,Z9/13,2023-12-12,jiri-oliva,Jiří Oliva,SOCDEM,Ano,Ano,570defb94e215f28,ano,
Břetislav Štefan,Z9-13-026,Z9/13,2023-12-12,bretislav-stefan,Břetislav Štefan,SOCDEM,Nehlasoval,Nehlasoval,570defb94e215f28,ano,
Marek Viskot,Z9-13-026,Z9/13,2023-12-12,marek-viskot,Marek Viskot,SOCDEM,Ano,Ano,570defb94e215f28,ano,
Petr Hladík,Z9-13-026,Z9/13,2023-12-12,petr-hladik,Petr Hladík,Lidovci a Starostové,nepřít.,nepřít.,570defb94e215f28,ano,
Jakub Hruška,Z9-13-026,Z9/13,2023-12-12,jakub-hruska,Jakub Hruška,Lidovci a Starostové,Ano,Ano,570defb94e215f28,ano,
Filip Chvátal,Z9-13-026,Z9/13,2023-12-12,filip-chvatal,Filip Chvátal,Lidovci a Starostové,Ano,Ano,570defb94e215f28,ano,
Jitka Ivičičová,Z9-13-026,Z9/13,2023-12-12,jitka-ivicicova,Jitka Ivičičová,Lidovci a Starostové,Ano,Ano,570defb94e215f28,ano,
Filip Leder,Z9-13-026,Z9/13,2023-12-12,filip-leder,Filip Leder,Lidovci a Starostové,Ano,Ano,570defb94e215f28,ano,
Martin Maleček,Z9-13-026,Z9/13,2023-12-12,martin-malecek,Martin Maleček,Lidovci a Starostové,Ano,Ano,570defb94e215f28,ano,
Michal Marek,Z9-13-026,Z9/13,2023-12-12,michal-marek,Michal Marek,Lidovci a Starostové,Ano,Ano,570defb94e215f28,ano,
Irena Matonohová,Z9-13-026,Z9/13,2023-12-12,irena-matonohova,Irena Matonohová,Lidovci a Starostové,Ano,Ano,570defb94e215f28,ano,
Jaroslav Suchý,Z9-13-026,Z9/13,2023-12-12,jaroslav-suchy,Jaroslav Suchý,Lidovci a Starostové,Ano,Ano,570defb94e215f28,ano,
Radomír Vondra,Z9-13-026,Z9/13,2023-12-12,radomir-vondra,Radomír Vondra,Lidovci a Starostové,Ano,Ano,570defb94e215f28,ano,
Tomáš Aberl,Z9-13-026,Z9/13,2023-12-12,tomas-aberl,Tomáš Aberl,ODS a TOP 09,Ano,Ano,570defb94e215f28,ano,
Kristýna Černá,Z9-13-026,Z9/13,2023-12-12,kristyna-cerna,Kristýna Černá,ODS a TOP 09,Ano,Ano,570defb94e215f28,ano,
David Grund,Z9-13-026,Z9/13,2023-12-12,david-grund,David Grund,ODS a TOP 09,Ano,Ano,570defb94e215f28,ano,
Jiří Herman,Z9-13-026,Z9/13,2023-12-12,jiri-herman,Jiří Herman,ODS a TOP 09,Ano,Ano,570defb94e215f28,ano,
Michal Chládek,Z9-13-026,Z9/13,2023-12-12,michal-chladek,Michal Chládek,ODS a TOP 09,Ano,Ano (VK),570defb94e215f28,ano,
Robert Kerndl,Z9-13-026,Z9/13,2023-12-12,robert-kerndl,Robert Kerndl,ODS a TOP 09,Ano,Ano,570defb94e215f28,ano,
Vladan Krásný,Z9-13-026,Z9/13,2023-12-12,vladan-krasny,Vladan Krásný,ODS a TOP 09,Ano,Ano,570defb94e215f28,ano,
Petr Kratochvíl,Z9-13-026,Z9/13,2023-12-12,petr-kratochvil,Petr Kratochvíl,ODS a TOP 09,Ano,Ano,570defb94e215f28,ano,
Andrea Pazderová,Z9-13-026,Z9/13,2023-12-12,andrea-pazderova,Andrea Pazderová,ODS a TOP 09,Ano,Ano,570defb94e215f28,ano,
Martin Příborský,Z9-13-026,Z9/13,2023-12-12,martin-priborsky,Martin Příborský,ODS a TOP 09,Ano,Ano,570defb94e215f28,ano,
Anna Putnová,Z9-13-026,Z9/13,2023-12-12,anna-putnova,Anna Putnová,ODS a TOP 09,Ano,Ano,570defb94e215f28,ano,
Dagmar Seidlová,Z9-13-026,Z9/13,2023-12-12,dagmar-seidlova,Dagmar Seidlová,ODS a TOP 09,Ano,Ano,570defb94e215f28,ano,
David Trllo,Z9-13-026,Z9/13,2023-12-12,david-trllo,David Trllo,ODS a TOP 09,Ano,Ano,570defb94e215f28,ano,
Pavel Urubek,Z9-13-026,Z9/13,2023-12-12,pavel-urubek,Pavel Urubek,ODS a TOP 09,Ano,Ano,570defb94e215f28,ano,
Markéta Vaňková,Z9-13-026,Z9/13,2023-12-12,marketa-vankova,Markéta Vaňková,ODS a TOP 09,Ano,Ano,570defb94e215f28,ano,
Libor Zábranský,Z9-13-026,Z9/13,2023-12-12,libor-zabransky-1,Libor Zábranský,ODS a TOP 09,Ano,Ano (VK),570defb94e215f28,ano,
Tomáš Koláčný,Z9-13-026,Z9/13,2023-12-12,tomas-kolacny,Tomáš Koláčný,Piráti,Ano,Ano,570defb94e215f28,ano,
Marek Lahoda,Z9-13-026,Z9/13,2023-12-12,marek-lahoda,Marek Lahoda,Piráti,Zdržel se,Zdržel se,570defb94e215f28,ano,
Monika Lukášová Spilková,Z9-13-026,Z9/13,2023-12-12,monika-lukasova-spilkova,Monika Lukášová Spilková,Piráti,Zdržel se,Zdržel se,570defb94e215f28,ano,
Adam Zemek,Z9-13-026,Z9/13,2023-12-12,adam-zemek,Adam Zemek,Piráti,Zdržel se,Zdržel se,570defb94e215f28,ano,
Tomáš Anderle,Z9-13-026,Z9/13,2023-12-12,tomas-anderle,Tomáš Anderle,SPD+Trikolora,Zdržel se,Zdržel se,570defb94e215f28,ano,
Blanka Borovská,Z9-13-026,Z9/13,2023-12-12,blanka-borovska,Blanka Borovská,SPD+Trikolora,Zdržel se,Zdržel se,570defb94e215f28,ano,
Jiří Kment,Z9-13-026,Z9/13,2023-12-12,jiri-kment,Jiří Kment,SPD+Trikolora,Zdržel se,Zdržel se,570defb94e215f28,ano,
Petr Levíček,Z9-13-026,Z9/13,2023-12-12,petr-levicek,Petr Levíček,SPD+Trikolora,Zdržel se,Zdržel se,570defb94e215f28,ano,
Leoš Prokeš,Z9-13-026,Z9/13,2023-12-12,leos-prokes,Leoš Prokeš,SPD+Trikolora,Zdržel se,Zdržel se,570defb94e215f28,ano,
Tomáš Skřička,Z9-13-026,Z9/13,2023-12-12,tomas-skricka,Tomáš Skřička,SPD+Trikolora,Zdržel se,Zdržel se,570defb94e215f28,ano,
Jana Drápalová,Z9-13-026,Z9/13,2023-12-12,jana-drapalova,Jana Drápalová,Zelení a Žít Brno,Zdržel se,Zdržel se,570defb94e215f28,ano,
Jasna Flamiková,Z9-13-026,Z9/13,2023-12-12,jasna-flamikova,Jasna Flamiková,Zelení a Žít Brno,Ne,Ne,570defb94e215f28,ano,
Matěj Hollan,Z9-13-026,Z9/13,2023-12-12,matej-hollan,Matěj Hollan,Zelení a Žít Brno,Ne,Ne,570defb94e215f28,ano,
Tomáš Hejl,Z9-22-011,Z9/22,2024-12-10,tomas-hejl,Tomáš Hejl,ANO 2011,Ano,Ano,1fb4559fed5b5568,ano,
"Petr Bořecký (arch., ANO 2022)",Z9-22-011,Z9/22,2024-12-10,petr-borecky,Petr Bořecký,ANO 2011,Ano,Ano,1fb4559fed5b5568,ano,
René Černý,Z9-22-011,Z9/22,2024-12-10,rene-cerny,René Černý,ANO 2011,Ano,Ano,1fb4559fed5b5568,ano,
Alena Gruberová,Z9-22-011,Z9/22,2024-12-10,alena-gruberova,Alena Gruberová,ANO 2011,Ano,Ano,1fb4559fed5b5568,ano,
Kateřina Jarošová,Z9-22-011,Z9/22,2024-12-10,katerina-jarosova,Kateřina Jarošová,ANO 2011,Ano,Ano,1fb4559fed5b5568,ano,
Karel Kalivoda,Z9-22-011,Z9/22,2024-12-10,karel-kalivoda,Karel Kalivoda,ANO 2011,Ano,Ano,1fb4559fed5b5568,ano,
Karin Podivinská Karasová,Z9-22-011,Z9/22,2024-12-10,karin-podivinska-karasova,Karin Podivinská,ANO 2011,Ano,Ano,1fb4559fed5b5568,ano,
Pavel Kříž,Z9-22-011,Z9/22,2024-12-10,pavel-kriz,Pavel Kříž,ANO 2011,Ano,Ano,1fb4559fed5b5568,ano,
Miroslav Kubásek,Z9-22-011,Z9/22,2024-12-10,miroslav-kubasek,Miroslav Kubásek,ANO 2011,Ano,Ano,1fb4559fed5b5568,ano,
René Novotný,Z9-22-011,Z9/22,2024-12-10,rene-novotny,René Novotný,ANO 2011,Ano,Ano,1fb4559fed5b5568,ano,
Pavel Outrata,Z9-22-011,Z9/22,2024-12-10,pavel-outrata,Pavel Outrata,ANO 2011,Ano,Ano,1fb4559fed5b5568,ano,
Vít Prýgl,Z9-22-011,Z9/22,2024-12-10,vit-prygl,Vít Prýgl,ANO 2011,Ano,Ano,1fb4559fed5b5568,ano,
Daniel Struž,Z9-22-011,Z9/22,2024-12-10,daniel-struz,Daniel Struž,ANO 2011,Ano,Ano,1fb4559fed5b5568,ano,
Jiří Oliva,Z9-22-011,Z9/22,2024-12-10,jiri-oliva,Jiří Oliva,SOCDEM,Ano,Ano,1fb4559fed5b5568,ano,
Břetislav Štefan,Z9-22-011,Z9/22,2024-12-10,bretislav-stefan,Břetislav Štefan,SOCDEM,Ano,Ano,1fb4559fed5b5568,ano,
Marek Viskot,Z9-22-011,Z9/22,2024-12-10,marek-viskot,Marek Viskot,SOCDEM,Ano,Ano,1fb4559fed5b5568,ano,
Petr Hladík,Z9-22-011,Z9/22,2024-12-10,petr-hladik,Petr Hladík,Lidovci a Starostové,Ano,Ano,1fb4559fed5b5568,ano,
Jakub Hruška,Z9-22-011,Z9/22,2024-12-10,jakub-hruska,Jakub Hruška,Lidovci a Starostové,Ano,Ano,1fb4559fed5b5568,ano,
Filip Chvátal,Z9-22-011,Z9/22,2024-12-10,filip-chvatal,Filip Chvátal,Lidovci a Starostové,Ano,Ano,1fb4559fed5b5568,ano,
Petr Bořecký (Lidovci a Starostové),Z9-22-011,Z9/22,2024-12-10,petr-borecky-1,Petr Bořecký,Lidovci a Starostové,Ano,Ano,1fb4559fed5b5568,ano,
Filip Leder,Z9-22-011,Z9/22,2024-12-10,filip-leder,Filip Leder,Lidovci a Starostové,Ano,Ano,1fb4559fed5b5568,ano,
Martin Maleček,Z9-22-011,Z9/22,2024-12-10,martin-malecek,Martin Maleček,Lidovci a Starostové,Ano,Ano,1fb4559fed5b5568,ano,
Michal Marek,Z9-22-011,Z9/22,2024-12-10,michal-marek,Michal Marek,Lidovci a Starostové,Ano,Ano,1fb4559fed5b5568,ano,
Irena Matonohová,Z9-22-011,Z9/22,2024-12-10,irena-matonohova,Irena Matonohová,Lidovci a Starostové,Ano,Ano,1fb4559fed5b5568,ano,
Jaroslav Suchý,Z9-22-011,Z9/22,2024-12-10,jaroslav-suchy,Jaroslav Suchý,Lidovci a Starostové,Ano,Ano,1fb4559fed5b5568,ano,
Radomír Vondra,Z9-22-011,Z9/22,2024-12-10,radomir-vondra,Radomír Vondra,Lidovci a Starostové,Ano,Ano,1fb4559fed5b5568,ano,
Tomáš Aberl,Z9-22-011,Z9/22,2024-12-10,tomas-aberl,Tomáš Aberl,ODS a TOP 09,Ano,Ano,1fb4559fed5b5568,ano,
Kristýna Černá,Z9-22-011,Z9/22,2024-12-10,kristyna-cerna,Kristýna Černá,ODS a TOP 09,Ano,Ano,1fb4559fed5b5568,ano,
David Grund,Z9-22-011,Z9/22,2024-12-10,david-grund,David Grund,ODS a TOP 09,Ano,Ano,1fb4559fed5b5568,ano,
Jiří Herman,Z9-22-011,Z9/22,2024-12-10,jiri-herman,Jiří Herman,ODS a TOP 09,Ano,Ano,1fb4559fed5b5568,ano,
Michal Chládek,Z9-22-011,Z9/22,2024-12-10,michal-chladek,Michal Chládek,ODS a TOP 09,Ano,Ano,1fb4559fed5b5568,ano,
Robert Kerndl,Z9-22-011,Z9/22,2024-12-10,robert-kerndl,Robert Kerndl,ODS a TOP 09,Ano,Ano,1fb4559fed5b5568,ano,
Vladan Krásný,Z9-22-011,Z9/22,2024-12-10,vladan-krasny,Vladan Krásný,ODS a TOP 09,Ano,Ano,1fb4559fed5b5568,ano,
Petr Kratochvíl,Z9-22-011,Z9/22,2024-12-10,petr-kratochvil,Petr Kratochvíl,ODS a TOP 09,Ano,Ano,1fb4559fed5b5568,ano,
Andrea Pazderová,Z9-22-011,Z9/22,2024-12-10,andrea-pazderova,Andrea Pazderová,ODS a TOP 09,Ano,Ano,1fb4559fed5b5568,ano,
Martin Příborský,Z9-22-011,Z9/22,2024-12-10,martin-priborsky,Martin Příborský,ODS a TOP 09,Ano,Ano,1fb4559fed5b5568,ano,
Anna Putnová,Z9-22-011,Z9/22,2024-12-10,anna-putnova,Anna Putnová,ODS a TOP 09,Ano,Ano,1fb4559fed5b5568,ano,
Dagmar Seidlová,Z9-22-011,Z9/22,2024-12-10,dagmar-seidlova,Dagmar Seidlová,ODS a TOP 09,Ano,Ano,1fb4559fed5b5568,ano,
David Trllo,Z9-22-011,Z9/22,2024-12-10,david-trllo,David Trllo,ODS a TOP 09,Ano,Ano,1fb4559fed5b5568,ano,
Pavel Urubek,Z9-22-011,Z9/22,2024-12-10,pavel-urubek,Pavel Urubek,ODS a TOP 09,Ano,Ano,1fb4559fed5b5568,ano,
Markéta Vaňková,Z9-22-011,Z9/22,2024-12-10,marketa-vankova,Markéta Vaňková,ODS a TOP 09,Ano,Ano (VK),1fb4559fed5b5568,ano,
Libor Zábranský,Z9-22-011,Z9/22,2024-12-10,libor-zabransky-1,Libor Zábranský,ODS a TOP 09,Ano,Ano (VK),1fb4559fed5b5568,ano,
Tomáš Koláčný,Z9-22-011,Z9/22,2024-12-10,tomas-kolacny,Tomáš Koláčný,Piráti,Ano,Ano,1fb4559fed5b5568,ano,
Marek Lahoda,Z9-22-011,Z9/22,2024-12-10,marek-lahoda,Marek Lahoda,Piráti,Ano,Ano,1fb4559fed5b5568,ano,
Monika Lukášová Spilková,Z9-22-011,Z9/22,2024-12-10,monika-lukasova-spilkova,Monika Lukášová Spilková,Piráti,Ano,Ano,1fb4559fed5b5568,ano,
Adam Zemek,Z9-22-011,Z9/22,2024-12-10,adam-zemek,Adam Zemek,Piráti,Ano,Ano,1fb4559fed5b5568,ano,
Tomáš Anderle,Z9-22-011,Z9/22,2024-12-10,tomas-anderle,Tomáš Anderle,SPD+Trikolora,Ano,Ano,1fb4559fed5b5568,ano,
Blanka Borovská,Z9-22-011,Z9/22,2024-12-10,blanka-borovska,Blanka Borovská,SPD+Trikolora,Ano,Ano,1fb4559fed5b5568,ano,
Jiří Kment,Z9-22-011,Z9/22,2024-12-10,jiri-kment,Jiří Kment,SPD+Trikolora,Ano,Ano,1fb4559fed5b5568,ano,
Petr Levíček,Z9-22-011,Z9/22,2024-12-10,petr-levicek,Petr Levíček,SPD+Trikolora,Ano,Ano,1fb4559fed5b5568,ano,
Leoš Prokeš,Z9-22-011,Z9/22,2024-12-10,leos-prokes,Leoš Prokeš,SPD+Trikolora,Ano,Ano,1fb4559fed5b5568,ano,
Tomáš Skřička,Z9-22-011,Z9/22,2024-12-10,tomas-skricka,Tomáš Skřička,SPD+Trikolora,Ano,Ano,1fb4559fed5b5568,ano,
Jana Drápalová,Z9-22-011,Z9/22,2024-12-10,jana-drapalova,Jana Drápalová,Zelení a Žít Brno,Ano,Ano,1fb4559fed5b5568,ano,
Jasna Flamiková,Z9-22-011,Z9/22,2024-12-10,jasna-flamikova,Jasna Flamiková,Zelení a Žít Brno,Ano,Ano,1fb4559fed5b5568,ano,
Matěj Hollan,Z9-22-011,Z9/22,2024-12-10,matej-hollan,Matěj Hollan,Zelení a Žít Brno,Zdržel se,Zdržel se,1fb4559fed5b5568,ano,
Tomáš Hejl,Z9-22-016,Z9/22,2024-12-10,tomas-hejl,Tomáš Hejl,ANO 2011,Ano,Ano,b2999502ba6eeafc,ano,
"Petr Bořecký (arch., ANO 2022)",Z9-22-016,Z9/22,2024-12-10,petr-borecky,Petr Bořecký,ANO 2011,Ano,Ano,b2999502ba6eeafc,ano,
René Černý,Z9-22-016,Z9/22,2024-12-10,rene-cerny,René Černý,ANO 2011,Ano,Ano,b2999502ba6eeafc,ano,
Alena Gruberová,Z9-22-016,Z9/22,2024-12-10,alena-gruberova,Alena Gruberová,ANO 2011,Ano,Ano,b2999502ba6eeafc,ano,
Kateřina Jarošová,Z9-22-016,Z9/22,2024-12-10,katerina-jarosova,Kateřina Jarošová,ANO 2011,Ano,Ano,b2999502ba6eeafc,ano,
Karel Kalivoda,Z9-22-016,Z9/22,2024-12-10,karel-kalivoda,Karel Kalivoda,ANO 2011,Ano,Ano,b2999502ba6eeafc,ano,
Karin Podivinská Karasová,Z9-22-016,Z9/22,2024-12-10,karin-podivinska-karasova,Karin Podivinská,ANO 2011,Ano,Ano,b2999502ba6eeafc,ano,
Pavel Kříž,Z9-22-016,Z9/22,2024-12-10,pavel-kriz,Pavel Kříž,ANO 2011,Ano,Ano,b2999502ba6eeafc,ano,
Miroslav Kubásek,Z9-22-016,Z9/22,2024-12-10,miroslav-kubasek,Miroslav Kubásek,ANO 2011,Ano,Ano,b2999502ba6eeafc,ano,
René Novotný,Z9-22-016,Z9/22,2024-12-10,rene-novotny,René Novotný,ANO 2011,Ano,Ano,b2999502ba6eeafc,ano,
Pavel Outrata,Z9-22-016,Z9/22,2024-12-10,pavel-outrata,Pavel Outrata,ANO 2011,Ano,Ano,b2999502ba6eeafc,ano,
Vít Prýgl,Z9-22-016,Z9/22,2024-12-10,vit-prygl,Vít Prýgl,ANO 2011,Ano,Ano,b2999502ba6eeafc,ano,
Daniel Struž,Z9-22-016,Z9/22,2024-12-10,daniel-struz,Daniel Struž,ANO 2011,Ano,Ano,b2999502ba6eeafc,ano,
Jiří Oliva,Z9-22-016,Z9/22,2024-12-10,jiri-oliva,Jiří Oliva,SOCDEM,Ano,Ano,b2999502ba6eeafc,ano,
Břetislav Štefan,Z9-22-016,Z9/22,2024-12-10,bretislav-stefan,Břetislav Štefan,SOCDEM,Ano,Ano,b2999502ba6eeafc,ano,
Marek Viskot,Z9-22-016,Z9/22,2024-12-10,marek-viskot,Marek Viskot,SOCDEM,Ano,Ano,b2999502ba6eeafc,ano,
Petr Hladík,Z9-22-016,Z9/22,2024-12-10,petr-hladik,Petr Hladík,Lidovci a Starostové,Ano,Ano,b2999502ba6eeafc,ano,
Jakub Hruška,Z9-22-016,Z9/22,2024-12-10,jakub-hruska,Jakub Hruška,Lidovci a Starostové,Ano,Ano,b2999502ba6eeafc,ano,
Filip Chvátal,Z9-22-016,Z9/22,2024-12-10,filip-chvatal,Filip Chvátal,Lidovci a Starostové,Ano,Ano,b2999502ba6eeafc,ano,
Petr Bořecký (Lidovci a Starostové),Z9-22-016,Z9/22,2024-12-10,petr-borecky-1,Petr Bořecký,Lidovci a Starostové,Ano,Ano,b2999502ba6eeafc,ano,
Filip Leder,Z9-22-016,Z9/22,2024-12-10,filip-leder,Filip Leder,Lidovci a Starostové,Ano,Ano,b2999502ba6eeafc,ano,
Martin Maleček,Z9-22-016,Z9/22,2024-12-10,martin-malecek,Martin Maleček,Lidovci a Starostové,Ano,Ano,b2999502ba6eeafc,ano,
Michal Marek,Z9-22-016,Z9/22,2024-12-10,michal-marek,Michal Marek,Lidovci a Starostové,Ano,Ano,b2999502ba6eeafc,ano,
Irena Matonohová,Z9-22-016,Z9/22,2024-12-10,irena-matonohova,Irena Matonohová,Lidovci a Starostové,Ano,Ano,b2999502ba6eeafc,ano,
Jaroslav Suchý,Z9-22-016,Z9/22,2024-12-10,jaroslav-suchy,Jaroslav Suchý,Lidovci a Starostové,Ano,Ano,b2999502ba6eeafc,ano,
Radomír Vondra,Z9-22-016,Z9/22,2024-12-10,radomir-vondra,Radomír Vondra,Lidovci a Starostové,Ano,Ano,b2999502ba6eeafc,ano,
Tomáš Aberl,Z9-22-016,Z9/22,2024-12-10,tomas-aberl,Tomáš Aberl,ODS a TOP 09,Ano,Ano,b2999502ba6eeafc,ano,
Kristýna Černá,Z9-22-016,Z9/22,2024-12-10,kristyna-cerna,Kristýna Černá,ODS a TOP 09,Ano,Ano,b2999502ba6eeafc,ano,
David Grund,Z9-22-016,Z9/22,2024-12-10,david-grund,David Grund,ODS a TOP 09,Ano,Ano,b2999502ba6eeafc,ano,
Jiří Herman,Z9-22-016,Z9/22,2024-12-10,jiri-herman,Jiří Herman,ODS a TOP 09,Ano,Ano,b2999502ba6eeafc,ano,
Michal Chládek,Z9-22-016,Z9/22,2024-12-10,michal-chladek,Michal Chládek,ODS a TOP 09,Nehlasoval,Nehlasoval,b2999502ba6eeafc,ano,
Robert Kerndl,Z9-22-016,Z9/22,2024-12-10,robert-kerndl,Robert Kerndl,ODS a TOP 09,Ano,Ano,b2999502ba6eeafc,ano,
Vladan Krásný,Z9-22-016,Z9/22,2024-12-10,vladan-krasny,Vladan Krásný,ODS a TOP 09,Ano,Ano,b2999502ba6eeafc,ano,
Petr Kratochvíl,Z9-22-016,Z9/22,2024-12-10,petr-kratochvil,Petr Kratochvíl,ODS a TOP 09,Ano,Ano,b2999502ba6eeafc,ano,
Andrea Pazderová,Z9-22-016,Z9/22,2024-12-10,andrea-pazderova,Andrea Pazderová,ODS a TOP 09,Ano,Ano,b2999502ba6eeafc,ano,
Martin Příborský,Z9-22-016,Z9/22,2024-12-10,martin-priborsky,Martin Příborský,ODS a TOP 09,Ano,Ano,b2999502ba6eeafc,ano,
Anna Putnová,Z9-22-016,Z9/22,2024-12-10,anna-putnova,Anna Putnová,ODS a TOP 09,Ano,Ano,b2999502ba6eeafc,ano,
Dagmar Seidlová,Z9-22-016,Z9/22,2024-12-10,dagmar-seidlova,Dagmar Seidlová,ODS a TOP 09,Ano,Ano,b2999502ba6eeafc,ano,
David Trllo,Z9-22-016,Z9/22,2024-12-10,david-trllo,David Trllo,ODS a TOP 09,Ano,Ano,b2999502ba6eeafc,ano,
Pavel Urubek,Z9-22-016,Z9/22,2024-12-10,pavel-urubek,Pavel Urubek,ODS a TOP 09,Ano,Ano,b2999502ba6eeafc,ano,
Markéta Vaňková,Z9-22-016,Z9/22,2024-12-10,marketa-vankova,Markéta Vaňková,ODS a TOP 09,Ano,Ano (VK),b2999502ba6eeafc,ano,
Libor Zábranský,Z9-22-016,Z9/22,2024-12-10,libor-zabransky-1,Libor Zábranský,ODS a TOP 09,Ano,Ano (VK),b2999502ba6eeafc,ano,
Tomáš Koláčný,Z9-22-016,Z9/22,2024-12-10,tomas-kolacny,Tomáš Koláčný,Piráti,Zdržel se,Zdržel se,b2999502ba6eeafc,ano,
Marek Lahoda,Z9-22-016,Z9/22,2024-12-10,marek-lahoda,Marek Lahoda,Piráti,Zdržel se,Zdržel se,b2999502ba6eeafc,ano,
Monika Lukášová Spilková,Z9-22-016,Z9/22,2024-12-10,monika-lukasova-spilkova,Monika Lukášová Spilková,Piráti,Zdržel se,Zdržel se,b2999502ba6eeafc,ano,
Adam Zemek,Z9-22-016,Z9/22,2024-12-10,adam-zemek,Adam Zemek,Piráti,Zdržel se,Zdržel se,b2999502ba6eeafc,ano,
Tomáš Anderle,Z9-22-016,Z9/22,2024-12-10,tomas-anderle,Tomáš Anderle,SPD+Trikolora,Zdržel se,Zdržel se,b2999502ba6eeafc,ano,
Blanka Borovská,Z9-22-016,Z9/22,2024-12-10,blanka-borovska,Blanka Borovská,SPD+Trikolora,Zdržel se,Zdržel se,b2999502ba6eeafc,ano,
Jiří Kment,Z9-22-016,Z9/22,2024-12-10,jiri-kment,Jiří Kment,SPD+Trikolora,Zdržel se,Zdržel se,b2999502ba6eeafc,ano,
Petr Levíček,Z9-22-016,Z9/22,2024-12-10,petr-levicek,Petr Levíček,SPD+Trikolora,Zdržel se,Zdržel se,b2999502ba6eeafc,ano,
Leoš Prokeš,Z9-22-016,Z9/22,2024-12-10,leos-prokes,Leoš Prokeš,SPD+Trikolora,Ne,Ne,b2999502ba6eeafc,ano,
Tomáš Skřička,Z9-22-016,Z9/22,2024-12-10,tomas-skricka,Tomáš Skřička,SPD+Trikolora,Zdržel se,Zdržel se,b2999502ba6eeafc,ano,
Jana Drápalová,Z9-22-016,Z9/22,2024-12-10,jana-drapalova,Jana Drápalová,Zelení a Žít Brno,Zdržel se,Zdržel se,b2999502ba6eeafc,ano,
Jasna Flamiková,Z9-22-016,Z9/22,2024-12-10,jasna-flamikova,Jasna Flamiková,Zelení a Žít Brno,Zdržel se,Zdržel se,b2999502ba6eeafc,ano,
Matěj Hollan,Z9-22-016,Z9/22,2024-12-10,matej-hollan,Matěj Hollan,Zelení a Žít Brno,Ne,Ne,b2999502ba6eeafc,ano,
Tomáš Hejl,Z9-25-075,Z9/25,2025-03-25,tomas-hejl,Tomáš Hejl,ANO 2011,Nehlasoval,Nehlasoval,fc94fc9a8c92cc25,ano,
"Petr Bořecký (arch., ANO 2022)",Z9-25-075,Z9/25,2025-03-25,petr-borecky,Petr Bořecký,ANO 2011,Zdržel se,Zdržel se,fc94fc9a8c92cc25,ano,
René Černý,Z9-25-075,Z9/25,2025-03-25,rene-cerny,René Černý,ANO 2011,Zdržel se,Zdržel se,fc94fc9a8c92cc25,ano,
Alena Gruberová,Z9-25-075,Z9/25,2025-03-25,alena-gruberova,Alena Gruberová,ANO 2011,nepřít.,nepřít.,fc94fc9a8c92cc25,ano,
Kateřina Jarošová,Z9-25-075,Z9/25,2025-03-25,katerina-jarosova,Kateřina Jarošová,ANO 2011,Nehlasoval,Nehlasoval,fc94fc9a8c92cc25,ano,
Karel Kalivoda,Z9-25-075,Z9/25,2025-03-25,karel-kalivoda,Karel Kalivoda,ANO 2011,Zdržel se,Zdržel se,fc94fc9a8c92cc25,ano,
Karin Podivinská Karasová,Z9-25-075,Z9/25,2025-03-25,karin-podivinska-karasova,Karin Podivinská,ANO 2011,Nehlasoval,Nehlasoval,fc94fc9a8c92cc25,ano,
Pavel Kříž,Z9-25-075,Z9/25,2025-03-25,pavel-kriz,Pavel Kříž,ANO 2011,Nehlasoval,Nehlasoval,fc94fc9a8c92cc25,ano,
Miroslav Kubásek,Z9-25-075,Z9/25,2025-03-25,miroslav-kubasek,Miroslav Kubásek,ANO 2011,Nehlasoval,Nehlasoval,fc94fc9a8c92cc25,ano,
René Novotný,Z9-25-075,Z9/25,2025-03-25,rene-novotny,René Novotný,ANO 2011,nepřít.,nepřít.,fc94fc9a8c92cc25,ano,
Pavel Outrata,Z9-25-075,Z9/25,2025-03-25,pavel-outrata,Pavel Outrata,ANO 2011,Zdržel se,Zdržel se,fc94fc9a8c92cc25,ano,
Vít Prýgl,Z9-25-075,Z9/25,2025-03-25,vit-prygl,Vít Prýgl,ANO 2011,Zdržel se,Zdržel se,fc94fc9a8c92cc25,ano,
Daniel Struž,Z9-25-075,Z9/25,2025-03-25,daniel-struz,Daniel Struž,ANO 2011,Nehlasoval,Nehlasoval,fc94fc9a8c92cc25,ano,
Jiří Oliva,Z9-25-075,Z9/25,2025-03-25,jiri-oliva,Jiří Oliva,SOCDEM,Nehlasoval,Nehlasoval,fc94fc9a8c92cc25,ano,
Břetislav Štefan,Z9-25-075,Z9/25,2025-03-25,bretislav-stefan,Břetislav Štefan,SOCDEM,Nehlasoval,Nehlasoval,fc94fc9a8c92cc25,ano,
Marek Viskot,Z9-25-075,Z9/25,2025-03-25,marek-viskot,Marek Viskot,SOCDEM,Nehlasoval,Nehlasoval,fc94fc9a8c92cc25,ano,
Petr Hladík,Z9-25-075,Z9/25,2025-03-25,petr-hladik,Petr Hladík,Lidovci a Starostové,nepřít.,nepřít.,fc94fc9a8c92cc25,ano,
Jakub Hruška,Z9-25-075,Z9/25,2025-03-25,jakub-hruska,Jakub Hruška,Lidovci a Starostové,Nehlasoval,Nehlasoval,fc94fc9a8c92cc25,ano,
Filip Chvátal,Z9-25-075,Z9/25,2025-03-25,filip-chvatal,Filip Chvátal,Lidovci a Starostové,Zdržel se,Zdržel se,fc94fc9a8c92cc25,ano,
Petr Bořecký (Lidovci a Starostové),Z9-25-075,Z9/25,2025-03-25,petr-borecky-1,Petr Bořecký,Lidovci a Starostové,Nehlasoval,Nehlasoval,fc94fc9a8c92cc25,ano,
Filip Leder,Z9-25-075,Z9/25,2025-03-25,filip-leder,Filip Leder,Lidovci a Starostové,Nehlasoval,Nehlasoval,fc94fc9a8c92cc25,ano,
Martin Maleček,Z9-25-075,Z9/25,2025-03-25,martin-malecek,Martin Maleček,Lidovci a Starostové,Ano,Ano,fc94fc9a8c92cc25,ano,
Michal Marek,Z9-25-075,Z9/25,2025-03-25,michal-marek,Michal Marek,Lidovci a Starostové,Nehlasoval,Nehlasoval,fc94fc9a8c92cc25,ano,
Irena Matonohová,Z9-25-075,Z9/25,2025-03-25,irena-matonohova,Irena Matonohová,Lidovci a Starostové,Zdržel se,Zdržel se,fc94fc9a8c92cc25,ano,
Jaroslav Suchý,Z9-25-075,Z9/25,2025-03-25,jaroslav-suchy,Jaroslav Suchý,Lidovci a Starostové,Nehlasoval,Nehlasoval,fc94fc9a8c92cc25,ano,
Radomír Vondra,Z9-25-075,Z9/25,2025-03-25,radomir-vondra,Radomír Vondra,Lidovci a Starostové,Zdržel se,Zdržel se,fc94fc9a8c92cc25,ano,
Tomáš Aberl,Z9-25-075,Z9/25,2025-03-25,tomas-aberl,Tomáš Aberl,ODS a TOP 09,Zdržel se,Zdržel se (VK),fc94fc9a8c92cc25,ano,
Kristýna Černá,Z9-25-075,Z9/25,2025-03-25,kristyna-cerna,Kristýna Černá,ODS a TOP 09,Zdržel se,Zdržel se (VK),fc94fc9a8c92cc25,ano,
David Grund,Z9-25-075,Z9/25,2025-03-25,david-grund,David Grund,ODS a TOP 09,Nehlasoval,Nehlasoval,fc94fc9a8c92cc25,ano,
Jiří Herman,Z9-25-075,Z9/25,2025-03-25,jiri-herman,Jiří Herman,ODS a TOP 09,Nehlasoval,Nehlasoval,fc94fc9a8c92cc25,ano,
Michal Chládek,Z9-25-075,Z9/25,2025-03-25,michal-chladek,Michal Chládek,ODS a TOP 09,Nehlasoval,Nehlasoval,fc94fc9a8c92cc25,ano,
Robert Kerndl,Z9-25-075,Z9/25,2025-03-25,robert-kerndl,Robert Kerndl,ODS a TOP 09,Nehlasoval,Nehlasoval,fc94fc9a8c92cc25,ano,
Vladan Krásný,Z9-25-075,Z9/25,2025-03-25,vladan-krasny,Vladan Krásný,ODS a TOP 09,Zdržel se,Zdržel se,fc94fc9a8c92cc25,ano,
Petr Kratochvíl,Z9-25-075,Z9/25,2025-03-25,petr-kratochvil,Petr Kratochvíl,ODS a TOP 09,Nehlasoval,Nehlasoval,fc94fc9a8c92cc25,ano,
Andrea Pazderová,Z9-25-075,Z9/25,2025-03-25,andrea-pazderova,Andrea Pazderová,ODS a TOP 09,Ne,Ne,fc94fc9a8c92cc25,ano,
Martin Příborský,Z9-25-075,Z9/25,2025-03-25,martin-priborsky,Martin Příborský,ODS a TOP 09,Zdržel se,Zdržel se,fc94fc9a8c92cc25,ano,
Anna Putnová,Z9-25-075,Z9/25,2025-03-25,anna-putnova,Anna Putnová,ODS a TOP 09,Nehlasoval,Nehlasoval,fc94fc9a8c92cc25,ano,
Dagmar Seidlová,Z9-25-075,Z9/25,2025-03-25,dagmar-seidlova,Dagmar Seidlová,ODS a TOP 09,Nehlasoval,Nehlasoval,fc94fc9a8c92cc25,ano,
David Trllo,Z9-25-075,Z9/25,2025-03-25,david-trllo,David Trllo,ODS a TOP 09,Nehlasoval,Nehlasoval,fc94fc9a8c92cc25,ano,
Pavel Urubek,Z9-25-075,Z9/25,2025-03-25,pavel-urubek,Pavel Urubek,ODS a TOP 09,Zdržel se,Zdržel se,fc94fc9a8c92cc25,ano,
Markéta Vaňková,Z9-25-075,Z9/25,2025-03-25,marketa-vankova,Markéta Vaňková,ODS a TOP 09,Zdržel se,Zdržel se,fc94fc9a8c92cc25,ano,
Libor Zábranský,Z9-25-075,Z9/25,2025-03-25,libor-zabransky-1,Libor Zábranský,ODS a TOP 09,nepřít.,nepřít.,fc94fc9a8c92cc25,ano,
Tomáš Koláčný,Z9-25-075,Z9/25,2025-03-25,tomas-kolacny,Tomáš Koláčný,Piráti,Ano,Ano,fc94fc9a8c92cc25,ano,
Marek Lahoda,Z9-25-075,Z9/25,2025-03-25,marek-lahoda,Marek Lahoda,Piráti,nepřít.,nepřít.,fc94fc9a8c92cc25,ano,
Monika Lukášová Spilková,Z9-25-075,Z9/25,2025-03-25,monika-lukasova-spilkova,Monika Lukášová Spilková,Piráti,Ano,Ano,fc94fc9a8c92cc25,ano,
Adam Zemek,Z9-25-075,Z9/25,2025-03-25,adam-zemek,Adam Zemek,Piráti,Ano,Ano,fc94fc9a8c92cc25,ano,
Tomáš Anderle,Z9-25-075,Z9/25,2025-03-25,tomas-anderle,Tomáš Anderle,SPD+Trikolora,nepřít.,nepřít.,fc94fc9a8c92cc25,ano,
Blanka Borovská,Z9-25-075,Z9/25,2025-03-25,blanka-borovska,Blanka Borovská,SPD+Trikolora,Zdržel se,Zdržel se,fc94fc9a8c92cc25,ano,
Jiří Kment,Z9-25-075,Z9/25,2025-03-25,jiri-kment,Jiří Kment,SPD+Trikolora,Zdržel se,Zdržel se,fc94fc9a8c92cc25,ano,
Petr Levíček,Z9-25-075,Z9/25,2025-03-25,petr-levicek,Petr Levíček,SPD+Trikolora,Zdržel se,Zdržel se,fc94fc9a8c92cc25,ano,
Leoš Prokeš,Z9-25-075,Z9/25,2025-03-25,leos-prokes,Leoš Prokeš,SPD+Trikolora,Zdržel se,Zdržel se,fc94fc9a8c92cc25,ano,
Tomáš Skřička,Z9-25-075,Z9/25,2025-03-25,tomas-skricka,Tomáš Skřička,SPD+Trikolora,Ne,Ne,fc94fc9a8c92cc25,ano,
Jana Drápalová,Z9-25-075,Z9/25,2025-03-25,jana-drapalova,Jana Drápalová,Zelení a Žít Brno,Ano,Ano,fc94fc9a8c92cc25,ano,
Jasna Flamiková,Z9-25-075,Z9/25,2025-03-25,jasna-flamikova,Jasna Flamiková,Zelení a Žít Brno,Ano,Ano,fc94fc9a8c92cc25,ano,
Matěj Hollan,Z9-25-075,Z9/25,2025-03-25,matej-hollan,Matěj Hollan,Zelení a Žít Brno,Ano,Ano,fc94fc9a8c92cc25,ano,
Tomáš Hejl,Z9-25-076,Z9/25,2025-03-25,tomas-hejl,Tomáš Hejl,ANO 2011,Ano,Ano,97148bdb758b26f3,ano,
"Petr Bořecký (arch., ANO 2022)",Z9-25-076,Z9/25,2025-03-25,petr-borecky,Petr Bořecký,ANO 2011,Ano,Ano,97148bdb758b26f3,ano,
René Černý,Z9-25-076,Z9/25,2025-03-25,rene-cerny,René Černý,ANO 2011,Ano,Ano,97148bdb758b26f3,ano,
Alena Gruberová,Z9-25-076,Z9/25,2025-03-25,alena-gruberova,Alena Gruberová,ANO 2011,nepřít.,nepřít.,97148bdb758b26f3,ano,
Kateřina Jarošová,Z9-25-076,Z9/25,2025-03-25,katerina-jarosova,Kateřina Jarošová,ANO 2011,Ano,Ano,97148bdb758b26f3,ano,
Karel Kalivoda,Z9-25-076,Z9/25,2025-03-25,karel-kalivoda,Karel Kalivoda,ANO 2011,Ano,Ano,97148bdb758b26f3,ano,
Karin Podivinská Karasová,Z9-25-076,Z9/25,2025-03-25,karin-podivinska-karasova,Karin Podivinská,ANO 2011,Ano,Ano,97148bdb758b26f3,ano,
Pavel Kříž,Z9-25-076,Z9/25,2025-03-25,pavel-kriz,Pavel Kříž,ANO 2011,Ano,Ano,97148bdb758b26f3,ano,
Miroslav Kubásek,Z9-25-076,Z9/25,2025-03-25,miroslav-kubasek,Miroslav Kubásek,ANO 2011,Ano,Ano,97148bdb758b26f3,ano,
René Novotný,Z9-25-076,Z9/25,2025-03-25,rene-novotny,René Novotný,ANO 2011,nepřít.,nepřít.,97148bdb758b26f3,ano,
Pavel Outrata,Z9-25-076,Z9/25,2025-03-25,pavel-outrata,Pavel Outrata,ANO 2011,Ano,Ano,97148bdb758b26f3,ano,
Vít Prýgl,Z9-25-076,Z9/25,2025-03-25,vit-prygl,Vít Prýgl,ANO 2011,Ano,Ano,97148bdb758b26f3,ano,
Daniel Struž,Z9-25-076,Z9/25,2025-03-25,daniel-struz,Daniel Struž,ANO 2011,Ano,Ano,97148bdb758b26f3,ano,
Jiří Oliva,Z9-25-076,Z9/25,2025-03-25,jiri-oliva,Jiří Oliva,SOCDEM,Ano,Ano,97148bdb758b26f3,ano,
Břetislav Štefan,Z9-25-076,Z9/25,2025-03-25,bretislav-stefan,Břetislav Štefan,SOCDEM,Ano,Ano,97148bdb758b26f3,ano,
Marek Viskot,Z9-25-076,Z9/25,2025-03-25,marek-viskot,Marek Viskot,SOCDEM,Ano,Ano,97148bdb758b26f3,ano,
Petr Hladík,Z9-25-076,Z9/25,2025-03-25,petr-hladik,Petr Hladík,Lidovci a Starostové,nepřít.,nepřít.,97148bdb758b26f3,ano,
Jakub Hruška,Z9-25-076,Z9/25,2025-03-25,jakub-hruska,Jakub Hruška,Lidovci a Starostové,Ano,Ano,97148bdb758b26f3,ano,
Filip Chvátal,Z9-25-076,Z9/25,2025-03-25,filip-chvatal,Filip Chvátal,Lidovci a Starostové,Ano,Ano,97148bdb758b26f3,ano,
Petr Bořecký (Lidovci a Starostové),Z9-25-076,Z9/25,2025-03-25,petr-borecky-1,Petr Bořecký,Lidovci a Starostové,Ano,Ano,97148bdb758b26f3,ano,
Filip Leder,Z9-25-076,Z9/25,2025-03-25,filip-leder,Filip Leder,Lidovci a Starostové,Ano,Ano,97148bdb758b26f3,ano,
Martin Maleček,Z9-25-076,Z9/25,2025-03-25,martin-malecek,Martin Maleček,Lidovci a Starostové,Ano,Ano,97148bdb758b26f3,ano,
Michal Marek,Z9-25-076,Z9/25,2025-03-25,michal-marek,Michal Marek,Lidovci a Starostové,Ano,Ano,97148bdb758b26f3,ano,
Irena Matonohová,Z9-25-076,Z9/25,2025-03-25,irena-matonohova,Irena Matonohová,Lidovci a Starostové,Ano,Ano,97148bdb758b26f3,ano,
Jaroslav Suchý,Z9-25-076,Z9/25,2025-03-25,jaroslav-suchy,Jaroslav Suchý,Lidovci a Starostové,Ano,Ano,97148bdb758b26f3,ano,
Radomír Vondra,Z9-25-076,Z9/25,2025-03-25,radomir-vondra,Radomír Vondra,Lidovci a Starostové,Ano,Ano,97148bdb758b26f3,ano,
Tomáš Aberl,Z9-25-076,Z9/25,2025-03-25,tomas-aberl,Tomáš Aberl,ODS a TOP 09,Ano,Ano (VK),97148bdb758b26f3,ano,
Kristýna Černá,Z9-25-076,Z9/25,2025-03-25,kristyna-cerna,Kristýna Černá,ODS a TOP 09,Ano,Ano (VK),97148bdb758b26f3,ano,
David Grund,Z9-25-076,Z9/25,2025-03-25,david-grund,David Grund,ODS a TOP 09,Ano,Ano,97148bdb758b26f3,ano,
Jiří Herman,Z9-25-076,Z9/25,2025-03-25,jiri-herman,Jiří Herman,ODS a TOP 09,Ano,Ano,97148bdb758b26f3,ano,
Michal Chládek,Z9-25-076,Z9/25,2025-03-25,michal-chladek,Michal Chládek,ODS a TOP 09,Ano,Ano,97148bdb758b26f3,ano,
Robert Kerndl,Z9-25-076,Z9/25,2025-03-25,robert-kerndl,Robert Kerndl,ODS a TOP 09,Ano,Ano,97148bdb758b26f3,ano,
Vladan Krásný,Z9-25-076,Z9/25,2025-03-25,vladan-krasny,Vladan Krásný,ODS a TOP 09,Ano,Ano,97148bdb758b26f3,ano,
Petr Kratochvíl,Z9-25-076,Z9/25,2025-03-25,petr-kratochvil,Petr Kratochvíl,ODS a TOP 09,Ano,Ano,97148bdb758b26f3,ano,
Andrea Pazderová,Z9-25-076,Z9/25,2025-03-25,andrea-pazderova,Andrea Pazderová,ODS a TOP 09,Ano,Ano,97148bdb758b26f3,ano,
Martin Příborský,Z9-25-076,Z9/25,2025-03-25,martin-priborsky,Martin Příborský,ODS a TOP 09,Ano,Ano,97148bdb758b26f3,ano,
Anna Putnová,Z9-25-076,Z9/25,2025-03-25,anna-putnova,Anna Putnová,ODS a TOP 09,Ano,Ano,97148bdb758b26f3,ano,
Dagmar Seidlová,Z9-25-076,Z9/25,2025-03-25,dagmar-seidlova,Dagmar Seidlová,ODS a TOP 09,Ano,Ano,97148bdb758b26f3,ano,
David Trllo,Z9-25-076,Z9/25,2025-03-25,david-trllo,David Trllo,ODS a TOP 09,Ano,Ano,97148bdb758b26f3,ano,
Pavel Urubek,Z9-25-076,Z9/25,2025-03-25,pavel-urubek,Pavel Urubek,ODS a TOP 09,Ano,Ano,97148bdb758b26f3,ano,
Markéta Vaňková,Z9-25-076,Z9/25,2025-03-25,marketa-vankova,Markéta Vaňková,ODS a TOP 09,Ano,Ano,97148bdb758b26f3,ano,
Libor Zábranský,Z9-25-076,Z9/25,2025-03-25,libor-zabransky-1,Libor Zábranský,ODS a TOP 09,nepřít.,nepřít.,97148bdb758b26f3,ano,
Tomáš Koláčný,Z9-25-076,Z9/25,2025-03-25,tomas-kolacny,Tomáš Koláčný,Piráti,Zdržel se,Zdržel se,97148bdb758b26f3,ano,
Marek Lahoda,Z9-25-076,Z9/25,2025-03-25,marek-lahoda,Marek Lahoda,Piráti,nepřít.,nepřít.,97148bdb758b26f3,ano,
Monika Lukášová Spilková,Z9-25-076,Z9/25,2025-03-25,monika-lukasova-spilkova,Monika Lukášová Spilková,Piráti,Zdržel se,Zdržel se,97148bdb758b26f3,ano,
Adam Zemek,Z9-25-076,Z9/25,2025-03-25,adam-zemek,Adam Zemek,Piráti,Zdržel se,Zdržel se,97148bdb758b26f3,ano,
Tomáš Anderle,Z9-25-076,Z9/25,2025-03-25,tomas-anderle,Tomáš Anderle,SPD+Trikolora,nepřít.,nepřít.,97148bdb758b26f3,ano,
Blanka Borovská,Z9-25-076,Z9/25,2025-03-25,blanka-borovska,Blanka Borovská,SPD+Trikolora,Ano,Ano,97148bdb758b26f3,ano,
Jiří Kment,Z9-25-076,Z9/25,2025-03-25,jiri-kment,Jiří Kment,SPD+Trikolora,Ano,Ano,97148bdb758b26f3,ano,
Petr Levíček,Z9-25-076,Z9/25,2025-03-25,petr-levicek,Petr Levíček,SPD+Trikolora,Ano,Ano,97148bdb758b26f3,ano,
Leoš Prokeš,Z9-25-076,Z9/25,2025-03-25,leos-prokes,Leoš Prokeš,SPD+Trikolora,Ano,Ano,97148bdb758b26f3,ano,
Tomáš Skřička,Z9-25-076,Z9/25,2025-03-25,tomas-skricka,Tomáš Skřička,SPD+Trikolora,Ano,Ano,97148bdb758b26f3,ano,
Jana Drápalová,Z9-25-076,Z9/25,2025-03-25,jana-drapalova,Jana Drápalová,Zelení a Žít Brno,Ano,Ano,97148bdb758b26f3,ano,
Jasna Flamiková,Z9-25-076,Z9/25,2025-03-25,jasna-flamikova,Jasna Flamiková,Zelení a Žít Brno,Nehlasoval,Nehlasoval,97148bdb758b26f3,ano,
Matěj Hollan,Z9-25-076,Z9/25,2025-03-25,matej-hollan,Matěj Hollan,Zelení a Žít Brno,Ne,Ne,97148bdb758b26f3,ano,
Sabina Benešová,Z9-31-011,Z9/31,2025-12-10,sabina-benesova,Sabina Benešová,ANO 2011,Ano,Ano,205eb0007283cacd,ano,
"Petr Bořecký (arch., ANO 2022)",Z9-31-011,Z9/31,2025-12-10,petr-borecky,Petr Bořecký,ANO 2011,Ano,Ano,205eb0007283cacd,ano,
René Černý,Z9-31-011,Z9/31,2025-12-10,rene-cerny,René Černý,ANO 2011,Ano,Ano,205eb0007283cacd,ano,
Alena Gruberová,Z9-31-011,Z9/31,2025-12-10,alena-gruberova,Alena Gruberová,ANO 2011,Ano,Ano,205eb0007283cacd,ano,
Kateřina Jarošová,Z9-31-011,Z9/31,2025-12-10,katerina-jarosova,Kateřina Jarošová,ANO 2011,Ano,Ano,205eb0007283cacd,ano,
Karel Kalivoda,Z9-31-011,Z9/31,2025-12-10,karel-kalivoda,Karel Kalivoda,ANO 2011,Ano,Ano,205eb0007283cacd,ano,
Karin Podivinská Karasová,Z9-31-011,Z9/31,2025-12-10,karin-podivinska-karasova,Karin Podivinská,ANO 2011,Ano,Ano,205eb0007283cacd,ano,
Pavel Kříž,Z9-31-011,Z9/31,2025-12-10,pavel-kriz,Pavel Kříž,ANO 2011,Ano,Ano,205eb0007283cacd,ano,
Miroslav Kubásek,Z9-31-011,Z9/31,2025-12-10,miroslav-kubasek,Miroslav Kubásek,ANO 2011,Ano,Ano,205eb0007283cacd,ano,
René Novotný,Z9-31-011,Z9/31,2025-12-10,rene-novotny,René Novotný,ANO 2011,Ano,Ano (VK),205eb0007283cacd,ano,
Pavel Outrata,Z9-31-011,Z9/31,2025-12-10,pavel-outrata,Pavel Outrata,ANO 2011,nepřít.,nepřít.,205eb0007283cacd,ano,
Vít Prýgl,Z9-31-011,Z9/31,2025-12-10,vit-prygl,Vít Prýgl,ANO 2011,Ano,Ano,205eb0007283cacd,ano,
Daniel Struž,Z9-31-011,Z9/31,2025-12-10,daniel-struz,Daniel Struž,ANO 2011,Ano,Ano,205eb0007283cacd,ano,
Jiří Oliva,Z9-31-011,Z9/31,2025-12-10,jiri-oliva,Jiří Oliva,SOCDEM,Ano,Ano,205eb0007283cacd,ano,
Břetislav Štefan,Z9-31-011,Z9/31,2025-12-10,bretislav-stefan,Břetislav Štefan,SOCDEM,nepřít.,nepřít.,205eb0007283cacd,ano,
Marek Viskot,Z9-31-011,Z9/31,2025-12-10,marek-viskot,Marek Viskot,SOCDEM,Ano,Ano,205eb0007283cacd,ano,
Petr Hladík,Z9-31-011,Z9/31,2025-12-10,petr-hladik,Petr Hladík,Lidovci a Starostové,nepřít.,nepřít.,205eb0007283cacd,ano,
Jakub Hruška,Z9-31-011,Z9/31,2025-12-10,jakub-hruska,Jakub Hruška,Lidovci a Starostové,Ano,Ano,205eb0007283cacd,ano,
Filip Chvátal,Z9-31-011,Z9/31,2025-12-10,filip-chvatal,Filip Chvátal,Lidovci a Starostové,Ano,Ano,205eb0007283cacd,ano,
Petr Bořecký (Lidovci a Starostové),Z9-31-011,Z9/31,2025-12-10,petr-borecky-1,Petr Bořecký,Lidovci a Starostové,Ano,Ano,205eb0007283cacd,ano,
Filip Leder,Z9-31-011,Z9/31,2025-12-10,filip-leder,Filip Leder,Lidovci a Starostové,Ano,Ano,205eb0007283cacd,ano,
Martin Maleček,Z9-31-011,Z9/31,2025-12-10,martin-malecek,Martin Maleček,Lidovci a Starostové,Ano,Ano,205eb0007283cacd,ano,
Michal Marek,Z9-31-011,Z9/31,2025-12-10,michal-marek,Michal Marek,Lidovci a Starostové,Ano,Ano,205eb0007283cacd,ano,
Irena Matonohová,Z9-31-011,Z9/31,2025-12-10,irena-matonohova,Irena Matonohová,Lidovci a Starostové,Ano,Ano,205eb0007283cacd,ano,
Jaroslav Suchý,Z9-31-011,Z9/31,2025-12-10,jaroslav-suchy,Jaroslav Suchý,Lidovci a Starostové,Ano,Ano,205eb0007283cacd,ano,
Radomír Vondra,Z9-31-011,Z9/31,2025-12-10,radomir-vondra,Radomír Vondra,Lidovci a Starostové,Ano,Ano,205eb0007283cacd,ano,
Tomáš Aberl,Z9-31-011,Z9/31,2025-12-10,tomas-aberl,Tomáš Aberl,ODS a TOP 09,Ano,Ano,205eb0007283cacd,ano,
Kristýna Černá,Z9-31-011,Z9/31,2025-12-10,kristyna-cerna,Kristýna Černá,ODS a TOP 09,Ano,Ano,205eb0007283cacd,ano,
David Grund,Z9-31-011,Z9/31,2025-12-10,david-grund,David Grund,ODS a TOP 09,Ano,Ano,205eb0007283cacd,ano,
Jiří Herman,Z9-31-011,Z9/31,2025-12-10,jiri-herman,Jiří Herman,ODS a TOP 09,Nehlasoval,Nehlasoval,205eb0007283cacd,ano,
Michal Chládek,Z9-31-011,Z9/31,2025-12-10,michal-chladek,Michal Chládek,ODS a TOP 09,Nehlasoval,Nehlasoval,205eb0007283cacd,ano,
Robert Kerndl,Z9-31-011,Z9/31,2025-12-10,robert-kerndl,Robert Kerndl,ODS a TOP 09,Ano,Ano,205eb0007283cacd,ano,
Vladan Krásný,Z9-31-011,Z9/31,2025-12-10,vladan-krasny,Vladan Krásný,ODS a TOP 09,Ano,Ano (VK),205eb0007283cacd,ano,
Petr Kratochvíl,Z9-31-011,Z9/31,2025-12-10,petr-kratochvil,Petr Kratochvíl,ODS a TOP 09,Ano,Ano,205eb0007283cacd,ano,
Andrea Pazderová,Z9-31-011,Z9/31,2025-12-10,andrea-pazderova,Andrea Pazderová,ODS a TOP 09,Ano,Ano,205eb0007283cacd,ano,
Martin Příborský,Z9-31-011,Z9/31,2025-12-10,martin-priborsky,Martin Příborský,ODS a TOP 09,Ano,Ano,205eb0007283cacd,ano,
Anna Putnová,Z9-31-011,Z9/31,2025-12-10,anna-putnova,Anna Putnová,ODS a TOP 09,Ano,Ano,205eb0007283cacd,ano,
Dagmar Seidlová,Z9-31-011,Z9/31,2025-12-10,dagmar-seidlova,Dagmar Seidlová,ODS a TOP 09,Nehlasoval,Nehlasoval,205eb0007283cacd,ano,
David Trllo,Z9-31-011,Z9/31,2025-12-10,david-trllo,David Trllo,ODS a TOP 09,Ano,Ano,205eb0007283cacd,ano,
Pavel Urubek,Z9-31-011,Z9/31,2025-12-10,pavel-urubek,Pavel Urubek,ODS a TOP 09,Ano,Ano,205eb0007283cacd,ano,
Markéta Vaňková,Z9-31-011,Z9/31,2025-12-10,marketa-vankova,Markéta Vaňková,ODS a TOP 09,Ano,Ano,205eb0007283cacd,ano,
Libor Zábranský,Z9-31-011,Z9/31,2025-12-10,libor-zabransky-1,Libor Zábranský,ODS a TOP 09,Ano,Ano (VK),205eb0007283cacd,ano,
Tomáš Koláčný,Z9-31-011,Z9/31,2025-12-10,tomas-kolacny,Tomáš Koláčný,Piráti,Ano,Ano,205eb0007283cacd,ano,
Marek Lahoda,Z9-31-011,Z9/31,2025-12-10,marek-lahoda,Marek Lahoda,Piráti,Ano,Ano,205eb0007283cacd,ano,
Monika Lukášová Spilková,Z9-31-011,Z9/31,2025-12-10,monika-lukasova-spilkova,Monika Lukášová Spilková,Piráti,Ano,Ano,205eb0007283cacd,ano,
Adam Zemek,Z9-31-011,Z9/31,2025-12-10,adam-zemek,Adam Zemek,Piráti,Ano,Ano,205eb0007283cacd,ano,
Tomáš Anderle,Z9-31-011,Z9/31,2025-12-10,tomas-anderle,Tomáš Anderle,SPD+Trikolora,Nehlasoval,Nehlasoval,205eb0007283cacd,ano,
Blanka Borovská,Z9-31-011,Z9/31,2025-12-10,blanka-borovska,Blanka Borovská,SPD+Trikolora,Ano,Ano,205eb0007283cacd,ano,
Jiří Kment,Z9-31-011,Z9/31,2025-12-10,jiri-kment,Jiří Kment,SPD+Trikolora,Ano,Ano,205eb0007283cacd,ano,
Petr Levíček,Z9-31-011,Z9/31,2025-12-10,petr-levicek,Petr Levíček,SPD+Trikolora,nepřít.,nepřít.,205eb0007283cacd,ano,
Leoš Prokeš,Z9-31-011,Z9/31,2025-12-10,leos-prokes,Leoš Prokeš,SPD+Trikolora,Ano,Ano,205eb0007283cacd,ano,
Tomáš Skřička,Z9-31-011,Z9/31,2025-12-10,tomas-skricka,Tomáš Skřička,SPD+Trikolora,Ano,Ano,205eb0007283cacd,ano,
Jana Drápalová,Z9-31-011,Z9/31,2025-12-10,jana-drapalova,Jana Drápalová,Zelení a Žít Brno,Ano,Ano,205eb0007283cacd,ano,
Jasna Flamiková,Z9-31-011,Z9/31,2025-12-10,jasna-flamikova,Jasna Flamiková,Zelení a Žít Brno,Ano,Ano,205eb0007283cacd,ano,
Matěj Hollan,Z9-31-011,Z9/31,2025-12-10,matej-hollan,Matěj Hollan,Zelení a Žít Brno,Nehlasoval,Nehlasoval,205eb0007283cacd,ano,
Sabina Benešová,Z9-31-022,Z9/31,2025-12-10,sabina-benesova,Sabina Benešová,ANO 2011,Ano,Ano,a04e20e4eb5af420,ano,
"Petr Bořecký (arch., ANO 2022)",Z9-31-022,Z9/31,2025-12-10,petr-borecky,Petr Bořecký,ANO 2011,Ano,Ano,a04e20e4eb5af420,ano,
René Černý,Z9-31-022,Z9/31,2025-12-10,rene-cerny,René Černý,ANO 2011,Ano,Ano,a04e20e4eb5af420,ano,
Alena Gruberová,Z9-31-022,Z9/31,2025-12-10,alena-gruberova,Alena Gruberová,ANO 2011,Ano,Ano,a04e20e4eb5af420,ano,
Kateřina Jarošová,Z9-31-022,Z9/31,2025-12-10,katerina-jarosova,Kateřina Jarošová,ANO 2011,Ano,Ano,a04e20e4eb5af420,ano,
Karel Kalivoda,Z9-31-022,Z9/31,2025-12-10,karel-kalivoda,Karel Kalivoda,ANO 2011,Ano,Ano,a04e20e4eb5af420,ano,
Karin Podivinská Karasová,Z9-31-022,Z9/31,2025-12-10,karin-podivinska-karasova,Karin Podivinská,ANO 2011,Ano,Ano,a04e20e4eb5af420,ano,
Pavel Kříž,Z9-31-022,Z9/31,2025-12-10,pavel-kriz,Pavel Kříž,ANO 2011,Ano,Ano,a04e20e4eb5af420,ano,
Miroslav Kubásek,Z9-31-022,Z9/31,2025-12-10,miroslav-kubasek,Miroslav Kubásek,ANO 2011,Ano,Ano,a04e20e4eb5af420,ano,
René Novotný,Z9-31-022,Z9/31,2025-12-10,rene-novotny,René Novotný,ANO 2011,Ano,Ano (VK),a04e20e4eb5af420,ano,
Pavel Outrata,Z9-31-022,Z9/31,2025-12-10,pavel-outrata,Pavel Outrata,ANO 2011,nepřít.,nepřít.,a04e20e4eb5af420,ano,
Vít Prýgl,Z9-31-022,Z9/31,2025-12-10,vit-prygl,Vít Prýgl,ANO 2011,Ano,Ano,a04e20e4eb5af420,ano,
Daniel Struž,Z9-31-022,Z9/31,2025-12-10,daniel-struz,Daniel Struž,ANO 2011,Ano,Ano,a04e20e4eb5af420,ano,
Jiří Oliva,Z9-31-022,Z9/31,2025-12-10,jiri-oliva,Jiří Oliva,SOCDEM,Ano,Ano,a04e20e4eb5af420,ano,
Břetislav Štefan,Z9-31-022,Z9/31,2025-12-10,bretislav-stefan,Břetislav Štefan,SOCDEM,Ano,Ano,a04e20e4eb5af420,ano,
Marek Viskot,Z9-31-022,Z9/31,2025-12-10,marek-viskot,Marek Viskot,SOCDEM,Ano,Ano,a04e20e4eb5af420,ano,
Petr Hladík,Z9-31-022,Z9/31,2025-12-10,petr-hladik,Petr Hladík,Lidovci a Starostové,nepřít.,nepřít.,a04e20e4eb5af420,ano,
Jakub Hruška,Z9-31-022,Z9/31,2025-12-10,jakub-hruska,Jakub Hruška,Lidovci a Starostové,Ano,Ano,a04e20e4eb5af420,ano,
Filip Chvátal,Z9-31-022,Z9/31,2025-12-10,filip-chvatal,Filip Chvátal,Lidovci a Starostové,Ano,Ano,a04e20e4eb5af420,ano,
Petr Bořecký (Lidovci a Starostové),Z9-31-022,Z9/31,2025-12-10,petr-borecky-1,Petr Bořecký,Lidovci a Starostové,Ano,Ano,a04e20e4eb5af420,ano,
Filip Leder,Z9-31-022,Z9/31,2025-12-10,filip-leder,Filip Leder,Lidovci a Starostové,Ano,Ano,a04e20e4eb5af420,ano,
Martin Maleček,Z9-31-022,Z9/31,2025-12-10,martin-malecek,Martin Maleček,Lidovci a Starostové,Ano,Ano,a04e20e4eb5af420,ano,
Michal Marek,Z9-31-022,Z9/31,2025-12-10,michal-marek,Michal Marek,Lidovci a Starostové,Ano,Ano,a04e20e4eb5af420,ano,
Irena Matonohová,Z9-31-022,Z9/31,2025-12-10,irena-matonohova,Irena Matonohová,Lidovci a Starostové,Ano,Ano,a04e20e4eb5af420,ano,
Jaroslav Suchý,Z9-31-022,Z9/31,2025-12-10,jaroslav-suchy,Jaroslav Suchý,Lidovci a Starostové,Ano,Ano,a04e20e4eb5af420,ano,
Radomír Vondra,Z9-31-022,Z9/31,2025-12-10,radomir-vondra,Radomír Vondra,Lidovci a Starostové,Ano,Ano,a04e20e4eb5af420,ano,
Tomáš Aberl,Z9-31-022,Z9/31,2025-12-10,tomas-aberl,Tomáš Aberl,ODS a TOP 09,Ano,Ano,a04e20e4eb5af420,ano,
Kristýna Černá,Z9-31-022,Z9/31,2025-12-10,kristyna-cerna,Kristýna Černá,ODS a TOP 09,Ano,Ano,a04e20e4eb5af420,ano,
David Grund,Z9-31-022,Z9/31,2025-12-10,david-grund,David Grund,ODS a TOP 09,Ano,Ano,a04e20e4eb5af420,ano,
Jiří Herman,Z9-31-022,Z9/31,2025-12-10,jiri-herman,Jiří Herman,ODS a TOP 09,Ano,Ano,a04e20e4eb5af420,ano,
Michal Chládek,Z9-31-022,Z9/31,2025-12-10,michal-chladek,Michal Chládek,ODS a TOP 09,Ano,Ano,a04e20e4eb5af420,ano,
Robert Kerndl,Z9-31-022,Z9/31,2025-12-10,robert-kerndl,Robert Kerndl,ODS a TOP 09,Ano,Ano,a04e20e4eb5af420,ano,
Vladan Krásný,Z9-31-022,Z9/31,2025-12-10,vladan-krasny,Vladan Krásný,ODS a TOP 09,Ano,Ano (VK),a04e20e4eb5af420,ano,
Petr Kratochvíl,Z9-31-022,Z9/31,2025-12-10,petr-kratochvil,Petr Kratochvíl,ODS a TOP 09,Ano,Ano,a04e20e4eb5af420,ano,
Andrea Pazderová,Z9-31-022,Z9/31,2025-12-10,andrea-pazderova,Andrea Pazderová,ODS a TOP 09,Ano,Ano,a04e20e4eb5af420,ano,
Martin Příborský,Z9-31-022,Z9/31,2025-12-10,martin-priborsky,Martin Příborský,ODS a TOP 09,Ano,Ano,a04e20e4eb5af420,ano,
Anna Putnová,Z9-31-022,Z9/31,2025-12-10,anna-putnova,Anna Putnová,ODS a TOP 09,Ano,Ano,a04e20e4eb5af420,ano,
Dagmar Seidlová,Z9-31-022,Z9/31,2025-12-10,dagmar-seidlova,Dagmar Seidlová,ODS a TOP 09,Ano,Ano,a04e20e4eb5af420,ano,
David Trllo,Z9-31-022,Z9/31,2025-12-10,david-trllo,David Trllo,ODS a TOP 09,Ano,Ano,a04e20e4eb5af420,ano,
Pavel Urubek,Z9-31-022,Z9/31,2025-12-10,pavel-urubek,Pavel Urubek,ODS a TOP 09,Ano,Ano,a04e20e4eb5af420,ano,
Markéta Vaňková,Z9-31-022,Z9/31,2025-12-10,marketa-vankova,Markéta Vaňková,ODS a TOP 09,Ano,Ano,a04e20e4eb5af420,ano,
Libor Zábranský,Z9-31-022,Z9/31,2025-12-10,libor-zabransky-1,Libor Zábranský,ODS a TOP 09,Ano,Ano (VK),a04e20e4eb5af420,ano,
Tomáš Koláčný,Z9-31-022,Z9/31,2025-12-10,tomas-kolacny,Tomáš Koláčný,Piráti,Zdržel se,Zdržel se,a04e20e4eb5af420,ano,
Marek Lahoda,Z9-31-022,Z9/31,2025-12-10,marek-lahoda,Marek Lahoda,Piráti,Zdržel se,Zdržel se,a04e20e4eb5af420,ano,
Monika Lukášová Spilková,Z9-31-022,Z9/31,2025-12-10,monika-lukasova-spilkova,Monika Lukášová Spilková,Piráti,Zdržel se,Zdržel se,a04e20e4eb5af420,ano,
Adam Zemek,Z9-31-022,Z9/31,2025-12-10,adam-zemek,Adam Zemek,Piráti,Zdržel se,Zdržel se,a04e20e4eb5af420,ano,
Tomáš Anderle,Z9-31-022,Z9/31,2025-12-10,tomas-anderle,Tomáš Anderle,SPD+Trikolora,Zdržel se,Zdržel se,a04e20e4eb5af420,ano,
Blanka Borovská,Z9-31-022,Z9/31,2025-12-10,blanka-borovska,Blanka Borovská,SPD+Trikolora,Zdržel se,Zdržel se,a04e20e4eb5af420,ano,
Jiří Kment,Z9-31-022,Z9/31,2025-12-10,jiri-kment,Jiří Kment,SPD+Trikolora,Zdržel se,Zdržel se,a04e20e4eb5af420,ano,
Petr Levíček,Z9-31-022,Z9/31,2025-12-10,petr-levicek,Petr Levíček,SPD+Trikolora,nepřít.,nepřít.,a04e20e4eb5af420,ano,
Leoš Prokeš,Z9-31-022,Z9/31,2025-12-10,leos-prokes,Leoš Prokeš,SPD+Trikolora,Zdržel se,Zdržel se,a04e20e4eb5af420,ano,
Tomáš Skřička,Z9-31-022,Z9/31,2025-12-10,tomas-skricka,Tomáš Skřička,SPD+Trikolora,Zdržel se,Zdržel se,a04e20e4eb5af420,ano,
Jana Drápalová,Z9-31-022,Z9/31,2025-12-10,jana-drapalova,Jana Drápalová,Zelení a Žít Brno,Zdržel se,Zdržel se,a04e20e4eb5af420,ano,
Jasna Flamiková,Z9-31-022,Z9/31,2025-12-10,jasna-flamikova,Jasna Flamiková,Zelení a Žít Brno,Zdržel se,Zdržel se,a04e20e4eb5af420,ano,
Matěj Hollan,Z9-31-022,Z9/31,2025-12-10,matej-hollan,Matěj Hollan,Zelení a Žít Brno,Zdržel se,Zdržel se,a04e20e4eb5af420,ano,
Tomáš Aberl,Z9-34-004,Z9/34,2026-04-14,tomas-aberl,Tomáš Aberl,ODS a TOP 09,Ne,Ne,4309feb0d4cef6e1,ano,
Pavel Jankůj,Z9-34-004,Z9/34,2026-04-14,pavel-jankuj,Pavel Jankůj,ODS a TOP 09,Zdržel se,Zdržel se,4309feb0d4cef6e1,ano,
David Grund,Z9-34-004,Z9/34,2026-04-14,david-grund,David Grund,ODS a TOP 09,Nehlasoval,Nehlasoval,4309feb0d4cef6e1,ano,
Jiří Herman,Z9-34-004,Z9/34,2026-04-14,jiri-herman,Jiří Herman,ODS a TOP 09,Zdržel se,Zdržel se,4309feb0d4cef6e1,ano,
Michal Chládek,Z9-34-004,Z9/34,2026-04-14,michal-chladek,Michal Chládek,ODS a TOP 09,Nehlasoval,Nehlasoval,4309feb0d4cef6e1,ano,
Robert Kerndl,Z9-34-004,Z9/34,2026-04-14,robert-kerndl,Robert Kerndl,ODS a TOP 09,Nehlasoval,Nehlasoval,4309feb0d4cef6e1,ano,
Vladan Krásný,Z9-34-004,Z9/34,2026-04-14,vladan-krasny,Vladan Krásný,ODS a TOP 09,nepřít.,nepřít.,4309feb0d4cef6e1,ano,
Petr Kratochvíl,Z9-34-004,Z9/34,2026-04-14,petr-kratochvil,Petr Kratochvíl,ODS a TOP 09,Nehlasoval,Nehlasoval,4309feb0d4cef6e1,ano,
Andrea Pazderová,Z9-34-004,Z9/34,2026-04-14,andrea-pazderova,Andrea Pazderová,ODS a TOP 09,Nehlasoval,Nehlasoval (VK),4309feb0d4cef6e1,ano,
Martin Příborský,Z9-34-004,Z9/34,2026-04-14,martin-priborsky,Martin Příborský,ODS a TOP 09,Ne,Ne,4309feb0d4cef6e1,ano,
Anna Putnová,Z9-34-004,Z9/34,2026-04-14,anna-putnova,Anna Putnová,ODS a TOP 09,nepřít.,nepřít.,4309feb0d4cef6e1,ano,
Dagmar Seidlová,Z9-34-004,Z9/34,2026-04-14,dagmar-seidlova,Dagmar Seidlová,ODS a TOP 09,Nehlasoval,Nehlasoval,4309feb0d4cef6e1,ano,
David Trllo,Z9-34-004,Z9/34,2026-04-14,david-trllo,David Trllo,ODS a TOP 09,Nehlasoval,Nehlasoval,4309feb0d4cef6e1,ano,
Pavel Urubek,Z9-34-004,Z9/34,2026-04-14,pavel-urubek,Pavel Urubek,ODS a TOP 09,Nehlasoval,Nehlasoval,4309feb0d4cef6e1,ano,
Markéta Vaňková,Z9-34-004,Z9/34,2026-04-14,marketa-vankova,Markéta Vaňková,ODS a TOP 09,Nehlasoval,Nehlasoval (VK),4309feb0d4cef6e1,ano,
Libor Zábranský,Z9-34-004,Z9/34,2026-04-14,libor-zabransky-1,Libor Zábranský,ODS a TOP 09,Ano,Ano (VK),4309feb0d4cef6e1,ano,
Sabina Benešová,Z9-34-004,Z9/34,2026-04-14,sabina-benesova,Sabina Benešová,Brno klidem a nezávislí zastupitelé,Nehlasoval,Nehlasoval,4309feb0d4cef6e1,ano,
"Petr Bořecký (arch., ANO 2022)",Z9-34-004,Z9/34,2026-04-14,petr-borecky,Petr Bořecký,Brno klidem a nezávislí zastupitelé,Nehlasoval,Nehlasoval,4309feb0d4cef6e1,ano,
René Černý,Z9-34-004,Z9/34,2026-04-14,rene-cerny,René Černý,Brno klidem a nezávislí zastupitelé,Zdržel se,Zdržel se,4309feb0d4cef6e1,ano,
Alena Gruberová,Z9-34-004,Z9/34,2026-04-14,alena-gruberova,Alena Gruberová,Brno klidem a nezávislí zastupitelé,Ano,Ano,4309feb0d4cef6e1,ano,
Kateřina Jarošová,Z9-34-004,Z9/34,2026-04-14,katerina-jarosova,Kateřina Jarošová,Brno klidem a nezávislí zastupitelé,nepřít.,nepřít.,4309feb0d4cef6e1,ano,
Karel Kalivoda,Z9-34-004,Z9/34,2026-04-14,karel-kalivoda,Karel Kalivoda,Brno klidem a nezávislí zastupitelé,Nehlasoval,Nehlasoval,4309feb0d4cef6e1,ano,
Pavel Kříž,Z9-34-004,Z9/34,2026-04-14,pavel-kriz,Pavel Kříž,Brno klidem a nezávislí zastupitelé,Nehlasoval,Nehlasoval,4309feb0d4cef6e1,ano,
Petr Levíček,Z9-34-004,Z9/34,2026-04-14,petr-levicek,Petr Levíček,Brno klidem a nezávislí zastupitelé,Nehlasoval,Nehlasoval,4309feb0d4cef6e1,ano,
Karin Podivinská Karasová,Z9-34-004,Z9/34,2026-04-14,karin-podivinska-karasova,Karin Podivinská,Brno klidem a nezávislí zastupitelé,Nehlasoval,Nehlasoval,4309feb0d4cef6e1,ano,
Vít Prýgl,Z9-34-004,Z9/34,2026-04-14,vit-prygl,Vít Prýgl,Brno klidem a nezávislí zastupitelé,Nehlasoval,Nehlasoval,4309feb0d4cef6e1,ano,
Daniel Struž,Z9-34-004,Z9/34,2026-04-14,daniel-struz,Daniel Struž,Brno klidem a nezávislí zastupitelé,Nehlasoval,Nehlasoval,4309feb0d4cef6e1,ano,
Petr Hladík,Z9-34-004,Z9/34,2026-04-14,petr-hladik,Petr Hladík,Lidovci a Starostové,Nehlasoval,Nehlasoval,4309feb0d4cef6e1,ano,
Jakub Hruška,Z9-34-004,Z9/34,2026-04-14,jakub-hruska,Jakub Hruška,Lidovci a Starostové,Nehlasoval,Nehlasoval,4309feb0d4cef6e1,ano,
Filip Chvátal,Z9-34-004,Z9/34,2026-04-14,filip-chvatal,Filip Chvátal,Lidovci a Starostové,Nehlasoval,Nehlasoval,4309feb0d4cef6e1,ano,
Petr Bořecký (Lidovci a Starostové),Z9-34-004,Z9/34,2026-04-14,petr-borecky-1,Petr Bořecký,Lidovci a Starostové,Nehlasoval,Nehlasoval,4309feb0d4cef6e1,ano,
Filip Leder,Z9-34-004,Z9/34,2026-04-14,filip-leder,Filip Leder,Lidovci a Starostové,Nehlasoval,Nehlasoval,4309feb0d4cef6e1,ano,
Martin Maleček,Z9-34-004,Z9/34,2026-04-14,martin-malecek,Martin Maleček,Lidovci a Starostové,Zdržel se,Zdržel se,4309feb0d4cef6e1,ano,
Michal Marek,Z9-34-004,Z9/34,2026-04-14,michal-marek,Michal Marek,Lidovci a Starostové,Nehlasoval,Nehlasoval,4309feb0d4cef6e1,ano,
Irena Matonohová,Z9-34-004,Z9/34,2026-04-14,irena-matonohova,Irena Matonohová,Lidovci a Starostové,nepřít.,nepřít.,4309feb0d4cef6e1,ano,
Jaroslav Suchý,Z9-34-004,Z9/34,2026-04-14,jaroslav-suchy,Jaroslav Suchý,Lidovci a Starostové,Nehlasoval,Nehlasoval,4309feb0d4cef6e1,ano,
Radomír Vondra,Z9-34-004,Z9/34,2026-04-14,radomir-vondra,Radomír Vondra,Lidovci a Starostové,Nehlasoval,Nehlasoval,4309feb0d4cef6e1,ano,
Jiří Oliva,Z9-34-004,Z9/34,2026-04-14,jiri-oliva,Jiří Oliva,nezařazení,Ne,Ne,4309feb0d4cef6e1,ano,
Břetislav Štefan,Z9-34-004,Z9/34,2026-04-14,bretislav-stefan,Břetislav Štefan,nezařazení,nepřít.,nepřít.,4309feb0d4cef6e1,ano,
Marek Viskot,Z9-34-004,Z9/34,2026-04-14,marek-viskot,Marek Viskot,nezařazení,Nehlasoval,Nehlasoval,4309feb0d4cef6e1,ano,
Tomáš Koláčný,Z9-34-004,Z9/34,2026-04-14,tomas-kolacny,Tomáš Koláčný,Piráti,Nehlasoval,Nehlasoval,4309feb0d4cef6e1,ano,
Marek Lahoda,Z9-34-004,Z9/34,2026-04-14,marek-lahoda,Marek Lahoda,Piráti,Nehlasoval,Nehlasoval,4309feb0d4cef6e1,ano,
Monika Lukášová Spilková,Z9-34-004,Z9/34,2026-04-14,monika-lukasova-spilkova,Monika Lukášová Spilková,Piráti,Nehlasoval,Nehlasoval,4309feb0d4cef6e1,ano,
Adam Zemek,Z9-34-004,Z9/34,2026-04-14,adam-zemek,Adam Zemek,Piráti,Ne,Ne,4309feb0d4cef6e1,ano,
Tomáš Anderle,Z9-34-004,Z9/34,2026-04-14,tomas-anderle,Tomáš Anderle,SPD+Trikolora,Ano,Ano,4309feb0d4cef6e1,ano,
Blanka Borovská,Z9-34-004,Z9/34,2026-04-14,blanka-borovska,Blanka Borovská,SPD+Trikolora,Ano,Ano,4309feb0d4cef6e1,ano,
Jiří Kment,Z9-34-004,Z9/34,2026-04-14,jiri-kment,Jiří Kment,SPD+Trikolora,Nehlasoval,Nehlasoval,4309feb0d4cef6e1,ano,
Leoš Prokeš,Z9-34-004,Z9/34,2026-04-14,leos-prokes,Leoš Prokeš,SPD+Trikolora,Ano,Ano,4309feb0d4cef6e1,ano,
Tomáš Skřička,Z9-34-004,Z9/34,2026-04-14,tomas-skricka,Tomáš Skřička,SPD+Trikolora,Ano,Ano,4309feb0d4cef6e1,ano,
Jana Drápalová,Z9-34-004,Z9/34,2026-04-14,jana-drapalova,Jana Drápalová,Zelení a Žít Brno,Nehlasoval,Nehlasoval,4309feb0d4cef6e1,ano,
Jasna Flamiková,Z9-34-004,Z9/34,2026-04-14,jasna-flamikova,Jasna Flamiková,Zelení a Žít Brno,Nehlasoval,Nehlasoval,4309feb0d4cef6e1,ano,
Matouš Vencálek,Z9-34-004,Z9/34,2026-04-14,matous-vencalek,Matouš Vencálek,Zelení a Žít Brno,Nehlasoval,Nehlasoval,4309feb0d4cef6e1,ano,
Miroslav Kubásek,Z9-34-004,Z9/34,2026-04-14,miroslav-kubasek,Miroslav Kubásek,ANO 2011,Ano,Ano,4309feb0d4cef6e1,ano,
René Novotný,Z9-34-004,Z9/34,2026-04-14,rene-novotny,René Novotný,ANO 2011,Ano,Ano,4309feb0d4cef6e1,ano,
Pavel Outrata,Z9-34-004,Z9/34,2026-04-14,pavel-outrata,Pavel Outrata,ANO 2011,Ano,Ano (VK),4309feb0d4cef6e1,ano,
Tomáš Aberl,Z9-35-010,Z9/35,2026-05-19,tomas-aberl,Tomáš Aberl,ODS a TOP 09,Ano,Ano,9a491c6387510a0d,ano,
Pavel Jankůj,Z9-35-010,Z9/35,2026-05-19,pavel-jankuj,Pavel Jankůj,ODS a TOP 09,Ano,Ano,9a491c6387510a0d,ano,
David Grund,Z9-35-010,Z9/35,2026-05-19,david-grund,David Grund,ODS a TOP 09,Ano,Ano,9a491c6387510a0d,ano,
Jiří Herman,Z9-35-010,Z9/35,2026-05-19,jiri-herman,Jiří Herman,ODS a TOP 09,Ano,Ano,9a491c6387510a0d,ano,
Michal Chládek,Z9-35-010,Z9/35,2026-05-19,michal-chladek,Michal Chládek,ODS a TOP 09,Ano,Ano,9a491c6387510a0d,ano,
Robert Kerndl,Z9-35-010,Z9/35,2026-05-19,robert-kerndl,Robert Kerndl,ODS a TOP 09,Ano,Ano,9a491c6387510a0d,ano,
Vladan Krásný,Z9-35-010,Z9/35,2026-05-19,vladan-krasny,Vladan Krásný,ODS a TOP 09,nepřít.,nepřít.,9a491c6387510a0d,ano,
Petr Kratochvíl,Z9-35-010,Z9/35,2026-05-19,petr-kratochvil,Petr Kratochvíl,ODS a TOP 09,Ano,Ano,9a491c6387510a0d,ano,
Andrea Pazderová,Z9-35-010,Z9/35,2026-05-19,andrea-pazderova,Andrea Pazderová,ODS a TOP 09,Ano,Ano (VK),9a491c6387510a0d,ano,
Martin Příborský,Z9-35-010,Z9/35,2026-05-19,martin-priborsky,Martin Příborský,ODS a TOP 09,Ano,Ano,9a491c6387510a0d,ano,
Anna Putnová,Z9-35-010,Z9/35,2026-05-19,anna-putnova,Anna Putnová,ODS a TOP 09,Ano,Ano,9a491c6387510a0d,ano,
Dagmar Seidlová,Z9-35-010,Z9/35,2026-05-19,dagmar-seidlova,Dagmar Seidlová,ODS a TOP 09,Ano,Ano,9a491c6387510a0d,ano,
David Trllo,Z9-35-010,Z9/35,2026-05-19,david-trllo,David Trllo,ODS a TOP 09,Ano,Ano,9a491c6387510a0d,ano,
Pavel Urubek,Z9-35-010,Z9/35,2026-05-19,pavel-urubek,Pavel Urubek,ODS a TOP 09,Ano,Ano,9a491c6387510a0d,ano,
Markéta Vaňková,Z9-35-010,Z9/35,2026-05-19,marketa-vankova,Markéta Vaňková,ODS a TOP 09,nepřít.,nepřít.,9a491c6387510a0d,ano,
Libor Zábranský,Z9-35-010,Z9/35,2026-05-19,libor-zabransky-1,Libor Zábranský,ODS a TOP 09,Ano,Ano (VK),9a491c6387510a0d,ano,
Sabina Benešová,Z9-35-010,Z9/35,2026-05-19,sabina-benesova,Sabina Benešová,Brno klidem a nezávislí zastupitelé,Ano,Ano,9a491c6387510a0d,ano,
"Petr Bořecký (arch., ANO 2022)",Z9-35-010,Z9/35,2026-05-19,petr-borecky,Petr Bořecký,Brno klidem a nezávislí zastupitelé,Ano,Ano,9a491c6387510a0d,ano,
René Černý,Z9-35-010,Z9/35,2026-05-19,rene-cerny,René Černý,Brno klidem a nezávislí zastupitelé,Ano,Ano,9a491c6387510a0d,ano,
Alena Gruberová,Z9-35-010,Z9/35,2026-05-19,alena-gruberova,Alena Gruberová,Brno klidem a nezávislí zastupitelé,Ano,Ano,9a491c6387510a0d,ano,
Kateřina Jarošová,Z9-35-010,Z9/35,2026-05-19,katerina-jarosova,Kateřina Jarošová,Brno klidem a nezávislí zastupitelé,Ano,Ano,9a491c6387510a0d,ano,
Karel Kalivoda,Z9-35-010,Z9/35,2026-05-19,karel-kalivoda,Karel Kalivoda,Brno klidem a nezávislí zastupitelé,Ano,Ano,9a491c6387510a0d,ano,
Pavel Kříž,Z9-35-010,Z9/35,2026-05-19,pavel-kriz,Pavel Kříž,Brno klidem a nezávislí zastupitelé,Ano,Ano,9a491c6387510a0d,ano,
Petr Levíček,Z9-35-010,Z9/35,2026-05-19,petr-levicek,Petr Levíček,Brno klidem a nezávislí zastupitelé,Ano,Ano,9a491c6387510a0d,ano,
Karin Podivinská Karasová,Z9-35-010,Z9/35,2026-05-19,karin-podivinska-karasova,Karin Podivinská,Brno klidem a nezávislí zastupitelé,nepřít.,nepřít.,9a491c6387510a0d,ano,
Vít Prýgl,Z9-35-010,Z9/35,2026-05-19,vit-prygl,Vít Prýgl,Brno klidem a nezávislí zastupitelé,Ano,Ano,9a491c6387510a0d,ano,
Daniel Struž,Z9-35-010,Z9/35,2026-05-19,daniel-struz,Daniel Struž,Brno klidem a nezávislí zastupitelé,Ano,Ano (VK),9a491c6387510a0d,ano,
Petr Hladík,Z9-35-010,Z9/35,2026-05-19,petr-hladik,Petr Hladík,Lidovci a Starostové,Ano,Ano,9a491c6387510a0d,ano,
Jakub Hruška,Z9-35-010,Z9/35,2026-05-19,jakub-hruska,Jakub Hruška,Lidovci a Starostové,Ano,Ano,9a491c6387510a0d,ano,
Filip Chvátal,Z9-35-010,Z9/35,2026-05-19,filip-chvatal,Filip Chvátal,Lidovci a Starostové,Ano,Ano,9a491c6387510a0d,ano,
Petr Bořecký (Lidovci a Starostové),Z9-35-010,Z9/35,2026-05-19,petr-borecky-1,Petr Bořecký,Lidovci a Starostové,Ano,Ano,9a491c6387510a0d,ano,
Filip Leder,Z9-35-010,Z9/35,2026-05-19,filip-leder,Filip Leder,Lidovci a Starostové,Ano,Ano,9a491c6387510a0d,ano,
Martin Maleček,Z9-35-010,Z9/35,2026-05-19,martin-malecek,Martin Maleček,Lidovci a Starostové,Ano,Ano,9a491c6387510a0d,ano,
Michal Marek,Z9-35-010,Z9/35,2026-05-19,michal-marek,Michal Marek,Lidovci a Starostové,Ano,Ano,9a491c6387510a0d,ano,
Irena Matonohová,Z9-35-010,Z9/35,2026-05-19,irena-matonohova,Irena Matonohová,Lidovci a Starostové,Ano,Ano,9a491c6387510a0d,ano,
Jaroslav Suchý,Z9-35-010,Z9/35,2026-05-19,jaroslav-suchy,Jaroslav Suchý,Lidovci a Starostové,Ano,Ano,9a491c6387510a0d,ano,
Radomír Vondra,Z9-35-010,Z9/35,2026-05-19,radomir-vondra,Radomír Vondra,Lidovci a Starostové,Ano,Ano,9a491c6387510a0d,ano,
Jiří Oliva,Z9-35-010,Z9/35,2026-05-19,jiri-oliva,Jiří Oliva,nezařazení,Ano,Ano,9a491c6387510a0d,ano,
Břetislav Štefan,Z9-35-010,Z9/35,2026-05-19,bretislav-stefan,Břetislav Štefan,nezařazení,nepřít.,nepřít.,9a491c6387510a0d,ano,
Marek Viskot,Z9-35-010,Z9/35,2026-05-19,marek-viskot,Marek Viskot,nezařazení,Ano,Ano,9a491c6387510a0d,ano,
Tomáš Koláčný,Z9-35-010,Z9/35,2026-05-19,tomas-kolacny,Tomáš Koláčný,Piráti,Ano,Ano,9a491c6387510a0d,ano,
Marek Lahoda,Z9-35-010,Z9/35,2026-05-19,marek-lahoda,Marek Lahoda,Piráti,Ano,Ano,9a491c6387510a0d,ano,
Monika Lukášová Spilková,Z9-35-010,Z9/35,2026-05-19,monika-lukasova-spilkova,Monika Lukášová Spilková,Piráti,Ano,Ano,9a491c6387510a0d,ano,
Adam Zemek,Z9-35-010,Z9/35,2026-05-19,adam-zemek,Adam Zemek,Piráti,Ano,Ano,9a491c6387510a0d,ano,
Tomáš Anderle,Z9-35-010,Z9/35,2026-05-19,tomas-anderle,Tomáš Anderle,SPD+Trikolora,Zdržel se,Zdržel se,9a491c6387510a0d,ano,
Blanka Borovská,Z9-35-010,Z9/35,2026-05-19,blanka-borovska,Blanka Borovská,SPD+Trikolora,Zdržel se,Zdržel se,9a491c6387510a0d,ano,
Jiří Kment,Z9-35-010,Z9/35,2026-05-19,jiri-kment,Jiří Kment,SPD+Trikolora,Zdržel se,Zdržel se,9a491c6387510a0d,ano,
Leoš Prokeš,Z9-35-010,Z9/35,2026-05-19,leos-prokes,Leoš Prokeš,SPD+Trikolora,Zdržel se,Zdržel se,9a491c6387510a0d,ano,
Tomáš Skřička,Z9-35-010,Z9/35,2026-05-19,tomas-skricka,Tomáš Skřička,SPD+Trikolora,Zdržel se,Zdržel se,9a491c6387510a0d,ano,
Jana Drápalová,Z9-35-010,Z9/35,2026-05-19,jana-drapalova,Jana Drápalová,Zelení a Žít Brno,Ano,Ano,9a491c6387510a0d,ano,
Jasna Flamiková,Z9-35-010,Z9/35,2026-05-19,jasna-flamikova,Jasna Flamiková,Zelení a Žít Brno,Zdržel se,Zdržel se,9a491c6387510a0d,ano,
Matouš Vencálek,Z9-35-010,Z9/35,2026-05-19,matous-vencalek,Matouš Vencálek,Zelení a Žít Brno,Ano,Ano,9a491c6387510a0d,ano,
Miroslav Kubásek,Z9-35-010,Z9/35,2026-05-19,miroslav-kubasek,Miroslav Kubásek,ANO 2011,Ano,Ano,9a491c6387510a0d,ano,
René Novotný,Z9-35-010,Z9/35,2026-05-19,rene-novotny,René Novotný,ANO 2011,Ano,Ano,9a491c6387510a0d,ano,
Pavel Outrata,Z9-35-010,Z9/35,2026-05-19,pavel-outrata,Pavel Outrata,ANO 2011,nepřít.,nepřít.,9a491c6387510a0d,ano,
Petr Bauer,Z9-03-064,Z9/03,2022-12-13,petr-bauer,Petr Bauer,ANO 2011,Ano,Ano,4faa94e1033d1917,ano,
"Petr Bořecký (arch., ANO 2022)",Z9-03-064,Z9/03,2022-12-13,petr-borecky,Petr Bořecký,ANO 2011,Ano,Ano,4faa94e1033d1917,ano,
René Černý,Z9-03-064,Z9/03,2022-12-13,rene-cerny,René Černý,ANO 2011,Ano,Ano,4faa94e1033d1917,ano,
Alena Gruberová,Z9-03-064,Z9/03,2022-12-13,alena-gruberova,Alena Gruberová,ANO 2011,Ano,Ano,4faa94e1033d1917,ano,
Kateřina Jarošová,Z9-03-064,Z9/03,2022-12-13,katerina-jarosova,Kateřina Jarošová,ANO 2011,Ano,Ano,4faa94e1033d1917,ano,
Karel Kalivoda,Z9-03-064,Z9/03,2022-12-13,karel-kalivoda,Karel Kalivoda,ANO 2011,Ano,Ano,4faa94e1033d1917,ano,
Karin Podivinská Karasová,Z9-03-064,Z9/03,2022-12-13,karin-podivinska-karasova,Karin Podivinská,ANO 2011,Ano,Ano,4faa94e1033d1917,ano,
Pavel Kříž,Z9-03-064,Z9/03,2022-12-13,pavel-kriz,Pavel Kříž,ANO 2011,Ano,Ano,4faa94e1033d1917,ano,
Miroslav Kubásek,Z9-03-064,Z9/03,2022-12-13,miroslav-kubasek,Miroslav Kubásek,ANO 2011,Ano,Ano,4faa94e1033d1917,ano,
René Novotný,Z9-03-064,Z9/03,2022-12-13,rene-novotny,René Novotný,ANO 2011,Ano,Ano,4faa94e1033d1917,ano,
Pavel Outrata,Z9-03-064,Z9/03,2022-12-13,pavel-outrata,Pavel Outrata,ANO 2011,Ano,Ano,4faa94e1033d1917,ano,
Vít Prýgl,Z9-03-064,Z9/03,2022-12-13,vit-prygl,Vít Prýgl,ANO 2011,nepřít.,nepřít.,4faa94e1033d1917,ano,
Daniel Struž,Z9-03-064,Z9/03,2022-12-13,daniel-struz,Daniel Struž,ANO 2011,Ano,Ano,4faa94e1033d1917,ano,
Jiří Oliva,Z9-03-064,Z9/03,2022-12-13,jiri-oliva,Jiří Oliva,ČSSD VAŠI STAROSTOVÉ,Ano,Ano,4faa94e1033d1917,ano,
Břetislav Štefan,Z9-03-064,Z9/03,2022-12-13,bretislav-stefan,Břetislav Štefan,ČSSD VAŠI STAROSTOVÉ,Ano,Ano,4faa94e1033d1917,ano,
Marek Viskot,Z9-03-064,Z9/03,2022-12-13,marek-viskot,Marek Viskot,ČSSD VAŠI STAROSTOVÉ,Ano,Ano,4faa94e1033d1917,ano,
Petr Hladík,Z9-03-064,Z9/03,2022-12-13,petr-hladik,Petr Hladík,Lidovci a Starostové,Ano,Ano,4faa94e1033d1917,ano,
Jakub Hruška,Z9-03-064,Z9/03,2022-12-13,jakub-hruska,Jakub Hruška,Lidovci a Starostové,Ano,Ano,4faa94e1033d1917,ano,
Filip Chvátal,Z9-03-064,Z9/03,2022-12-13,filip-chvatal,Filip Chvátal,Lidovci a Starostové,Ano,Ano,4faa94e1033d1917,ano,
Jitka Ivičičová,Z9-03-064,Z9/03,2022-12-13,jitka-ivicicova,Jitka Ivičičová,Lidovci a Starostové,Ano,Ano (VK),4faa94e1033d1917,ano,
Filip Leder,Z9-03-064,Z9/03,2022-12-13,filip-leder,Filip Leder,Lidovci a Starostové,Ano,Ano,4faa94e1033d1917,ano,
Martin Maleček,Z9-03-064,Z9/03,2022-12-13,martin-malecek,Martin Maleček,Lidovci a Starostové,Ano,Ano,4faa94e1033d1917,ano,
Michal Marek,Z9-03-064,Z9/03,2022-12-13,michal-marek,Michal Marek,Lidovci a Starostové,Ano,Ano,4faa94e1033d1917,ano,
Irena Matonohová,Z9-03-064,Z9/03,2022-12-13,irena-matonohova,Irena Matonohová,Lidovci a Starostové,Ano,Ano,4faa94e1033d1917,ano,
Jaroslav Suchý,Z9-03-064,Z9/03,2022-12-13,jaroslav-suchy,Jaroslav Suchý,Lidovci a Starostové,Ano,Ano,4faa94e1033d1917,ano,
Radomír Vondra,Z9-03-064,Z9/03,2022-12-13,radomir-vondra,Radomír Vondra,Lidovci a Starostové,Ano,Ano,4faa94e1033d1917,ano,
Tomáš Aberl,Z9-03-064,Z9/03,2022-12-13,tomas-aberl,Tomáš Aberl,ODS a TOP 09,Ano,Ano,4faa94e1033d1917,ano,
Kristýna Černá,Z9-03-064,Z9/03,2022-12-13,kristyna-cerna,Kristýna Černá,ODS a TOP 09,Ano,Ano (VK),4faa94e1033d1917,ano,
David Grund,Z9-03-064,Z9/03,2022-12-13,david-grund,David Grund,ODS a TOP 09,Ano,Ano,4faa94e1033d1917,ano,
Jiří Herman,Z9-03-064,Z9/03,2022-12-13,jiri-herman,Jiří Herman,ODS a TOP 09,Ano,Ano (VK),4faa94e1033d1917,ano,
Michal Chládek,Z9-03-064,Z9/03,2022-12-13,michal-chladek,Michal Chládek,ODS a TOP 09,Ano,Ano,4faa94e1033d1917,ano,
Robert Kerndl,Z9-03-064,Z9/03,2022-12-13,robert-kerndl,Robert Kerndl,ODS a TOP 09,Ano,Ano,4faa94e1033d1917,ano,
Vladan Krásný,Z9-03-064,Z9/03,2022-12-13,vladan-krasny,Vladan Krásný,ODS a TOP 09,Ano,Ano (VK),4faa94e1033d1917,ano,
Petr Kratochvíl,Z9-03-064,Z9/03,2022-12-13,petr-kratochvil,Petr Kratochvíl,ODS a TOP 09,Ano,Ano,4faa94e1033d1917,ano,
Andrea Pazderová,Z9-03-064,Z9/03,2022-12-13,andrea-pazderova,Andrea Pazderová,ODS a TOP 09,Ano,Ano,4faa94e1033d1917,ano,
Martin Příborský,Z9-03-064,Z9/03,2022-12-13,martin-priborsky,Martin Příborský,ODS a TOP 09,Ano,Ano,4faa94e1033d1917,ano,
Anna Putnová,Z9-03-064,Z9/03,2022-12-13,anna-putnova,Anna Putnová,ODS a TOP 09,Ano,Ano,4faa94e1033d1917,ano,
Dagmar Seidlová,Z9-03-064,Z9/03,2022-12-13,dagmar-seidlova,Dagmar Seidlová,ODS a TOP 09,Ano,Ano,4faa94e1033d1917,ano,
David Trllo,Z9-03-064,Z9/03,2022-12-13,david-trllo,David Trllo,ODS a TOP 09,Ano,Ano,4faa94e1033d1917,ano,
Pavel Urubek,Z9-03-064,Z9/03,2022-12-13,pavel-urubek,Pavel Urubek,ODS a TOP 09,Ano,Ano,4faa94e1033d1917,ano,
Markéta Vaňková,Z9-03-064,Z9/03,2022-12-13,marketa-vankova,Markéta Vaňková,ODS a TOP 09,Ano,Ano,4faa94e1033d1917,ano,
Libor Zábranský,Z9-03-064,Z9/03,2022-12-13,libor-zabransky-1,Libor Zábranský,ODS a TOP 09,nepřít.,nepřít.,4faa94e1033d1917,ano,
Tomáš Koláčný,Z9-03-064,Z9/03,2022-12-13,tomas-kolacny,Tomáš Koláčný,Piráti,Zdržel se,Zdržel se,4faa94e1033d1917,ano,
Marek Lahoda,Z9-03-064,Z9/03,2022-12-13,marek-lahoda,Marek Lahoda,Piráti,Zdržel se,Zdržel se,4faa94e1033d1917,ano,
Monika Lukášová Spilková,Z9-03-064,Z9/03,2022-12-13,monika-lukasova-spilkova,Monika Lukášová Spilková,Piráti,Zdržel se,Zdržel se,4faa94e1033d1917,ano,
Adam Zemek,Z9-03-064,Z9/03,2022-12-13,adam-zemek,Adam Zemek,Piráti,Zdržel se,Zdržel se,4faa94e1033d1917,ano,
Tomáš Anderle,Z9-03-064,Z9/03,2022-12-13,tomas-anderle,Tomáš Anderle,SPD+Trikolora,Ne,Ne,4faa94e1033d1917,ano,
Blanka Borovská,Z9-03-064,Z9/03,2022-12-13,blanka-borovska,Blanka Borovská,SPD+Trikolora,Ne,Ne,4faa94e1033d1917,ano,
Jiří Kment,Z9-03-064,Z9/03,2022-12-13,jiri-kment,Jiří Kment,SPD+Trikolora,Ne,Ne,4faa94e1033d1917,ano,
Petr Levíček,Z9-03-064,Z9/03,2022-12-13,petr-levicek,Petr Levíček,SPD+Trikolora,nepřít.,nepřít.,4faa94e1033d1917,ano,
Leoš Prokeš,Z9-03-064,Z9/03,2022-12-13,leos-prokes,Leoš Prokeš,SPD+Trikolora,Ne,Ne,4faa94e1033d1917,ano,
Tomáš Skřička,Z9-03-064,Z9/03,2022-12-13,tomas-skricka,Tomáš Skřička,SPD+Trikolora,Ne,Ne,4faa94e1033d1917,ano,
Jana Drápalová,Z9-03-064,Z9/03,2022-12-13,jana-drapalova,Jana Drápalová,Zelení a Žít Brno,Zdržel se,Zdržel se,4faa94e1033d1917,ano,
Jasna Flamiková,Z9-03-064,Z9/03,2022-12-13,jasna-flamikova,Jasna Flamiková,Zelení a Žít Brno,Zdržel se,Zdržel se,4faa94e1033d1917,ano,
Matěj Hollan,Z9-03-064,Z9/03,2022-12-13,matej-hollan,Matěj Hollan,Zelení a Žít Brno,Zdržel se,Zdržel se,4faa94e1033d1917,ano,
