id,url,nazev,stazeno_utc,sha256,soubor,text,content_type,text_sha256
00986cd445f58d56,https://www.brno.cz/rada-mesta-brna,Rada města Brna - Brno,2026-09-18T13:33:31Z,984fce7ec00bdf6714a7a4477144fc51d4480ff5d21fd571227e59bbfff70045,zdroje/00986cd445f58d56.html,texty/00986cd445f58d56.txt,text/html;charset=UTF-8,59ed556668d2b82dabb50d3716bd1dd80c2f351a91c66400aa70bd198efd08da
08614cda1a445d8c,https://tymbrno.cz/program/,Volební program pro Brno 2026 | Tým pro Brno,2026-09-19T19:00:12Z,04257da451fe696880820c7c38deba09f51384ff73315f5e2332bc018ade7ce7,zdroje/08614cda1a445d8c.html,texty/08614cda1a445d8c.txt,text/html,cdc5e57d3df53f0126ce7def88bc75d8e26dca78c2cb2d366dab738b259668f9
0a5e067d7f1d3081,https://www.brno.cz/documents/20121/11485863/Z9-22-Z+U_P2.pdf/c8cfdc16-ebf1-a518-a284-00dd0438e483,"Z9/22 Zápis ze ZMB včetně usnesení Z9/22 Zápis ze ZMB včetně usnesení Z9/22 (PDF, 1 MB)",2026-09-18T13:35:30Z,7e5237eb9eeb2a738b663ea710d949acc4c2de3ead9442ab01ed068333fcca93,zdroje/0a5e067d7f1d3081.pdf,texty/0a5e067d7f1d3081.txt,application/pdf,c37c1b7f1b39472fb291ebd66e697d81c26f7e494b39c77f873edd708e213424
0e845920a9ca9f72,https://www.brno.cz/documents/20121/14976202/Z9-35-Z+U_P1.pdf/d937b61b-fa83-8ca9-ed63-a719543ef659,"Z9/35 Zápis ze ZMB včetně usnesení Z9/35 Zápis ze ZMB včetně usnesení Z9/35 (PDF, 799 kB)",2026-09-18T13:35:32Z,a9f4b039b0a61c534c0932d4858994b1bff027b4d23f0f9fc74116ae78e83d8c,zdroje/0e845920a9ca9f72.pdf,texty/0e845920a9ca9f72.txt,application/pdf,fc4026d3cc210eb5a73a5acafa78e7ca731b5e7bfa02f2574c07d5eef7380138
0f370d838d2a82a6,https://www.dpmb.cz/predplatni-jizdenka-salinkarta,DPMB: šalinkarty a dotace,2026-09-20T06:46:36Z,f53eaee194169da22d150a38dcbebe3ee44c7cdec7e377cf76d8f123b11b0ad3,zdroje/0f370d838d2a82a6.html,texty/0f370d838d2a82a6.txt,text/html; charset=UTF-8,a0b9c07b11fdc58eb5e45f169008e13c94382b41d26e25614d59b63f0b3cfa88
0fad0c91e46486cb,https://www.restartprobrno.cz/volebni-program-socialni-oblast/,Volební program – SOCIÁLNÍ OBLAST – RESTART PRO BRNO,2026-09-19T19:02:45Z,376b9488c8da644dfd937da198f11489dccb1b5fe41ba4f69191d469e4880114,zdroje/0fad0c91e46486cb.html,texty/0fad0c91e46486cb.txt,text/html; charset=UTF-8,d1421aa4fa957828e010ffa8b476bf9588f3e48bde753ffb1cca3e853f9562c2
10ee956abb50aa0e,https://www.restartprobrno.cz/,RESTART PRO BRNO,2026-09-19T19:01:27Z,fce60548e98bfba112c42f1d5c36abbe30f731e3b5bf82be4bb614b327fe56c0,zdroje/10ee956abb50aa0e.html,texty/10ee956abb50aa0e.txt,text/html; charset=UTF-8,4fd570a0b8e6b66f57d346a94083b42da5b85c43786835cd3887b6120c317a7c
1347ec23e98d4593,https://www.brnonejlepsiadresa.cz/cs/kultura-neni-tresnicka,"Program ODS, TOP 09 a nezávislí – kapitola",2026-09-19T19:04:20Z,0c920714400247ded76c4c4d8ed399d90142c9a60c9cfa94b1d09f59e17d4c8b,zdroje/1347ec23e98d4593.html,texty/1347ec23e98d4593.txt,text/html; charset=UTF-8,923543df3e487878847a7ae3537e581e9d854f5a0208567aa87c769d6d6134be
162b40e70de36f42,https://www.teplarny.cz/cs/teplarny-brno-v-roce-2026-cenu-tepla-nezvysi,Teplárny – ceny 2026,2026-09-20T06:46:36Z,7b368bf1296fced1f313f852aafb181b8acff2150db3bcbc42e4f944cf7b3a2d,zdroje/162b40e70de36f42.html,texty/162b40e70de36f42.txt,text/html; charset=UTF-8,e0c364b5a1c9de66dc49cdf74756cbfe78f2252d1f6f8b770b93c2ec1c722e1c
181504cb3366bfe7,https://cosedeje.brno.cz/w/privatizace-bytoveho-fondu-vedeni-mesta-jiz-ma-k-dispozici-zavery-expertiz,Liptáková a zadání expertiz 2015,2026-09-20T06:46:03Z,24cc5f6bfea02597d55e15e8756a1200975809857f6e071b71834d172c62278b,zdroje/181504cb3366bfe7.html,texty/181504cb3366bfe7.txt,text/html;charset=UTF-8,e37b2aa5a1740e272b850692311fd52741342a9ed94d0955a1d4c51d6528f738
1b7d3b44f9e1e083,https://www.brno.cz/documents/20121/5823150/Z9-08-Z+U_P_3.pdf/f45187de-ed9b-9d64-4759-5a2968d4a0cc,"Z9/08 Zápis ze ZMB včetně usnesení Z9/08 Zápis ze ZMB včetně usnesení Z9/08 (PDF, 1 MB)",2026-09-18T13:35:28Z,df40ffd36a318a5e8fe92b5475935c05483bdcfeafde2b2ba097a0c49f9e398b,zdroje/1b7d3b44f9e1e083.pdf,texty/1b7d3b44f9e1e083.txt,application/pdf,18db4fadbda97ef2d702c378c4f152a642f0f4be49fc38a9b3476418a1deecf0
1c29efb307c38b4f,https://brno.rozhlas.cz/hnuti-ano-ma-opustit-koalici-na-brnenskem-magistratu-vyzvalo-ho-k-tomu-9495808,Hnutí ANO má opustit koalici na brněnském magistrátu. Vyzvalo ho k tomu jihomoravské předsednictvo | Brno,2026-09-18T13:50:20Z,4f74414ea138afeae52ba9cb92938e34187bda4009692d12c7105c68c05462f6,zdroje/1c29efb307c38b4f.html,texty/1c29efb307c38b4f.txt,text/html; charset=utf-8,1f29a974337c30ce702e4020fbb3c43f7d53bea3a15ff600f63061f944850ee4
1cde5a071f4d126b,https://kambrno.cz/vystavy/vernisaz-vystavy-michal-sedlacek-architekt-nastup-do-treti-tretiny/,KAM: Sedláček a působení od 2016,2026-09-20T06:46:03Z,0a39773ca045771ce5af38243e3554bbaf2ca4a3f8f65b20c62020e8c53580ee,zdroje/1cde5a071f4d126b.html,texty/1cde5a071f4d126b.txt,text/html; charset=UTF-8,1ea722720cff7c4a7b47eb52460a2b3c6b30a65c5ebbcec1526068e590da767d
1d4b26db3428b0ab,https://apl.brno.cz/protokoly-zmb/zmb-z9-18/20240618-88-47355.html,Z9/18,2026-09-18T13:40:56Z,f4baac97bc857f7d571479d66f9a14f9c8d0dc6d2190a3312b7d591dd3932b53,zdroje/1d4b26db3428b0ab.html,texty/1d4b26db3428b0ab.txt,text/html,47d4e6f78ceeee5d6afba000dcf7e479533f6b75184e3abab6c30cc0b0903a63
1f563a1d4b813e15,https://cobude.brno.cz/projekt/janackovo-kulturni-centrum/,"Janáčkovo kulturní centrum | Co bude, Brno?",2026-09-18T13:49:03Z,29e40583da6e95b669cc8128b67471a8d24177b8158166f52e950d70aca2c63d,zdroje/1f563a1d4b813e15.html,texty/1f563a1d4b813e15.txt,text/html; charset=UTF-8,a0eda10405b6a3e7d9f5cb5c83868c68ba6b329f1a3a24d0ba4198608eb6bf18
205eb0007283cacd,https://apl.brno.cz/protokoly-zmb/zmb-z9-31/20251210-11-31014.html,Z9/31,2026-09-18T13:44:48Z,256071df37ba8864dd100593c3aa753d0cf9a868d97cd17bf9169eb9e8ed9c7b,zdroje/205eb0007283cacd.html,texty/205eb0007283cacd.txt,text/html,991f6eee47216dd1eef9ce0ef2b1e617eebfbe25e538a1d2368c9d0d20294694
21185e2ff631d16f,https://www.brno.cz/documents/20121/11246178/Z9-20-Z+U_P1.pdf/528d8e6e-50c7-36e8-4df5-cb7fe8ec06a8,"Z9/20 Zápis ze ZMB včetně usnesení Z9/20 Zápis ze ZMB včetně usnesení Z9/20 (PDF, 1008 kB)",2026-09-18T13:35:30Z,5304db5270d43fdadf7695b8d5d99614652c83acba69ce33a9fd52fbb298fdcc,zdroje/21185e2ff631d16f.pdf,texty/21185e2ff631d16f.txt,application/pdf,de515d5cce5be4ddc85d1852bf472399e20ee119b82cfeaabc179703ef13087f
21e4512b441a968a,https://www.zelenebrno.cz/program/dostupne-bydleni-a-vystavba/,Zelené Brno – Dostupné bydlení a výstavba,2026-09-19T19:03:00Z,79aa0d64fce373095a777ff74f414e9c56d1d82796d2ca037e0fabef107b98b6,zdroje/21e4512b441a968a.html,texty/21e4512b441a968a.txt,text/html; charset=utf-8,8d8cb386210f28597d446325bbc54893fc34fc95233bedcc86eededd2fbffd71
26743906971e276a,https://www.brno.cz/w/zasedani-zmb-1316,15. 09. 2026 Zasedání Zastupitelstva města Brna č. ZMB Z9/37,2026-09-18T13:35:05Z,95cc45f658a96f605f9f2a05b8cbd6afd7af039a40a7717073badf38b111423f,zdroje/26743906971e276a.html,texty/26743906971e276a.txt,text/html;charset=UTF-8,0265ffde7cce9a27a614c1c351bf59615ecba1fec02021d8bc8998f4c6697f09
2a6a7030b56079c9,https://www.restartprobrno.cz/volebni-program-bydleni/,Volební program – BYDLENÍ – RESTART PRO BRNO,2026-09-19T19:02:43Z,9dadf0c9b68b68edf882a82c530bdf1fd3a2eaff3760c75a8f43918dd1819467,zdroje/2a6a7030b56079c9.html,texty/2a6a7030b56079c9.txt,text/html; charset=UTF-8,5949a340cc363a42984b69ff5155ea26e31a12fb5a95b17e241052bb7e12dea3
2cb30b541c6fc59f,https://cosedeje.brno.cz/w/velky-brnensky-uspech-rapid-re-housing-dosahl-sveho-cile,Rapid Re-Housing – výsledek a Vokřál,2026-09-20T06:46:03Z,edc083e434421e26e9d36502893ad89ccba40722174717209cb0267323ef4200,zdroje/2cb30b541c6fc59f.html,texty/2cb30b541c6fc59f.txt,text/html;charset=UTF-8,8cb63ccde58a6a799c16e3e032d9c87689db302231dc8eddb2a88f5b46ada9ae
2f2cd4e0729b1211,https://socdem.cz/en/akt-aktuality/socialni-demokracie-jde-v-brne-znovu-do-boje/,Sociální demokracie jde v Brně znovu do boje - Sociální demokracie,2026-09-19T19:02:43Z,35052caaf3ac85d80d6774fcb8d1ff66d45c87771cc25d8fa7ba12d603197f79,zdroje/2f2cd4e0729b1211.html,texty/2f2cd4e0729b1211.txt,text/html; charset=UTF-8,8843096db3907bc97d2981a23fbcfcbe82d0890cb8c2f5dd4b5a7bafea960784
316596c68d910dc3,https://apl.brno.cz/protokoly-zmb/zmb-z9-11/20231018-7-47404.html,Z9/11,2026-09-18T13:37:59Z,04de635551952846736f7236f50e61524f1b4bf1e5b24223fc9770b4422ac686,zdroje/316596c68d910dc3.html,texty/316596c68d910dc3.txt,text/html,f63565845907c206c129acbcc96b5d1434c2b06f8f6e575b7da839880532c3bb
332eb5b3cdf99fc3,https://tn.nova.cz/zpravodajstvi/clanek/636063-ano-vyloucilo-vzpurne-cleny-z-brna-odmitli-opustit-koalici-s-ods,ANO vyloučilo vzpurné členy z Brna. Odmítli opustit koalici s ODS | TN.cz,2026-09-18T13:50:20Z,5970507efdb4daccf5a6fbf0219ec5d61634a0b5dbd12aa0e0b28dde50ce0504,zdroje/332eb5b3cdf99fc3.html,texty/332eb5b3cdf99fc3.txt,text/html;charset=UTF-8,1db54fd8ee744cff6907cdb1c0359f7e4ef675513d3f1cc412df5fab63945478
35b44e8f185e7ebb,https://motoristesobe.cz/komunalni-volby,Motoristé sobě,2026-09-19T19:02:41Z,030ccf5b8adca05277ed16a700cec7c0d2e0611e0b58d91499cb65d6d7a93533,zdroje/35b44e8f185e7ebb.html,texty/35b44e8f185e7ebb.txt,text/html; charset=UTF-8,c5a5378a48fc92228069a02a569680660aeb6327805812412b8d8f36e721d1c7
3662325cd3a42957,https://www.brno.cz/documents/20121/6910030/Z9-09-Z+U_P2.pdf/dafc5c74-f06d-2b8b-51f1-ee59a9ef2d2c,"Z9/09 Zápis ze ZMB včetně usnesení Z9/09 Zápis ze ZMB včetně usnesení Z9/09 (PDF, 1 MB)",2026-09-18T13:35:28Z,5e90e200e512bef2bdb7d7dbde2d339c4ad3e9afcc80499e74d21b86bca2ca86,zdroje/3662325cd3a42957.pdf,texty/3662325cd3a42957.txt,application/pdf,54ce819c401e18274d350ebb2ef04b51881fb8c23096b868e0c8df2e3163a217
385043a0f54904bb,https://www.nove-brno.cz/,Nové Brno | komunální volby Brno 2026,2026-09-19T19:00:31Z,2cacd0d6c604663afa59d59b5a638a9dca1fe584ec90a54d63480b6a00493305,zdroje/385043a0f54904bb.html,texty/385043a0f54904bb.txt,text/html; charset=UTF-8,d37588a4b62c5f6056e0ee4cbd9dff066e9f5c605fb7817385c1c144ab08d0ad
45bee869fd2c38ad,https://www.brno.cz/documents/20121/14187872/Materi%C3%A1l_124.pdf/84bdf91a-3260-9163-f140-f117d7b6240c?t=1772157702078,"Z9/33 Informativní zpráva o vyřízení dotazů, připomínek a podnětů členů ZMB ze zasedání Zastupitelstva města Brna č. Z9/32 konaného dne 20. 1. 2026 (PDF, 328 kB)",2026-09-18T13:35:55Z,e2a065f0528fa5a00be05858fe0e0d2501e8b637c31f6e1ad22848c0d0239658,zdroje/45bee869fd2c38ad.pdf,texty/45bee869fd2c38ad.txt,application/pdf,552c1b69b7fc46ca89e205855b1f56f0ba94c60f7466d85eca2d1d40c993952d
46b0b1680eaf247b,https://www.nove-brno.cz/_files/ugd/fd2507_5c7431fbbc7840eea9ba1c5e9938068b.pdf,,2026-09-19T19:01:30Z,ace2f33471a19ae9c0c52175e214d7560f7ddc23bae846679bcff75a9e64d093,zdroje/46b0b1680eaf247b.pdf,texty/46b0b1680eaf247b.txt,application/pdf,a65d32a03860f6d36f90d3fc1d6212d80fe52462b52bfdda8ed8dc4fdb936384
4a768991f20ccd16,https://www.brno.cz/w/karin-podivinska-karasova,Ing. Karin Podivinská Karasová,2026-09-18T13:34:53Z,a169e5a47667d0eb2325e9ab3ecb908c4817ea51fc3f52d51264dff580b4bc13,zdroje/4a768991f20ccd16.html,texty/4a768991f20ccd16.txt,text/html;charset=UTF-8,a38550f49dec084d5e17477cbdfdd49d1a7321baceefa3801b68a3059cf6c63a
4c041d7221ac93e4,https://nasregion.cz/brnensky-spolek-chce-treti-referendum-o-poloze-nadrazi-zatim-ma-jen-zlomek-potrebnych-podpisu-445830/,B3! referendum – Náš REGION / ČTK 3. 9. 2026,2026-09-19T19:17:42Z,dd7278c786e3104820fa6a30e35c7bae543a5d86295d49c494cd7e06d56f20d0,zdroje/4c041d7221ac93e4.html,texty/4c041d7221ac93e4.txt,text/html; charset=UTF-8,397f71635e3318bcd67e139252c13cccebee077d70771d6bb7b7f06498304beb
4f2c8c632977b12b,https://apl.brno.cz/protokoly-zmb/zmb-z9-28/20250909-30-45337.html,Z9/28,2026-09-18T13:44:18Z,b66eab06fd2d3b07b68d56b5f7fc31e632acc35d9b1d47880431c501c04582c6,zdroje/4f2c8c632977b12b.html,texty/4f2c8c632977b12b.txt,text/html,eacf3a24e9568566e82a107204e285508a1b45a3f0e2c1d2394a0cf281184aa2
5097c0bac5a5fffc,https://www.brno.cz/documents/20121/16016204/Materi%C3%A1l_12-12.pdf/388b1112-d338-848e-b321-476aa0e2b36b?t=1789135433390,"Z9/37 Koncesní řízení ""Fotbalový stadion v Brně"" - návrh dalšího postupu (PDF, 9 MB)",2026-09-18T13:59:06Z,c1221f147385f8b1de105d21073b5c818a69add8ab6cb75c0878afcca19261d2,zdroje/5097c0bac5a5fffc.pdf,texty/5097c0bac5a5fffc.txt,application/pdf,f7a57369d91764be789d113093057be87518ac3ebf48c61ea39b385f76fda417
51e4b76cc1f5ba4c,https://apl.brno.cz/protokoly-zmb/zmb-z9-25/20250325-57-36378.html,Z9/25,2026-09-18T13:42:32Z,e21c0c4b85e66400246c42a8951c5d612d60490477d222d16963f75e91c3b3e5,zdroje/51e4b76cc1f5ba4c.html,texty/51e4b76cc1f5ba4c.txt,text/html,a9edb634c2811f26ae06f2b9b3dad0384aa06c7504ec6f3d8d4df8b355e37c87
52f247a38ab38f70,https://www.brno.cz/documents/20121/12812546/Materi%C3%A1l_31-31.pdf/db559354-26cf-dbcf-c3c2-83ba3a48a41b?t=1757037880620,"Z9/28 Aktualizace očekávaného plnění rozpočtu příjmů a čerpání rozpočtu kapitálových výdajů Fondu bytové výstavby v roce 2025, návrh na převod finančních prostředků do Fondu bytové výstavby, návrh rozpočtového opatření (PDF, 375 kB)",2026-09-18T13:53:15Z,65c56df6708766dc209273539b45c44781e077f78b2aeb2de2f33483c7291f16,zdroje/52f247a38ab38f70.pdf,texty/52f247a38ab38f70.txt,application/pdf,8eca7d78d7fa1a3988115a39be8cddbafadba53620eb3628797ad5875f3ac8d0
54680ebc827751f8,https://www.brno.cz/documents/20121/16016204/Materi%C3%A1l_123-123.pdf/86216dca-867f-9607-b3a3-0441165bb8cd?t=1789135033401,"Z9/37 Návrh úvěrové smlouvy pro financování realizace projektu ""Družstevní bydlení pro mladé"" lokalita Kamenný vrch II (PDF, 641 kB)",2026-09-18T13:59:39Z,551f0e42688fd7fb14421f46fc11074993535309c16b6a210f2b14304cdf11c6,zdroje/54680ebc827751f8.pdf,texty/54680ebc827751f8.txt,application/pdf,13f2ab4d5a85662c83bdc883af767d346741b79379bd98e3e04775f60a7b98dc
56cbbde5c86fe0d9,https://cosedeje.brno.cz/documents/317111/791499/BM_1611.pdf/f9438975-f5a9-7687-9ef6-4c37afa92cf1?t=1671363846897,Metropolitan listopad 2016: Říha a MHD,2026-09-20T06:48:54Z,fabc6190bf05cefa900fdaa1ec6a8a0ee82031b46758146b9395895e19194750,zdroje/56cbbde5c86fe0d9.pdf,texty/56cbbde5c86fe0d9.txt,application/pdf,2e28eb517120596d2290093d579bd2c2c423ee72610e230586c3312f92ede4ad
597f2a8effabe498,https://www.brno.cz/documents/20121/15320598/Z9-36-Z-U-P2.pdf/e8b26311-764b-bcd7-34fc-8ff33387421e,"Z9/36 Zápis ze ZMB včetně usnesení Z9/36 Zápis ze ZMB včetně usnesení Z9/36 (PDF, 1 MB)",2026-09-18T13:35:32Z,3fa4c3e8ae3920dbe4985b330d0c53132313d3a5e14dca3c636afb44030df2cc,zdroje/597f2a8effabe498.pdf,texty/597f2a8effabe498.txt,application/pdf,3e3d75dc09f67e46ee67af38fce247dd1ea7df2e9cbc61d0196d4a10dbab695a
59fcdbaec883f68a,https://apl.brno.cz/protokoly-zmb/zmb-z9-36/20260623-71-58488.html,Z9/36,2026-09-18T13:47:12Z,f456241911fac86bd8cb66d9c7b431564dcf8329fe8c06bfe129dc6a7c59331f,zdroje/59fcdbaec883f68a.html,texty/59fcdbaec883f68a.txt,text/html,4bb17853096e1ee71cdeef2c207689632e87f1e2f499a77647577085df7dc76c
5b724c61b2098d0b,https://cosedeje.brno.cz/w/86-tisic-brnanu-vyuziva-sluzeb-brno-id,Tomáš Koláčný: doložená dřívější výkonná funkce,2026-09-20T13:49:48Z,a1999906e19d1d82d8b80cced7d2fc029e59a9f37e74d1b0f266f4e2aec4a8a3,zdroje/5b724c61b2098d0b.html,texty/5b724c61b2098d0b.txt,text/html;charset=UTF-8,c201df89138e619fcb11e7dc12746ba0bd0acf4fa8ebbd65913bc8fb78abb531
5c5302858902999b,https://www.brnonejlepsiadresa.cz/cs/bydlet-v-sbrnes-bez-dedictvi-po-tete,"Program ODS, TOP 09 a nezávislí – kapitola",2026-09-19T19:04:21Z,a66834127ec4c01a378c9b8facb653de033cfded76e261ee1594d4081a39c262,zdroje/5c5302858902999b.html,texty/5c5302858902999b.txt,text/html; charset=UTF-8,1cd262691f1b2f31ddfc469413ce4d5044b9710d4648a3f2b6d3ba024f50b7ea
60525dcd1db4fd54,https://www.brno.cz/w/petr-borecky,Ing. arch. Petr Bořecký,2026-09-18T13:34:49Z,982522ad2bc7119e4adc208af8476f8aae0481bba3dc53398bc491681f09cd70,zdroje/60525dcd1db4fd54.html,texty/60525dcd1db4fd54.txt,text/html;charset=UTF-8,dd04038375769f972fd959a4f4cb867d410f5249727018af19f7874770a2edb3
64a4f89ad9c902ce,https://apl.brno.cz/protokoly-zmb/zmb-z9-08/20230620-94-38788.html,Z9/08,2026-09-18T13:37:20Z,5b58e8fd8f967145b4c4dd48d2914ac81e4ed6089c3bad0a771eadbf267a86a3,zdroje/64a4f89ad9c902ce.html,texty/64a4f89ad9c902ce.txt,text/html,b65f049be8797d1fe6ef9bfe025c553f427631cef5a99d6653c4ad03b0b34bd5
67608a0aa50e0c9a,https://cobude.brno.cz/zastupci-mesta-podepsali-smlouvu-se-zhotovitelem-353-bytu-na-kamennem-vrchu/,2026-07-15 Zástupci města podepsali smlouvu se zhotovitelem 353 bytů na Kamenném vrchu,2026-09-18T13:49:08Z,74f5299d59a255260fe10dca174cfab778bae9c80795c6a3e4e7174b9f50257c,zdroje/67608a0aa50e0c9a.html,texty/67608a0aa50e0c9a.txt,text/html; charset=UTF-8,8ca90135bbb150fa5bd21190ac7df4e9f58ac507503b362b38a88921aa51bc46
67c597f38cf2997b,https://www.brno.cz/w/statut-mesta-brna-3049,Statut – dokumenty,2026-09-20T06:46:36Z,f689b0e714a1bfa5569fcbfe784fdf0a5470f1be65c29d1a3117b05ee7b84c8f,zdroje/67c597f38cf2997b.html,texty/67c597f38cf2997b.txt,text/html;charset=UTF-8,b5aad57dea2986e476dc55c6997d76a564992bd52eb2186c36d5a3462b2b61be
6dee5553d4c4aded,https://urbancentrum.brno.cz/udalosti/urbanisticko-architektonicka-projektova-soutez-o-navrh-nove-zakladni-a-materske-skoly-na-sadove-ma-sve-zadani/,Sedláček – soutěž na školu Sadová,2026-09-20T07:17:34Z,14cfbd59bfad5505e316b063d830fc71f8dd1dda904538a06d04d09a5894b2b4,zdroje/6dee5553d4c4aded.html,texty/6dee5553d4c4aded.txt,text/html; charset=UTF-8,0fac7da3260cd266fd765e79004a7c37d33d3c78e2413fe4dd412110a924cafc
70d6a4c7a2415dca,https://www.brnonejlepsiadresa.cz/cs/sbrnos-jako-krizovatka-ne-konecna,"Program ODS, TOP 09 a nezávislí – kapitola",2026-09-19T19:04:20Z,a67ddfad585502b671690cbbc904d4c3be5a2f10cbddeaf41805d18d07d53647,zdroje/70d6a4c7a2415dca.html,texty/70d6a4c7a2415dca.txt,text/html; charset=UTF-8,4104e3aa67347e40f5e6b76d605a4a777823c8ce916b744f45eca28fcca7b8e8
73b68b4ff9d559e8,https://volby.gov.cz/opendata/kv2026/KV2026reg20260915_csv.zip,,2026-09-19T19:01:26Z,cc1860670dfdcbc58a62492329510104e32a9abb3f5bc7238e0291948708e4b0,zdroje/73b68b4ff9d559e8.bin,,application/zip,
745504fac9517dc9,https://motoristesobe.cz/motoriste-sobe-predstavili-lidry-pro-prahu-brno-a-ostravu-9573,"Motoristé sobě představili lídry pro Prahu, Brno a Ostravu - Motoristé sobě",2026-09-19T19:02:41Z,c7e89a3f8de938a1b3926fbe75d53c2d3b5e27e89621085865689b42bac38af1,zdroje/745504fac9517dc9.html,texty/745504fac9517dc9.txt,text/html; charset=UTF-8,2c4f6ab9e1e8e7b78f78dc6199468ec7e59bf13f32bc06d0ba178e1a69bd1de3
75e78575bcb4f7b3,https://brnonaplno.cz/assets/index-BE4L-4Vz.js,,2026-09-19T19:03:02Z,cfe3381f07ee14cf4adabbbde064ae948710000d1d78b3c74edba03107f480b0,zdroje/75e78575bcb4f7b3.bin,,application/javascript,
7a2e7987609bcbd0,https://www.brno.cz/documents/20121/11104225/Z9-19-Z+U_P2.pdf/e761437c-4849-c81a-05e6-724b385ae357,"Z9/19 Zápis ze ZMB včetně usnesení Z9/19 Zápis ze ZMB včetně usnesení Z9/19 (PDF, 1 MB)",2026-09-18T13:35:30Z,d338c0d9394f247af36ec97373d26fa52ed31010a0967d50de184014f131bc49,zdroje/7a2e7987609bcbd0.pdf,texty/7a2e7987609bcbd0.txt,application/pdf,4609506cdf5789a769556e4b1e8d8b5cc3da9aa59ce555b6d3fe860c86735645
7a6b0de97db9da61,https://www.zelenebrno.cz/program/,Zelené Brno – Program,2026-09-19T19:00:12Z,a0592d595868bf21cf681af2ef0fada39cf621af0ba1cc3252d9cacc06b5fa02,zdroje/7a6b0de97db9da61.html,texty/7a6b0de97db9da61.txt,text/html; charset=utf-8,0a5af30f0a31472e061db0944e66eb0dbbed0f86e6591cb134fadc0d5548d90c
7ac680d41d8d0dd0,https://www.brno.cz/documents/20121/12942743/Z9-28-Z+U_P1.pdf/1ff9cbf0-339c-131f-c2f5-f82eb5b5f04f,"Z9/28 Zápis ze ZMB včetně usnesení Z9/28 Zápis ze ZMB včetně usnesení Z9/28 (PDF, 1 MB)",2026-09-18T13:35:31Z,5fe5423f93470cb1e2e47a0736cfb2e12879f634f9bece6b87d4debd7089f29b,zdroje/7ac680d41d8d0dd0.pdf,texty/7ac680d41d8d0dd0.txt,application/pdf,d48d71231f21a18ee1b26184c7072636498c3ba338934510296a42387c8c6f00
7d82ad28badf0f86,https://apl.brno.cz/protokoly-zmb/zmb-z9-36/20260623-9-54815.html,Z9/36,2026-09-18T13:46:49Z,c303de942f25ecdc89cbeb0727ce1b8f70a459a8798864192eb87b00c0fe0554,zdroje/7d82ad28badf0f86.html,texty/7d82ad28badf0f86.txt,text/html,3835557379528bb41a232fc18afd07f230e79dd59300679d1d42e3b1d10bb81a
7ebec469c9c23f69,https://www.brno.cz/documents/20121/10640999/Z9-17-Z+U_P1.pdf/eab14862-7659-fe8b-2a00-e556d75d1bac,"Z9/17 Zápis ze ZMB včetně usnesení Z9/17 Zápis ze ZMB včetně usnesení Z9/17 (PDF, 883 kB)",2026-09-18T13:35:30Z,ae471cbdaa4fdf04d79d2aef6f84f0c5b9632c5c50f3b03af6cacbf3b1bda469,zdroje/7ebec469c9c23f69.pdf,texty/7ebec469c9c23f69.txt,application/pdf,aa599b21814f07000ccb0a81e587634a0454200c6dee07dff0d651f66cb342bd
8139e8a40182fbf7,https://www.brno.cz/w/tomas-aberl,Bc. Tomáš Aberl,2026-09-18T13:34:49Z,f962b4b90fbf1b5eda6e73e34bc925c2be07fa9cda772db00762f4d4d3b988dc,zdroje/8139e8a40182fbf7.html,texty/8139e8a40182fbf7.txt,text/html;charset=UTF-8,681daa0056ffe5bed1dd9ba6fa5e2910c50acf7256129e523266bb755d3ab8a2
822e974afd12198b,https://cobude.brno.cz/jak-to-aktualne-vypada-na-stavenisti-janackova-kulturniho-centra/,2026-03-06 Jak to aktuálně vypadá na staveništi Janáčkova kulturního centra?,2026-09-18T13:49:11Z,b446e7322cf12e042564d973f765e31079bcd438dd63e7310b7232535dccc6c3,zdroje/822e974afd12198b.html,texty/822e974afd12198b.txt,text/html; charset=UTF-8,39d1922c3367d38502c801ca2c9698b87bdf144a6f01a9d3c1972ca9ab757d69
872e26913ac813b8,https://apl.brno.cz/protokoly-zmb/zmb-z9-32/20260120-36-34926.html,Z9/32,2026-09-18T13:45:33Z,048d5ed56c3598029c7af512a7fb85057dc7edc74c3bec461b45685a5194806d,zdroje/872e26913ac813b8.html,texty/872e26913ac813b8.txt,text/html,10856237997e724fff1375bcfa233983515e3366ab06260074418aa38023ede8
88da08b32dbbccce,https://www.sako.cz/sako-brno-vybira-zhotovitele-modernizace-zevo-nove-zarizeni-snizi-emise-vyuzije-zeleznicni-dopravu,SAKO Brno vybírá zhotovitele modernizace ZEVO. Nové zařízení sníží emise a využije železniční dopravu | SAKO Brno,2026-09-18T13:50:17Z,608761f40aad8ef50974e6a372666f881bcd8a5e20e0eb660b72d8cafa1c6074,zdroje/88da08b32dbbccce.html,texty/88da08b32dbbccce.txt,text/html; charset=UTF-8,4ea30582428da76e83ecd66df833c59976ab0b03af6d3d57eb141a567f6262ea
8b2034d2529405ca,https://www.brno.cz/documents/20121/7622113/Z9-11-Z+U_P1.pdf/56269500-1841-fa41-5ea8-b1c8539899c5,"Z9/11 Zápis ze ZMB včetně usnesení Z9/11 Zápis ze ZMB včetně usnesení Z9/11 (PDF, 558 kB)",2026-09-18T13:35:29Z,c5d8d1e111044704b9af33487df84fb3e0cdd99f48a340872f3f7410b8075287,zdroje/8b2034d2529405ca.pdf,texty/8b2034d2529405ca.txt,application/pdf,fcb2a5c5be53fccf1ae95ed8474222f9c7ed4f72624ed31ae4a428fa08e72fa8
911b21fa5dc6974d,https://www.restartprobrno.cz/volebni-program-doprava/,Volební program – DOPRAVA – RESTART PRO BRNO,2026-09-19T19:02:44Z,5230026e11e36fbea57f71ce8da28a40ab470ba10e6a976400b303dba95c4ee0,zdroje/911b21fa5dc6974d.html,texty/911b21fa5dc6974d.txt,text/html; charset=UTF-8,2d68784461b594a84e82e23f00202b97f5176cba763234c27f1d24e1b7260c7d
92070caf8da6904e,https://www.brno.cz/documents/20121/15383482/Statut města Brna červen 2026.pdf/d7c7e8fa-c86d-0554-575d-f68e95199b8e,Statut města Brna – červen 2026,2026-09-20T06:47:25Z,f3b9604c50f8c1c34228aaa18fe52932a97305b9511a1a1db139fca8dc277d54,zdroje/92070caf8da6904e.pdf,texty/92070caf8da6904e.txt,application/pdf,2ebd9e1d4d5ab7d516fa658a02fae8e1907e810d7b4c37491e336831214757fd
950f39946cb6bdf8,https://www.spravazeleznic.cz/-/nove-hlavni-nadrazi-v-brne-ma-schvaleny-zamer-projektu,SŽ: železniční uzel – investor a termíny,2026-09-20T06:46:37Z,bd75b6714e180c870691e20c507d42f0cc3bfec1c63bf5407b241171d252c7eb,zdroje/950f39946cb6bdf8.html,texty/950f39946cb6bdf8.txt,text/html;charset=UTF-8,6474e40dbf01793fb8e26fc04db3d982c726df4adc25c1f29b903c46e71303a6
96ab5768e37aec62,https://cosedeje.brno.cz/w/vedeni-statutarniho-mesta-brna-pro-volebni-obdobi-2014-2018,"Vedení města 2014: Vokřál, Liptáková, Tomáš Kratochvíl",2026-09-20T06:48:54Z,96cd6c686481c3fb563b4a385458b924dfd243f0759f28f20d5ceaed9cf958c1,zdroje/96ab5768e37aec62.html,texty/96ab5768e37aec62.txt,text/html;charset=UTF-8,5177e7014035a36c38c2779381e8de2272e992475a05d964b0d05aedcfac659f
97148bdb758b26f3,https://apl.brno.cz/protokoly-zmb/zmb-z9-25/20250325-76-41086.html,Z9/25,2026-09-18T13:42:34Z,a69e1b02c2f1b90ff7af1ddb202c1afa3e431e2d90c7a86e79c4f13b847652fe,zdroje/97148bdb758b26f3.html,texty/97148bdb758b26f3.txt,text/html,c3942642ec32a65fcbb00fc3e176e34fb3960baa57d2c5ac106155afb23a648c
9a491c6387510a0d,https://apl.brno.cz/protokoly-zmb/zmb-z9-35/20260519-10-33804.html,Z9/35,2026-09-18T13:50:30Z,6b62431dede5283f33025deadf692b3000b97890403a10be964ca0d77806135b,zdroje/9a491c6387510a0d.html,texty/9a491c6387510a0d.txt,text/html,6ca029cf13124ff414d79a05dbd0b30da98900ed81c7d0029eb8bd77660a4088
9ab34d056564ca37,https://www.brno.cz/zastupitelstvo-mesta-brna,Zastupitelstvo města Brna - Brno,2026-09-18T13:33:31Z,5a896920847876b1b2a41f277b8d264b35491ec8ce54cf705b52c94083624301,zdroje/9ab34d056564ca37.html,texty/9ab34d056564ca37.txt,text/html;charset=UTF-8,f1f3b7897e474af736358d304ddfa7c3b53da76116216fbc59e7f9ecc664be6d
9d37f12bf9c84ce4,https://www.zelenebrno.cz/program/bezpecna-doprava/,Zelené Brno – Bezpečná doprava,2026-09-19T19:03:00Z,03e55efac4ea29d0efe5042b49e7d903ee2571ae49555f148ce9febb3518c8d3,zdroje/9d37f12bf9c84ce4.html,texty/9d37f12bf9c84ce4.txt,text/html; charset=utf-8,82fda8c622b81bcb5cf7c084f3f1862698e99453d5775a2914f4030d4e2a1838
9f15c393436e0c6f,https://mv.gov.cz/volby-referenda/z-rozhodnuti-zastupitelstva,MV: vyhlášení referenda,2026-09-20T06:46:02Z,a225f7733a490ef148fe5828035dd0d999971d60c13fdf410461360754a84f1c,zdroje/9f15c393436e0c6f.html,texty/9f15c393436e0c6f.txt,text/html; charset=utf-8,caaf27035035736563a2d7a8dc6fc2d44047ebeb18ba8d320f5d6c13247ef192
a04e20e4eb5af420,https://apl.brno.cz/protokoly-zmb/zmb-z9-31/20251210-22-33889.html,Z9/31,2026-09-18T13:44:49Z,ea72d3b1db2e7263c6e0e3eed0f9738f630c17a1246be8cefabefdbdad7ab863,zdroje/a04e20e4eb5af420.html,texty/a04e20e4eb5af420.txt,text/html,af04f201da684c8a8601195626b4b052276c9711846df6cf31b619bd541eaf1b
a19e254790b698b5,https://mv.gov.cz/volby-referenda/o-cem-lze-a-nelze-hlasovat,MV: meze místního referenda,2026-09-20T06:46:02Z,54795e34620b6767546a1536ed3b5514ea18d2ee53c2123f7205d6c3fe869e9e,zdroje/a19e254790b698b5.html,texty/a19e254790b698b5.txt,text/html; charset=utf-8,18222eb06a6254b79251511e20dc744d706f103fc0d457192bb9be9d1c3da61f
a5c21a6ba96acdd7,https://www.brnoblizlidem.cz/plan-pro-brno/,Plán pro Brno - brnoblizlidem.cz,2026-09-19T19:01:26Z,333f8aade577c59c3f8f9a9524421f2fab707c6b9a8023c4825a5df7385ff6cb,zdroje/a5c21a6ba96acdd7.html,texty/a5c21a6ba96acdd7.txt,text/html; charset=UTF-8,d6e87f76d0bce96342d3a18fbf945aedf4fd76ddd53e18b0c0ee396d0376ba5a
ac3bdecd898a2937,https://www.brnonejlepsiadresa.cz/,Brno - nejlepší adresa,2026-09-19T19:01:26Z,a939b62d88217a89c90a87ecf3a66d1ad22ba8c6550a3be3d2d4ec9a574e0019,zdroje/ac3bdecd898a2937.html,texty/ac3bdecd898a2937.txt,text/html; charset=UTF-8,66c6127ee768c157e39158a50044288d7859271fd0647058948393c44ed5e0ea
aeee21aca2ee1a98,https://www.brno.cz/documents/20121/10826951/Z9-18-Z+U_P3.pdf/c71d73bb-605d-b48f-b1c4-481a699d0f3a,"Z9/18 Zápis ze ZMB včetně usnesení Z9/18 Z9-18-Z+U_P3.pdf (PDF, 1 MB)",2026-09-18T13:35:30Z,c9790ca105ab2251b880b9b49cf2253b464eb9b69e5e40058510b2e6f7a0c801,zdroje/aeee21aca2ee1a98.pdf,texty/aeee21aca2ee1a98.txt,application/pdf,50f293647016e3a4adb23df44a691253f04f66a01f9f783859866963b1b88244
b0503cb33c1f2db4,https://apl.brno.cz/protokoly-zmb/zmb-z9-22/20241210-34-37245.html,Z9/22,2026-09-18T13:41:18Z,d61dea294cf1f12565e6b2f1a329836ffa7ecf9cd8e548d7a6e05426ecaf8720,zdroje/b0503cb33c1f2db4.html,texty/b0503cb33c1f2db4.txt,text/html,59e46724b8127896d02080d46e98763a62f993639ad65f7afbd1ae05b85a31ba
b0b7232944a526b8,https://www.metro.cz/kraje/jihomoravsky-kraj/spd-se-chce-v-brne-zamerit-na-bezpecnost-ci-reseni-bezdomovectvi.A260831_181618_metro-brno-zpravy_air,SPD se chce v Brně zaměřit na bezpečnost či řešení bezdomovectví - Metro.cz,2026-09-19T19:02:43Z,96a0a6c961884b6264db152c4f0b5d10d6e8a787000eeda96af9ea3b59cc9d39,zdroje/b0b7232944a526b8.html,texty/b0b7232944a526b8.txt,text/html; charset=windows-1250,61e3a4297104fafcd63b4b77f9f43e07a07c1b9d44e0b2e357aaf41a6fb845c6
b1601a4c78eb08d6,https://www.zelenebrno.cz/program/otevrena-radnice-a-dobre-hospodareni/,Zelené Brno – Otevřená radnice a dobré hospodaření,2026-09-19T19:03:01Z,4d65e7deea8c7433800185083f9fcaa7104f3c20fca85af6a9cd5de4616b40b6,zdroje/b1601a4c78eb08d6.html,texty/b1601a4c78eb08d6.txt,text/html; charset=utf-8,2247d20ecabdc60a11ac6398536c782e0a158fd547da6b1a63f754a0742cb85f
b31cfa08ef916f6b,https://prisaha.cz/wp-content/uploads/2026/09/Volebni_program_Prisaha_Brno_TEMATA_CELISTVA-1.pdf,,2026-09-19T19:01:28Z,dc01c5407935956c3e50f11dd3576e943eb72323742cbae00fe0ef7f6477c79b,zdroje/b31cfa08ef916f6b.pdf,texty/b31cfa08ef916f6b.txt,application/pdf,ac204681a9d69456c32a1c738050d75e4b74933e9ea1e93ccf257719ce5541af
b5f85df141956675,https://apl.brno.cz/protokoly-zmb/zmb-z9-36/20260623-73-58687.html,Z9/36,2026-09-18T13:47:12Z,8e327a686bf30f222a3116c60d0d8e13c9d1ae19fe71918e663bfaff0b70236a,zdroje/b5f85df141956675.html,texty/b5f85df141956675.txt,text/html,53b85b8626fbe9488249de106b66f2f611f9624d785088b5d317753e2c4711c6
b84d55484f37f5a3,https://www.janajanulikova.cz/l/jdu-s-kuzi-na-trh/,Janulíková: vstup do politiky,2026-09-20T06:48:54Z,2600fac00d2a40824b5b924e23995197b4c23340a953e99ac360e85df24c3070,zdroje/b84d55484f37f5a3.html,texty/b84d55484f37f5a3.txt,text/html; charset=UTF-8,5487731b4fac488fb099372349683af0e2c9393cefdcd19cacde6f44daf882df
bc367294a3a2b4cb,https://www.brnoklidem.cz/program/,Program - Brnoklidem,2026-09-19T19:00:31Z,0a126cc70af2b3782664c69264e2027e3a4721513f7e4ffe03717b20d0ac7351,zdroje/bc367294a3a2b4cb.html,texty/bc367294a3a2b4cb.txt,text/html; charset=UTF-8,c4d8e902a9fef4ed7db31310c20d68b9188f450477bcc34567809f541ceca575
bcabc7c6ac31af4e,https://www.brno.cz/documents/20121/13766673/Materi%C3%A1l_104.pdf/13a61146-2b9b-e858-5eed-91fc914a5c61?t=1768528972847,"Z9/32 Informativní zpráva o projektech bytové výstavby statutárního města Brna (PDF, 417 kB)",2026-09-18T13:56:17Z,afd74409513abbc83c668afd8c1bb920ea549a2e0792be9e114f8c3a66c6ab25,zdroje/bcabc7c6ac31af4e.pdf,texty/bcabc7c6ac31af4e.txt,application/pdf,81cf70fe2e3abd5c07e3f72574d157a2e9096540f0fe294740268d8553b86d19
be8083cfb4f00a99,https://www.brno.cz/documents/20121/13566120/Z9-31-Z+U_P1.pdf/8b5e917f-4bec-2ce3-66e7-17ae3b0f1f21,"Z9/31 Zápis ze ZMB včetně usnesení Z9/31 Zápis ze ZMB včetně usnesení Z9/31 (PDF, 905 kB)",2026-09-18T13:35:32Z,cbdb160beb93edee2472fb37d8af66baa76240e1e2aa7558ec4e85d4b0a7298b,zdroje/be8083cfb4f00a99.pdf,texty/be8083cfb4f00a99.txt,application/pdf,f37bf6241190540864e627b9754e8d66f3e72e349e90908267240f01ebb589d7
bf1d0a52917d5107,https://apl.brno.cz/protokoly-zmb/zmb-z9-19/20240910-6-31417.html,Z9/19,2026-09-18T13:40:59Z,064b661cf44e95601d87f267a136d9fb8fb7c65aae1b02a13045b527a5d7601d,zdroje/bf1d0a52917d5107.html,texty/bf1d0a52917d5107.txt,text/html,cebca05e070e422f4eac62e0701d799a62aac31a30c935a2b898c34a86e870e9
bf1d45a61931b218,https://www.za-luzanky.cz/program,Program | Za Lužánky,2026-09-19T19:01:27Z,eb9ce44da6ae2e74d7d4a361718003382973d53d80cd8ac34ae033c988841f04,zdroje/bf1d45a61931b218.html,texty/bf1d45a61931b218.txt,text/html,9f3b50c0ad93de41acf4bee447a5d9ad17f0ac1da67ebefe2e9aaa7bfbc3cbef
cad8eb04b0609826,https://www.sako.cz/sako-brno-uzavrelo-smlouvu-na-projekt-modernizace-zevo-spolecnosti-sako-brno,SAKO Brno uzavřelo smlouvu na projekt „Modernizace ZEVO společnosti SAKO Brno“ | SAKO Brno,2026-09-18T13:54:54Z,cda70ffb835ebc14bf02e1b5f13bb09cb8a602b451721728bdc16e92b84c7114,zdroje/cad8eb04b0609826.html,texty/cad8eb04b0609826.txt,text/html; charset=UTF-8,bd5e7eb171bd96c237b727c852d8ebdc640badf1c26609dd58ad611daa35ac27
cfa5c2b525403a11,https://apl.brno.cz/protokoly-zmb/zmb-z9-17/20240514-60-36323.html,Z9/17,2026-09-18T13:40:09Z,e72b4f601a28f44a3c27da149786863f2c77956fbe1a1f735714766592207371,zdroje/cfa5c2b525403a11.html,texty/cfa5c2b525403a11.txt,text/html,53fcde9f5581c25be5db20e7de8dabab18e7e558a0110c96a8537100fd4569b6
d4184f30d47e2a2e,https://apl.brno.cz/protokoly-zmb/zmb-z9-19/20240910-5-31359.html,Z9/19,2026-09-18T13:40:59Z,3e5c88c14846647ab085a69e7bf394362e3d5b549190f990c2973b0464925011,zdroje/d4184f30d47e2a2e.html,texty/d4184f30d47e2a2e.txt,text/html,fec9d05f151d5a0e57a300c673e0e1005520172a1320937cc5196d02fa840fb7
d4b6a96177052aff,https://cosedeje.brno.cz/w/t-arena-se-poprve-predstavi-verejnosti-na-konci-zari-nabidne-prohlidky-i-vikendovy-program,2026-09-10 T ARENA se poprvé představí veřejnosti. Na konci září nabídne prohlídky i víkendový program,2026-09-18T14:24:02Z,edb2ee9a17908e391abe727481f690a1eec12103e0e394a7b2abac84b4bac74e,zdroje/d4b6a96177052aff.html,texty/d4b6a96177052aff.txt,text/html;charset=UTF-8,fe4ae3ef01c83958fd9bba5764e363e43249ebe50d0ff4678bd2bfcbbe74ffce
d6efb7962e54bb80,https://apl.brno.cz/protokoly-zmb/zmb-z9-20/20241015-40-36562.html,Z9/20,2026-09-18T13:40:14Z,7eb9833e48c377b1aacb73c57e196c4edbd7a0e75766a17ce06e115422c2db29,zdroje/d6efb7962e54bb80.html,texty/d6efb7962e54bb80.txt,text/html,2432bf65394acda1a6e810d6f8ba5a00b68cf56a1ec6c7c20edbf414a2af5091
d719a868b3bfdf9b,https://dsz321.webnode.cz/news/prohlaseni-dsz-za-prava-zvirat-k-volbam-do-zastupitelstev-obci-se-seznamem-mist-na-kterych-podala-kandidatky/,"Prohlášení DSZ - ZA PRÁVA ZVÍŘAT k volbám do zastupitelstev obcí - se seznamem míst, na kterých podala kandidátky :: DSZ",2026-09-19T19:07:28Z,da9c8316d3e26083e3f9c91b04d0e5264ffb2f2e2a28ab9308f5dbe2db9aac8f,zdroje/d719a868b3bfdf9b.html,texty/d719a868b3bfdf9b.txt,text/html; charset=UTF-8,5a3f0b6fef154760b0dfe33a672e6ea8f48f927d161dd1bf3b5a96848fc7183f
e13ec4718d18eb51,https://brno.rozhlas.cz/brno-ma-koalici-velkou-ale-mensi-nez-sama-sebe-puvodne-planovala-8851575,Koalice 2022 a rozdělení odpovědnosti,2026-09-20T13:49:23Z,90e4ba1c1236a7b6432e7a1f1385570da7822c638e6e7e4503a823aacf461a51,zdroje/e13ec4718d18eb51.html,texty/e13ec4718d18eb51.txt,text/html; charset=utf-8,2fa949a98e59b4a813ad3cf39378ee64f4bbf2dc51b61320a1c0178d39127c66
e361ef775f79a891,https://www.metro.cz/kraje/jihomoravsky-kraj/lidri-v-brne-chteji-stavet-byty-podporuji-i-novy-fotbalovy-stadion-za-luzankami.A260912_073146_metro-brno-zpravy_air,ČTK: lídři o prioritách a spolupráci 12. září,2026-09-20T06:48:54Z,45eec578a905954b4d5c9f81850d5b282ba5705901cafd4834b51be476f8cadd,zdroje/e361ef775f79a891.html,texty/e361ef775f79a891.txt,text/html; charset=windows-1250,3e374653fdc1213917a46a923766cc670842d3a5ba72ddd4a2fafc97d17c89d4
e4f8e48e77fd9841,https://mv.gov.cz/organy-obce-a-jejich-kompetence,MV: pravomoci orgánů obce,2026-09-20T06:46:02Z,2c138df2f83146724851e3561084fff83ee2815c715486c3445ca477021e638c,zdroje/e4f8e48e77fd9841.html,texty/e4f8e48e77fd9841.txt,text/html; charset=utf-8,8d573fa90d190e95a812c3bff991ba25b818d1738b9671b45e35d6cd828d1eb4
e86b900dd8d395d8,https://www.brnonejlepsiadresa.cz/cs/ssports-neni-jen-stadion,"Program ODS, TOP 09 a nezávislí – kapitola",2026-09-19T19:04:24Z,03b4e23774830314cc8e6ab3c8c164d6bd21c9fca8d84f59afe186bed064be11,zdroje/e86b900dd8d395d8.html,texty/e86b900dd8d395d8.txt,text/html; charset=UTF-8,0fb5126a364f1d10caa27316e81877135119079452a3d75a111974c6ea15e91d
e988b29ad183637c,https://www.brno.cz/documents/20121/12091439/Z9-25-Z+U_P1.pdf/e7e7afaa-bfa6-cd18-56d2-18bde0e9532b,"Z9/25 Zápis ze ZMB včetně usnesení Z9/25 Zápis ze ZMB včetně usnesení Z9/25 (PDF, 765 kB)",2026-09-18T13:35:31Z,e0dcbf4e0d8500d6f2954c4ce4c073b27a1efdf62dd85d55ea1b2d0499ba7e39,zdroje/e988b29ad183637c.pdf,texty/e988b29ad183637c.txt,application/pdf,de897a8c6a21bd13efa7144576f77267be512dc26104a192b5633ae5e8b3ab16
ea6647a97f9c89d5,https://apl.brno.cz/protokoly-zmb/zmb-z9-18/20240618-115-53949.html,Z9/18,2026-09-18T13:40:59Z,9cf6ef36a635b3036dbba31ea984a871787c07a0bbd034cd9abe9fd5d7274908,zdroje/ea6647a97f9c89d5.html,texty/ea6647a97f9c89d5.txt,text/html,71fb6660c93346b1e8769aa73df39802a8d7fac788b79ec97aa63b69bf3c8e2f
ea80e5751d173075,https://www.brno.cz/documents/20121/12017662/Materi%C3%A1l_58-58.pdf/f54c7379-d914-4cf5-3840-243c4bca2a13?t=1742522509713,"Z9/25 Návrh prodeje pozemků p.č. 718, p.č. 720 jehož součástí je bytový dům Dornych 31 a p.č. 721 jehož součástí je bytový dům Dornych 29 vše v k.ú. Trnitá (PDF, 13 MB)",2026-09-18T13:51:54Z,5e93f36dc02079280808d42c63f7344baf89f49d34420041366dbd26601e0ea2,zdroje/ea80e5751d173075.pdf,texty/ea80e5751d173075.txt,application/pdf,4e99a4e2dfeac5f0f081c7e7ca30675e885f949c5ac6bdaa8fe2b493decbf877
ebf1698caaa4b1ce,https://www.brno.cz/w/mistni-poplatek-za-komunalni-odpad-v-brne,Odpad – sazba 2026,2026-09-20T06:46:36Z,48977e353f1b9d2947a0c82054894c830618e014b2277f61daf93eb5b46b88cb,zdroje/ebf1698caaa4b1ce.html,texty/ebf1698caaa4b1ce.txt,text/html;charset=UTF-8,69edea5d3899c062372272b11092905b3b79423fbc7ca59964c50e04807c36ae
ec4090e61b65ea5f,https://apl.brno.cz/protokoly-zmb/zmb-z9-09/20230905-16-33065.html,Z9/09,2026-09-18T13:37:23Z,d738edcf0d0888ef34cc313b9096f7342bc6848d30cedeeef172278467a64565,zdroje/ec4090e61b65ea5f.html,texty/ec4090e61b65ea5f.txt,text/html,e942380003d9ba3b3dfed2ff1643b3a061a32b4958dc0c3de8611077db0a12df
efe3592adc38d279,https://www.tubrno.cz/aktuality/plan-jak-posunout-brno/,"Plán, jak posunout Brno! - TU! Piráti a Fakt Brno",2026-09-19T19:00:12Z,c8e6166a570a437fb68d74f1d9411d3a1560639c6c0ad52f57a751d49ee52eff,zdroje/efe3592adc38d279.html,texty/efe3592adc38d279.txt,text/html; charset=UTF-8,b4a89020d8526dfe8afa873b3f80e1bd98bf5ca7bfc083fab2af77e5ab73efbc
f0cee87d68a4e999,https://apl.brno.cz/protokoly-zmb/zmb-z9-20/20241015-42-36619.html,Z9/20,2026-09-18T13:40:14Z,b4381c722905460a966e0ffc9d618c9f558ada744afbafddbd5f714d422d2819,zdroje/f0cee87d68a4e999.html,texty/f0cee87d68a4e999.txt,text/html,c91e604f25d8502116feaaa49b1e050f5b33a314ede5f553dc8a02bcca023a66
f1d03ce2b043c8d4,https://www.brnonejlepsiadresa.cz/cs/strom-neni-ideologie,"Program ODS, TOP 09 a nezávislí – kapitola",2026-09-19T19:04:21Z,10a54de84a02c0f2301f38c2be22ab988579c715ec31c909ac176429ef43d9fa,zdroje/f1d03ce2b043c8d4.html,texty/f1d03ce2b043c8d4.txt,text/html; charset=UTF-8,699710cc60ae884a44d67c084dd0e82b49646c78f65b838019176df2718707b9
f2d978b02f87f5fa,https://www.brno.cz/documents/20121/13851179/Z9-32-Z+U_P1.pdf/7ba79d55-7753-8632-95bf-58aa5f979a2e,"Z9/32 Zápis ze ZMB včetně usnesení Z9/32 Zápis ze ZMB včetně usnesení Z9/32 (PDF, 677 kB)",2026-09-18T13:35:32Z,4e60a44461e8b1ca8c2971167e81b3c1a3af620df9149f998148650141d17d90,zdroje/f2d978b02f87f5fa.pdf,texty/f2d978b02f87f5fa.txt,application/pdf,9e974062f2327dad519b63d9fb4fb16bae5b431ea405279d527f41919000025b
fc94fc9a8c92cc25,https://apl.brno.cz/protokoly-zmb/zmb-z9-25/20250325-75-41035.html,Z9/25,2026-09-18T13:42:34Z,7fe431688c3b2375cfe2dd0a6a4d6462d4d9900748214c482ee7f62bc8566883,zdroje/fc94fc9a8c92cc25.html,texty/fc94fc9a8c92cc25.txt,text/html,437d7602e7f661d09b7e923aab84da6919fee5f7f487c4c25e07e30a62676389
